"Site","Final_Event","Source_File","t0","t1","i_peak","t_peak","Q_peak","rising_time_h","recession_time_h","symmetry_index","RB_flashiness","peak_sharpness","baseflow_index","recession_k_per_h","n_peaks","VQ_m3","vQ_mm","Load_kg","Yield_kg_ha","duration_h","n_obs","mean_dt_s","HI_Lloyd_Index","Flushing_Index","Zuec_h","Zuec_class","Q_fixed_min","Q_fixed_max","t1_prev","dt_prev_event_h","dt_prev_event_d","Q_peak_prev","Load_kg_prev","VQ_m3_prev","prev_overlap_flag","n_events_prev_30d","n_events_prev_14d","n_events_prev_7d","QCI","Slope","DDI","CCI","SEI","LU_high","LU_mid","LU_low","LUSP","DI","SI","Sed_Risk_mean","Sed_Risk_weighted_mean","Sed_Risk_tail_2_5"
"Inanga",1,"Event_1.csv","2021-11-06 11:45:00","2021-11-07 05:45:00",23,"2021-11-06 17:15:00",1.01084694763252,5.5,12.5,0.305555555555556,0.0166070673469776,1.37608531158461,0.852099687570711,0.0596598070072987,2,48625.1972836564,1.46580485680166,8581.9344665151,2.58702111754712,18,72,912.676056338028,-0.475332994989349,0.447900605794299,-0.407505088146512,4,0.1,0.9,NA,NA,NA,NA,NA,NA,NA,0,0,0,0.478792557814908,0.610205978702001,0.952520993493428,0.199396278907454,0.873589045271236,44.1229667027685,37.9971500118731,17.8010877218963,-0.642362455612447,-0.970577068832654,-0.0530837873268322,1.7071957247829,0.976196869637614,0.0713120829249862
"Inanga",2,"Event_2.csv","2021-12-14 09:45:00","2021-12-16 04:15:00",87,"2021-12-15 07:30:00",9.13503023536683,21.75,20.75,0.511764705882353,0.0335819606498195,3.35769327508336,0.286429869402373,0.127722971919307,1,446028.593749782,13.4455162243752,313209.683923757,94.4169487302148,42.5,169,910.714285714286,-0.447023363612671,0.485953664046467,-0.39360459209966,4,0.1,0.95,"2021-11-07 05:45:00",892,37.1666666666667,1.01084694763252,8581.9344665151,48625.1972836564,FALSE,0,0,0,0.478792557814908,0.610205978702001,0.952520993493428,0.199396278907454,0.873589045271236,44.1229667027685,37.9971500118731,17.8010877218963,-0.642362455612447,-0.970577068832654,-0.0530837873268322,1.7071957247829,0.976196869637614,0.0713120829249862
"Inanga",3,"Event_3.csv","2022-02-06 10:15:00","2022-02-08 11:30:00",105,"2022-02-07 12:30:00",2.39495942089213,26.25,23,0.532994923857868,0.0168187169225341,2.32912681106462,0.57624121307494,0.113791581974338,2,193140.402231649,5.82221061200577,32589.1720025676,9.82399440393927,49.25,196,909.230769230769,-0.0304125499198095,0.999958794959914,-0.0306875234338942,3,0.1,0.95,"2021-12-16 04:15:00",1254,52.25,9.13503023536683,313209.683923757,446028.593749782,FALSE,0,0,0,0.478792557814908,0.610205978702001,0.952520993493428,0.199396278907454,0.873589045271236,44.1229667027685,37.9971500118731,17.8010877218963,-0.642362455612447,-0.970577068832654,-0.0530837873268322,1.7071957247829,0.976196869637614,0.0713120829249862
"Inanga",4,"Event_4.csv","2022-02-21 08:00:00","2022-02-22 12:15:00",14,"2022-02-21 11:15:00",1.1895839118815,3.25,25,0.115044247787611,0.015118802117686,1.3915656431039,0.757063722866883,0.0539459861508362,3,84498.3147354509,2.54719871691729,4848.10820808954,1.46146050909827,28.25,113,908.035714285714,-0.129567662488049,0.991486127129832,-0.100881651843585,3,0.2,0.95,"2022-02-08 11:30:00",308.5,12.8541666666667,2.39495942089213,32589.1720025676,193140.402231649,FALSE,1,1,0,0.478792557814908,0.610205978702001,0.952520993493428,0.199396278907454,0.873589045271236,44.1229667027685,37.9971500118731,17.8010877218963,-0.642362455612447,-0.970577068832654,-0.0530837873268322,1.7071957247829,0.976196869637614,0.0713120829249862
"Inanga",5,"Event_5.csv","2022-03-01 22:45:00","2022-03-02 16:00:00",27,"2022-03-02 05:30:00",0.973621592632599,6.75,10.5,0.391304347826087,0.02262779299681,1.22330989865739,0.812841161011871,0.107310911050465,2,45022.0954911479,1.35718948037038,3409.83348355855,1.02789310075766,17.25,69,913.235294117647,-0.631020708352759,0.620361315238802,-0.533310395466085,4,0.1,0.9,"2022-02-22 12:15:00",178.5,7.4375,1.1895839118815,4848.10820808954,84498.3147354509,FALSE,2,1,0,0.478792557814908,0.610205978702001,0.952520993493428,0.199396278907454,0.873589045271236,44.1229667027685,37.9971500118731,17.8010877218963,-0.642362455612447,-0.970577068832654,-0.0530837873268322,1.7071957247829,0.976196869637614,0.0713120829249862
"Inanga",6,"Event_6.csv","2022-03-21 05:00:00","2022-03-22 09:00:00",50,"2022-03-21 17:15:00",5.55084647596397,12.25,15.75,0.4375,0.0396057120714838,2.36170478226387,0.316450517076085,0.210569616609982,1,217990.398128424,6.5713128616996,54570.9946878545,16.4504070980583,28,112,908.108108108108,-0.199906635670698,0.990479692100515,-0.182441048739848,3,0.1,0.95,"2022-03-02 16:00:00",445,18.5416666666667,0.973621592632599,3409.83348355855,45022.0954911479,FALSE,2,0,0,0.478792557814908,0.610205978702001,0.952520993493428,0.199396278907454,0.873589045271236,44.1229667027685,37.9971500118731,17.8010877218963,-0.642362455612447,-0.970577068832654,-0.0530837873268322,1.7071957247829,0.976196869637614,0.0713120829249862
"Inanga",7,"Event_7.csv","2022-03-23 02:30:00","2022-03-24 09:30:00",62,"2022-03-23 17:45:00",3.88041542727388,15.25,15.75,0.491935483870968,0.0263540202549599,2.0032742880302,0.454829455420266,0.181966610997876,2,206454.239735944,6.22355577391059,35011.7824662066,10.5542894735974,31,124,907.317073170732,0.163345323936314,0.17871509811821,0.145002762717284,2,0.15,0.95,"2022-03-22 09:00:00",17.5,0.729166666666667,5.55084647596397,54570.9946878545,217990.398128424,FALSE,3,1,1,0.478792557814908,0.610205978702001,0.952520993493428,0.199396278907454,0.873589045271236,44.1229667027685,37.9971500118731,17.8010877218963,-0.642362455612447,-0.970577068832654,-0.0530837873268322,1.7071957247829,0.976196869637614,0.0713120829249862
"Inanga",8,"Event_8.csv","2022-04-01 22:45:00","2022-04-02 14:45:00",20,"2022-04-02 03:45:00",0.923574433571673,5,11,0.3125,0.0141787811187836,1.32860448576753,0.841321307559067,0.0115168831731042,2,42332.5840947543,1.27611425420195,2477.24580670802,0.746764874552942,16,64,914.285714285714,-0.591865694835452,0.143865146472399,-0.554035624703385,4,0.1,0.95,"2022-03-24 09:30:00",205.25,8.55208333333333,3.88041542727388,35011.7824662066,206454.239735944,FALSE,2,2,0,0.478792557814908,0.610205978702001,0.952520993493428,0.199396278907454,0.873589045271236,44.1229667027685,37.9971500118731,17.8010877218963,-0.642362455612447,-0.970577068832654,-0.0530837873268322,1.7071957247829,0.976196869637614,0.0713120829249862
"Inanga",9,"Event_9.csv","2022-04-19 15:15:00","2022-04-21 19:00:00",44,"2022-04-20 02:15:00",0.875778462797163,11,40.75,0.21256038647343,0.00633600659674645,1.22491469458002,0.837463521558613,0.0192744117593622,10,133256.605681831,4.01701567748671,2319.07188886189,0.699083402816037,51.75,206,908.780487804878,0.0533855000623559,0.915980121494674,0.0473929740016058,2,0.25,0.95,"2022-04-02 14:45:00",408.5,17.0208333333333,0.923574433571673,2477.24580670802,42332.5840947543,FALSE,3,0,0,0.478792557814908,0.610205978702001,0.952520993493428,0.199396278907454,0.873589045271236,44.1229667027685,37.9971500118731,17.8010877218963,-0.642362455612447,-0.970577068832654,-0.0530837873268322,1.7071957247829,0.976196869637614,0.0713120829249862
"Inanga",10,"Event_10.csv","2022-04-22 08:15:00","2022-04-23 02:15:00",20,"2022-04-22 13:00:00",8.95277013366699,4.75,13.25,0.263888888888889,0.0597665291694175,1.74900755297799,0.201576678878723,0.2317751496248,1,238676.780522158,7.19490312922091,50037.4076342648,15.0837588800328,18,72,912.676056338028,-0.2826232414354,0.437409312094249,-0.268839698768798,4,0.1,0.95,"2022-04-21 19:00:00",13.25,0.552083333333333,0.875778462797163,2319.07188886189,133256.605681831,FALSE,3,1,1,0.478792557814908,0.610205978702001,0.952520993493428,0.199396278907454,0.873589045271236,44.1229667027685,37.9971500118731,17.8010877218963,-0.642362455612447,-0.970577068832654,-0.0530837873268322,1.7071957247829,0.976196869637614,0.0713120829249862
"Inanga",11,"Event_12.csv","2022-05-30 07:15:00","2022-05-31 13:00:00",54,"2022-05-30 20:30:00",24.0082546528666,13.25,16.5,0.445378151260504,0.0841659681431303,5.17438735500109,0.174085386064022,0.535335663127767,1,495049.783934924,14.923258273223,119947.653993328,36.1581779832657,29.75,119,907.627118644068,-0.0218766481506982,0.477460582008509,-0.0237152281584315,3,0.1,0.999,"2022-04-23 02:15:00",893,37.2083333333333,8.95277013366699,50037.4076342648,238676.780522158,FALSE,0,0,0,0.478792557814908,0.610205978702001,0.952520993493428,0.199396278907454,0.873589045271236,44.1229667027685,37.9971500118731,17.8010877218963,-0.642362455612447,-0.970577068832654,-0.0530837873268322,1.7071957247829,0.976196869637614,0.0713120829249862
"Inanga",12,"Event_13.csv","2022-05-31 23:00:00","2022-06-02 02:00:00",31,"2022-06-01 06:45:00",2.21470456948753,7.75,19.25,0.287037037037037,0.0170147003735501,1.50392384283605,0.712054988218602,0.0537657504381449,1,133997.638062946,4.03935407247458,34071.0467287628,10.2707050174011,27,107,916.981132075472,-0.0225531886203797,0.655813627710085,-0.0169375157314819,3,0.1,0.95,"2022-05-31 13:00:00",10,0.416666666666667,24.0082546528666,119947.653993328,495049.783934924,FALSE,1,1,1,0.478792557814908,0.610205978702001,0.952520993493428,0.199396278907454,0.873589045271236,44.1229667027685,37.9971500118731,17.8010877218963,-0.642362455612447,-0.970577068832654,-0.0530837873268322,1.7071957247829,0.976196869637614,0.0713120829249862
"Inanga",13,"Event_14.csv","2022-06-06 11:15:00","2022-06-09 02:15:00",161,"2022-06-08 03:45:00",7.21090930822324,40.5,22.5,0.642857142857143,0.0284313311781936,2.94477219166182,0.430253622958278,0.156502359885698,2,567229.728752966,17.0991201635258,227737.86434056,68.651498868105,63,250,910.843373493976,-0.152343623988849,0.979051397221704,-0.128299970210044,4,0.15,0.95,"2022-06-02 02:00:00",105.25,4.38541666666667,2.21470456948753,34071.0467287628,133997.638062946,FALSE,2,2,2,0.478792557814908,0.610205978702001,0.952520993493428,0.199396278907454,0.873589045271236,44.1229667027685,37.9971500118731,17.8010877218963,-0.642362455612447,-0.970577068832654,-0.0530837873268322,1.7071957247829,0.976196869637614,0.0713120829249862
"Inanga",14,"Event_16.csv","2022-06-13 00:15:00","2022-06-15 17:15:00",29,"2022-06-13 07:15:00",1.44556486414058,7,58,0.107692307692308,0.0068474036701156,1.26328367185606,0.873102410382131,0.0549251555845069,3,240352.651917937,7.24542221332822,16614.0196305703,5.00829035683388,65,259,906.976744186047,-0.186053255314937,0.204265400771877,-0.15528653064749,3,0.15,0.95,"2022-06-09 02:15:00",94,3.91666666666667,7.21090930822324,227737.86434056,567229.728752966,FALSE,3,3,1,0.478792557814908,0.610205978702001,0.952520993493428,0.199396278907454,0.873589045271236,44.1229667027685,37.9971500118731,17.8010877218963,-0.642362455612447,-0.970577068832654,-0.0530837873268322,1.7071957247829,0.976196869637614,0.0713120829249862
"Inanga",15,"Event_17.csv","2022-06-17 14:00:00","2022-06-18 00:15:00",21,"2022-06-17 19:00:00",1.11987871059598,5,5.25,0.48780487804878,0.0181204159055841,1.2964795050366,0.900108736350479,0.0907317634761304,1,32483.2190720271,0.979205493040404,3616.08149771792,1.09006649186946,10.25,41,922.5,-0.116608320496719,0.24441815185046,-0.0940639751725193,3,0.15,0.9,"2022-06-15 17:15:00",44.75,1.86458333333333,1.44556486414058,16614.0196305703,240352.651917937,FALSE,4,2,1,0.478792557814908,0.610205978702001,0.952520993493428,0.199396278907454,0.873589045271236,44.1229667027685,37.9971500118731,17.8010877218963,-0.642362455612447,-0.970577068832654,-0.0530837873268322,1.7071957247829,0.976196869637614,0.0713120829249862
"Inanga",16,"Event_18.csv","2022-06-18 14:30:00","2022-06-20 00:30:00",52,"2022-06-19 03:30:00",2.40808860640735,13,21,0.382352941176471,0.0183663756236885,1.54319398415079,0.574271748964395,0.0594776545793672,3,181228.296942776,5.46312061828698,76166.7600777602,22.9604429566712,34,135,913.432835820896,-0.321591058707696,0.155552698348508,-0.25035738860569,3,0.15,0.95,"2022-06-18 00:15:00",14.25,0.59375,1.11987871059598,3616.08149771792,32483.2190720271,FALSE,5,3,2,0.478792557814908,0.610205978702001,0.952520993493428,0.199396278907454,0.873589045271236,44.1229667027685,37.9971500118731,17.8010877218963,-0.642362455612447,-0.970577068832654,-0.0530837873268322,1.7071957247829,0.976196869637614,0.0713120829249862
"Inanga",17,"Event_20.csv","2023-02-02 10:45:00","2023-02-04 19:15:00",29,"2023-02-02 17:45:00",10.5496775885322,7,49.5,0.123893805309735,0.0181723189751207,1.72530677606989,0.460180145243647,0.105208876485144,1,918450.681000061,27.6866633792596,450515.533402783,135.807748619325,56.5,225,908.035714285714,-0.205441273953384,0.71022581281956,-0.18568390881566,3,0.1,0.95,"2022-06-20 00:30:00",5458.25,227.427083333333,2.40808860640735,76166.7600777602,181228.296942776,FALSE,0,0,0,0.478792557814908,0.610205978702001,0.952520993493428,0.199396278907454,0.873589045271236,44.1229667027685,37.9971500118731,17.8010877218963,-0.642362455612447,-0.970577068832654,-0.0530837873268322,1.7071957247829,0.976196869637614,0.0713120829249862
"Inanga",18,"Event_22.csv","2023-02-13 07:45:00","2023-02-15 06:45:00",89,"2023-02-14 06:00:00",4.11237069981356,22.25,24.75,0.473404255319149,0.0120468462616598,1.60147136384405,0.694859572376276,0.0604798861743124,2,425715.927129329,12.8331916056561,86567.5453422019,26.0957560056312,47,187,909.677419354839,-0.0898321614518656,0.64129907198241,-0.0694341298354153,3,0.1,0.95,"2023-02-04 19:15:00",204.5,8.52083333333333,10.5496775885322,450515.533402783,918450.681000061,FALSE,1,1,0,0.478792557814908,0.610205978702001,0.952520993493428,0.199396278907454,0.873589045271236,44.1229667027685,37.9971500118731,17.8010877218963,-0.642362455612447,-0.970577068832654,-0.0530837873268322,1.7071957247829,0.976196869637614,0.0713120829249862
"Inanga",19,"Event_23.csv","2023-02-16 15:45:00","2023-02-18 03:45:00",20,"2023-02-16 20:30:00",2.10665316122104,4.75,31.25,0.131944444444444,0.00791683074420043,1.12933075783285,0.931042033406104,0.0457288149869903,12,226448.490645102,6.82628176224515,22944.1626487832,6.91650973663766,36,143,912.676056338028,-0.326980064577224,0.16168214331989,-0.274358353120889,4,0.2,0.95,"2023-02-15 06:45:00",33,1.375,4.11237069981356,86567.5453422019,425715.927129329,FALSE,2,2,1,0.478792557814908,0.610205978702001,0.952520993493428,0.199396278907454,0.873589045271236,44.1229667027685,37.9971500118731,17.8010877218963,-0.642362455612447,-0.970577068832654,-0.0530837873268322,1.7071957247829,0.976196869637614,0.0713120829249862
"Inanga",20,"Event_24.csv","2023-02-23 11:15:00","2023-02-24 22:15:00",46,"2023-02-23 22:30:00",2.11717882554657,11.25,23.75,0.321428571428571,0.00627550523759282,1.17517938855586,0.898926374747865,0.0245495305850483,11,226323.764551313,6.82252189854774,22409.2140005578,6.75524965533988,35,140,906.474820143885,-0.182968766301276,0.523945640777262,-0.155577796170281,3,0.15,0.95,"2023-02-18 03:45:00",127.5,5.3125,2.10665316122104,22944.1626487832,226448.490645102,FALSE,3,2,1,0.478792557814908,0.610205978702001,0.952520993493428,0.199396278907454,0.873589045271236,44.1229667027685,37.9971500118731,17.8010877218963,-0.642362455612447,-0.970577068832654,-0.0530837873268322,1.7071957247829,0.976196869637614,0.0713120829249862
"Inanga",21,"Event_25_1.csv","2023-02-24 20:00:00","2023-02-25 21:45:00",41,"2023-02-25 06:15:00",2.10297513952277,10.25,15.5,0.398058252427184,0.00771410057972082,1.13323920734144,0.89650173028091,0.020156295275073,12,171798.694258997,5.17886557802538,14063.9346819872,4.2395681486576,25.75,103,908.823529411765,-0.185623188434111,0.29107496804098,-0.129344088881458,4,0.1,0.95,"2023-02-24 22:15:00",-2.25,-0.09375,2.11717882554657,22409.2140005578,226323.764551313,TRUE,3,2,1,0.478792557814908,0.610205978702001,0.952520993493428,0.199396278907454,0.873589045271236,44.1229667027685,37.9971500118731,17.8010877218963,-0.642362455612447,-0.970577068832654,-0.0530837873268322,1.7071957247829,0.976196869637614,0.0713120829249862
"Inanga",22,"Event_25_2.csv","2023-02-26 20:00:00","2023-02-28 09:45:00",19,"2023-02-27 00:45:00",3.51692993825859,4.75,33,0.125827814569536,0.0139262063524561,1.75029685500815,0.756263201200262,0.0491286799569158,2,311521.344735978,9.39079994776415,77438.4316379866,23.3437878999036,37.75,150,912.080536912752,-0.00846238831698071,0.140087289762673,0.0279834995007327,2,0.2,0.95,"2023-02-25 21:45:00",22.25,0.927083333333333,2.10297513952277,14063.9346819872,171798.694258997,FALSE,5,4,2,0.478792557814908,0.610205978702001,0.952520993493428,0.199396278907454,0.873589045271236,44.1229667027685,37.9971500118731,17.8010877218963,-0.642362455612447,-0.970577068832654,-0.0530837873268322,1.7071957247829,0.976196869637614,0.0713120829249862
"Inanga",23,"Event_26.csv","2023-03-05 19:15:00","2023-03-06 16:15:00",33,"2023-03-06 03:30:00",3.09158032069562,8.25,12.75,0.392857142857143,0.0175564269938973,1.48242481560036,0.755905292051344,0.0227505416869336,2,165336.709595009,4.98406927828399,45629.7777296321,13.7550804001274,21,84,910.843373493976,-0.418604828601666,0.305731638756824,-0.334050341099354,4,0.15,0.95,"2023-02-28 09:45:00",129.5,5.39583333333333,3.51692993825859,77438.4316379866,311521.344735978,FALSE,6,3,1,0.478792557814908,0.610205978702001,0.952520993493428,0.199396278907454,0.873589045271236,44.1229667027685,37.9971500118731,17.8010877218963,-0.642362455612447,-0.970577068832654,-0.0530837873268322,1.7071957247829,0.976196869637614,0.0713120829249862
"Inanga",24,"Event_27.csv","2023-03-10 10:30:00","2023-03-11 07:45:00",39,"2023-03-10 20:00:00",2.53063521732333,9.5,11.75,0.447058823529412,0.0134813989519367,1.35444903774299,0.87944126668851,0.0816559344982732,2,146362.9853743,4.41210703097238,29137.2869903134,8.78342488469051,21.25,85,910.714285714286,-0.108092075101457,0.339198466262291,-0.0861284691382145,3,0.1,0.95,"2023-03-06 16:15:00",90.25,3.76041666666667,3.09158032069562,45629.7777296321,165336.709595009,FALSE,6,4,1,0.478792557814908,0.610205978702001,0.952520993493428,0.199396278907454,0.873589045271236,44.1229667027685,37.9971500118731,17.8010877218963,-0.642362455612447,-0.970577068832654,-0.0530837873268322,1.7071957247829,0.976196869637614,0.0713120829249862
"Inanga",25,"Event_28.csv","2023-03-17 19:45:00","2023-03-18 19:45:00",36,"2023-03-18 04:45:00",7.55992269030067,9,15,0.375,0.0408675471173868,2.49036071043004,0.589007098967875,0.257891541336614,1,256518.109885763,7.73272937351176,113744.965741691,34.2883797978849,24,96,909.473684210526,-0.113095665380984,0.658575347800802,-0.0919924338603299,3,0.1,0.95,"2023-03-11 07:45:00",156,6.5,2.53063521732333,29137.2869903134,146362.9853743,FALSE,6,2,1,0.478792557814908,0.610205978702001,0.952520993493428,0.199396278907454,0.873589045271236,44.1229667027685,37.9971500118731,17.8010877218963,-0.642362455612447,-0.970577068832654,-0.0530837873268322,1.7071957247829,0.976196869637614,0.0713120829249862
"Inanga",26,"Event_29.csv","2023-04-09 23:15:00","2023-04-10 17:30:00",29,"2023-04-10 06:30:00",18.6438081613052,7.25,11,0.397260273972603,0.0863984578803755,3.20500538302589,0.310694868226882,0.50743417331793,1,347030.665750812,10.461227177121,354232.524590841,106.783269577991,18.25,73,912.5,-0.0651569203714288,0.992721435443255,-0.0263027277485183,3,0.1,0.95,"2023-03-18 19:45:00",531.5,22.1458333333333,7.55992269030067,113744.965741691,256518.109885763,FALSE,2,0,0,0.478792557814908,0.610205978702001,0.952520993493428,0.199396278907454,0.873589045271236,44.1229667027685,37.9971500118731,17.8010877218963,-0.642362455612447,-0.970577068832654,-0.0530837873268322,1.7071957247829,0.976196869637614,0.0713120829249862
"Inanga",27,"Event_30.csv","2023-04-22 07:15:00","2023-04-23 10:00:00",26,"2023-04-22 13:30:00",2.27699691245037,6.25,20.5,0.233644859813084,0.0105465944743556,1.27801521319291,0.829232338719846,0.0192755211671061,4,175864.065175493,5.30141604089214,32951.3707254022,9.93317908116767,26.75,107,908.490566037736,-0.242797893511474,0.804335762282599,-0.215280992690143,4,0.1,0.95,"2023-04-10 17:30:00",277.75,11.5729166666667,18.6438081613052,354232.524590841,347030.665750812,FALSE,1,1,0,0.478792557814908,0.610205978702001,0.952520993493428,0.199396278907454,0.873589045271236,44.1229667027685,37.9971500118731,17.8010877218963,-0.642362455612447,-0.970577068832654,-0.0530837873268322,1.7071957247829,0.976196869637614,0.0713120829249862
"Inanga",28,"Event_31.csv","2023-04-30 14:15:00","2023-05-04 16:15:00",269,"2023-05-03 10:00:00",8.54831817191083,67.75,30.25,0.691326530612245,0.0174479635332448,2.29112835444545,0.584111418812877,0.158986711132818,2,1302504.60392839,39.2639553379554,838949.852561669,252.901137104746,98,389,909.278350515464,-0.180989370082009,0.646307894939695,-0.136600320747598,3,0.15,0.95,"2023-04-23 10:00:00",172.25,7.17708333333333,2.27699691245037,32951.3707254022,175864.065175493,FALSE,2,1,0,0.478792557814908,0.610205978702001,0.952520993493428,0.199396278907454,0.873589045271236,44.1229667027685,37.9971500118731,17.8010877218963,-0.642362455612447,-0.970577068832654,-0.0530837873268322,1.7071957247829,0.976196869637614,0.0713120829249862
"Inanga",29,"Event_32.csv","2023-05-09 13:15:00","2023-05-10 21:15:00",36,"2023-05-09 22:00:00",30.9387743058453,8.75,23.25,0.2734375,0.0613937195547789,3.09308477797253,0.266124372085038,0.312003842279173,1,1077524.84987623,32.4819485884931,1219059.74062767,367.485128773763,32,106,1097.14285714286,-0.194737798191518,0.996663971199104,-0.148869252221276,3,0.1,0.9,"2023-05-04 16:15:00",117,4.875,8.54831817191083,838949.852561669,1302504.60392839,FALSE,3,1,1,0.478792557814908,0.610205978702001,0.952520993493428,0.199396278907454,0.873589045271236,44.1229667027685,37.9971500118731,17.8010877218963,-0.642362455612447,-0.970577068832654,-0.0530837873268322,1.7071957247829,0.976196869637614,0.0713120829249862
"Inanga",30,"Event_33.csv","2023-05-19 05:45:00","2023-05-20 14:45:00",40,"2023-05-19 15:30:00",17.8099302905601,9.75,23.25,0.295454545454545,0.0524672737574556,2.69599293523804,0.370391428226129,0.261283117965368,1,681645.795278029,20.5481884527551,725743.580131153,218.775146215484,33,115,1042.10526315789,-0.155916716321339,0.984292158621848,-0.126494893774506,4,0.1,0.95,"2023-05-10 21:15:00",200.5,8.35416666666667,30.9387743058453,1219059.74062767,1077524.84987623,FALSE,3,1,0,0.478792557814908,0.610205978702001,0.952520993493428,0.199396278907454,0.873589045271236,44.1229667027685,37.9971500118731,17.8010877218963,-0.642362455612447,-0.970577068832654,-0.0530837873268322,1.7071957247829,0.976196869637614,0.0713120829249862
"Inanga",31,"Event_34.csv","2023-05-23 00:15:00","2023-05-23 20:30:00",28,"2023-05-23 07:00:00",4.48260896272773,6.75,13.5,0.333333333333333,0.0220640944842598,1.58643841817713,0.733647938785461,0.125219609126944,1,203690.709014596,6.14024923780253,105516.525102895,31.8079192700043,20.25,82,900,-0.203238689865496,0.985989122322618,-0.17920828996951,4,0.1,0.95,"2023-05-20 14:45:00",57.5,2.39583333333333,17.8099302905601,725743.580131153,681645.795278029,FALSE,4,2,1,0.478792557814908,0.610205978702001,0.952520993493428,0.199396278907454,0.873589045271236,44.1229667027685,37.9971500118731,17.8010877218963,-0.642362455612447,-0.970577068832654,-0.0530837873268322,1.7071957247829,0.976196869637614,0.0713120829249862
"Inanga",32,"Event_35.csv","2023-05-29 08:30:00","2023-05-30 07:45:00",40,"2023-05-29 18:15:00",8.62063259566791,9.75,13.5,0.419354838709677,0.0346054744196313,2.09958894815118,0.496165478260987,0.180396334706809,1,337976.505940777,10.1882898490442,277034.357860846,83.5119094498453,23.25,93,909.782608695652,-0.418833850819732,0.833868030151205,-0.371184570632924,4,0.1,0.95,"2023-05-23 20:30:00",132,5.5,4.48260896272773,105516.525102895,203690.709014596,FALSE,4,2,1,0.478792557814908,0.610205978702001,0.952520993493428,0.199396278907454,0.873589045271236,44.1229667027685,37.9971500118731,17.8010877218963,-0.642362455612447,-0.970577068832654,-0.0530837873268322,1.7071957247829,0.976196869637614,0.0713120829249862
"Inanga",33,"Event_36.csv","2023-06-04 22:15:00","2023-06-06 02:45:00",45,"2023-06-05 09:30:00",2.81583367411108,11.25,17.25,0.394736842105263,0.00912384315000957,1.20304459550223,0.826959146349841,0.0430569611432431,6,239249.286404415,7.21216129884571,67846.5349775538,20.4523140352767,28.5,113,916.071428571429,-0.237726766875815,0.973496229672069,-0.191495217553009,4,0.2,0.95,"2023-05-30 07:45:00",134.5,5.60416666666667,8.62063259566791,277034.357860846,337976.505940777,FALSE,4,2,1,0.478792557814908,0.610205978702001,0.952520993493428,0.199396278907454,0.873589045271236,44.1229667027685,37.9971500118731,17.8010877218963,-0.642362455612447,-0.970577068832654,-0.0530837873268322,1.7071957247829,0.976196869637614,0.0713120829249862
"Inanga",34,"Event_37_1.csv","2023-06-17 16:45:00","2023-06-18 11:15:00",21,"2023-06-17 21:45:00",3.22505557048514,5,13.5,0.27027027027027,0.0158992918716504,1.3156261213638,0.765255171584744,0.0425253971453371,2,165106.082575546,4.97711703491794,36212.6330706265,10.9162854646848,18.5,74,912.328767123288,0.156553560705286,0.969223132665669,0.159173481282374,2,0.1,0.95,"2023-06-06 02:45:00",278,11.5833333333333,2.81583367411108,67846.5349775538,239249.286404415,FALSE,4,1,0,0.478792557814908,0.610205978702001,0.952520993493428,0.199396278907454,0.873589045271236,44.1229667027685,37.9971500118731,17.8010877218963,-0.642362455612447,-0.970577068832654,-0.0530837873268322,1.7071957247829,0.976196869637614,0.0713120829249862
"Inanga",35,"Event_37_2.csv","2023-06-18 10:45:00","2023-06-19 16:15:00",18,"2023-06-18 15:00:00",4.91941570093374,4.25,25.25,0.144067796610169,0.022685313254015,1.47441328464995,0.665577902459718,0.109836375774315,1,331425.196917184,9.99080086963352,134378.702780444,40.5084125494102,29.5,118,907.692307692308,0.0747232220609158,0.816543794590955,0.0770912579105187,2,0.1,0.95,"2023-06-18 11:15:00",-0.5,-0.0208333333333333,3.22505557048514,36212.6330706265,165106.082575546,TRUE,4,1,0,0.478792557814908,0.610205978702001,0.952520993493428,0.199396278907454,0.873589045271236,44.1229667027685,37.9971500118731,17.8010877218963,-0.642362455612447,-0.970577068832654,-0.0530837873268322,1.7071957247829,0.976196869637614,0.0713120829249862
"Inanga",36,"Event_38.csv","2023-06-19 20:30:00","2023-06-20 18:00:00",41,"2023-06-20 06:45:00",4.34606600448793,10.25,11.25,0.476744186046512,0.0213248675866054,1.29147968687009,0.702651712788224,0.142965427952855,3,233599.646340027,7.04185309840279,110009.372420948,33.1622865091239,21.5,86,910.588235294118,-0.455982688131968,0.371956186542126,-0.426572277820945,4,0.1,0.95,"2023-06-19 16:15:00",4.25,0.177083333333333,4.91941570093374,134378.702780444,331425.196917184,FALSE,5,3,2,0.478792557814908,0.610205978702001,0.952520993493428,0.199396278907454,0.873589045271236,44.1229667027685,37.9971500118731,17.8010877218963,-0.642362455612447,-0.970577068832654,-0.0530837873268322,1.7071957247829,0.976196869637614,0.0713120829249862
"Inanga",37,"Event_39.csv","2023-06-21 19:15:00","2023-06-24 11:45:00",55,"2023-06-22 09:00:00",13.2405747127739,13.75,50.75,0.213178294573643,0.0305818248155189,3.03870139983143,0.581570668603721,0.269265688188842,1,955673.901339246,28.8087560432891,732375.51628692,220.774341030143,64.5,256,910.588235294118,-0.169335232118156,0.967869758294485,-0.147996757228844,3,0.1,0.999,"2023-06-20 18:00:00",25.25,1.05208333333333,4.34606600448793,110009.372420948,233599.646340027,FALSE,6,3,3,0.478792557814908,0.610205978702001,0.952520993493428,0.199396278907454,0.873589045271236,44.1229667027685,37.9971500118731,17.8010877218963,-0.642362455612447,-0.970577068832654,-0.0530837873268322,1.7071957247829,0.976196869637614,0.0713120829249862
"Inanga",38,"Event_40.csv","2023-06-30 19:30:00","2023-07-01 20:30:00",22,"2023-07-01 01:00:00",2.33464011060559,5.5,19.5,0.22,0.012168426710297,1.07437172157516,0.930314231354783,0.00664541956599441,13,194454.062114296,5.86181084282716,28470.939714889,8.5825547335761,25,100,909.090909090909,-0.0685258890058303,0.0462891087250297,-0.0739006333553529,3,0.1,0.95,"2023-06-24 11:45:00",151.75,6.32291666666667,13.2405747127739,732375.51628692,955673.901339246,FALSE,5,4,1,0.478792557814908,0.610205978702001,0.952520993493428,0.199396278907454,0.873589045271236,44.1229667027685,37.9971500118731,17.8010877218963,-0.642362455612447,-0.970577068832654,-0.0530837873268322,1.7071957247829,0.976196869637614,0.0713120829249862
"Inanga",39,"Event_41.csv","2023-07-07 21:00:00","2023-07-09 06:00:00",53,"2023-07-08 10:15:00",4.70669212472893,13.25,19.75,0.401515151515151,0.017035398349877,1.58690069668193,0.677127435784702,0.0785007653954339,2,354667.071896524,10.6914263709997,123957.064558781,37.3668133838523,33,131,913.846153846154,-0.243096334220351,0.725566207221961,-0.194886017231494,4,0.15,0.95,"2023-07-01 20:30:00",144.5,6.02083333333333,2.33464011060559,28470.939714889,194454.062114296,FALSE,5,2,1,0.478792557814908,0.610205978702001,0.952520993493428,0.199396278907454,0.873589045271236,44.1229667027685,37.9971500118731,17.8010877218963,-0.642362455612447,-0.970577068832654,-0.0530837873268322,1.7071957247829,0.976196869637614,0.0713120829249862
"Inanga",40,"Event_42.csv","2023-08-19 16:00:00","2023-08-21 04:45:00",68,"2023-08-20 09:00:00",3.47869364475092,17,19.75,0.462585034013605,0.0144022167446113,1.46381390749553,0.739028764988986,0.0281179804545267,4,317625.297644291,9.57480339286071,82775.1386942978,24.952536359439,36.75,146,912.413793103448,-0.319196740121749,0.810907586045255,-0.288871930764765,4,0.1,0.95,"2023-07-09 06:00:00",994,41.4166666666667,4.70669212472893,123957.064558781,354667.071896524,FALSE,0,0,0,0.478792557814908,0.610205978702001,0.952520993493428,0.199396278907454,0.873589045271236,44.1229667027685,37.9971500118731,17.8010877218963,-0.642362455612447,-0.970577068832654,-0.0530837873268322,1.7071957247829,0.976196869637614,0.0713120829249862
"Inanga",41,"Event_43.csv","2023-08-30 21:15:00","2023-08-31 23:00:00",23,"2023-08-31 03:00:00",2.05336485944351,5.75,20,0.223300970873786,0.0123411479517368,1.12244020766537,0.920257146574774,0.0129242719234961,13,168312.339478328,5.0737695361476,11690.1592891915,3.52399439387807,25.75,103,908.823529411765,-0.138300697886915,0.944761298989979,-0.107889085359471,4,0.1,0.85,"2023-08-21 04:45:00",232.5,9.6875,3.47869364475092,82775.1386942978,317625.297644291,FALSE,1,1,0,0.478792557814908,0.610205978702001,0.952520993493428,0.199396278907454,0.873589045271236,44.1229667027685,37.9971500118731,17.8010877218963,-0.642362455612447,-0.970577068832654,-0.0530837873268322,1.7071957247829,0.976196869637614,0.0713120829249862
"Inanga",42,"Event_44.csv","2023-09-05 03:00:00","2023-09-06 22:30:00",124,"2023-09-06 10:00:00",2.2677294070878,31,12.5,0.71264367816092,0.0123624668541569,1.1743809446087,0.874859774721237,0.0223678754903924,19,306339.274323652,9.23458661798854,26342.8231525114,7.94103474656688,43.5,174,905.202312138728,-0.308567679371205,0.622988919308496,-0.209100049078185,4,0.25,0.95,"2023-08-31 23:00:00",100,4.16666666666667,2.05336485944351,11690.1592891915,168312.339478328,FALSE,2,1,1,0.478792557814908,0.610205978702001,0.952520993493428,0.199396278907454,0.873589045271236,44.1229667027685,37.9971500118731,17.8010877218963,-0.642362455612447,-0.970577068832654,-0.0530837873268322,1.7071957247829,0.976196869637614,0.0713120829249862
"Inanga",43,"Event_45.csv","2023-09-11 18:00:00","2023-09-13 02:15:00",25,"2023-09-12 00:15:00",3.05816396209476,6.25,26,0.193798449612403,0.0148326393891048,1.29119607324547,0.804971707417759,0.00870513813567812,3,250242.203275632,7.54354239013974,56603.9747665482,17.0632482256216,32.25,128,914.173228346457,-0.385349485178871,0.910966641884382,-0.364668037874111,4,0.1,0.95,"2023-09-06 22:30:00",115.5,4.8125,2.2677294070878,26342.8231525114,306339.274323652,FALSE,3,2,1,0.478792557814908,0.610205978702001,0.952520993493428,0.199396278907454,0.873589045271236,44.1229667027685,37.9971500118731,17.8010877218963,-0.642362455612447,-0.970577068832654,-0.0530837873268322,1.7071957247829,0.976196869637614,0.0713120829249862
"Inanga",44,"Event_46.csv","2023-09-23 20:00:00","2023-09-24 19:00:00",43,"2023-09-24 06:45:00",3.08526197988557,10.75,12.25,0.467391304347826,0.0217481569629683,1.42986345300117,0.805392779315489,0.0386579417795516,2,190282.551567715,5.73606080455568,43470.5463468338,13.1041808614785,23,73,1150,-0.414995454701463,0.930848781414248,-0.361114906820454,4,0.1,0.95,"2023-09-13 02:15:00",257.75,10.7395833333333,3.05816396209476,56603.9747665482,250242.203275632,FALSE,3,1,0,0.478792557814908,0.610205978702001,0.952520993493428,0.199396278907454,0.873589045271236,44.1229667027685,37.9971500118731,17.8010877218963,-0.642362455612447,-0.970577068832654,-0.0530837873268322,1.7071957247829,0.976196869637614,0.0713120829249862
"Inanga",45,"Event_47.csv","2023-09-24 23:15:00","2023-09-27 02:30:00",123,"2023-09-26 06:15:00",10.6869925377649,31,20.25,0.604878048780488,0.0295360880211743,3.10426207905696,0.554840246166345,0.2047519936376,1,668804.424643879,20.1610857879839,393701.056059384,118.68104446617,51.25,203,913.366336633663,-0.424413465324285,0.756531056857681,-0.381504358509294,4,0.1,0.95,"2023-09-24 19:00:00",4.25,0.177083333333333,3.08526197988557,43470.5463468338,190282.551567715,FALSE,4,2,1,0.478792557814908,0.610205978702001,0.952520993493428,0.199396278907454,0.873589045271236,44.1229667027685,37.9971500118731,17.8010877218963,-0.642362455612447,-0.970577068832654,-0.0530837873268322,1.7071957247829,0.976196869637614,0.0713120829249862
"Inanga",46,"Event_48.csv","2023-10-08 17:45:00","2023-10-09 04:45:00",10,"2023-10-08 20:00:00",2.24436922138958,2.25,8.75,0.204545454545455,0.0142227332545165,1.14578195781386,0.912230888503215,0.0352907493683002,6,77560.8199210745,2.33806818046664,17247.24388239,5.19917558416721,11,44,920.93023255814,-0.546981945817898,0.536532726791349,-0.478736973562676,4,0.1,0.95,"2023-09-27 02:30:00",279.25,11.6354166666667,10.6869925377649,393701.056059384,668804.424643879,FALSE,3,2,0,0.478792557814908,0.610205978702001,0.952520993493428,0.199396278907454,0.873589045271236,44.1229667027685,37.9971500118731,17.8010877218963,-0.642362455612447,-0.970577068832654,-0.0530837873268322,1.7071957247829,0.976196869637614,0.0713120829249862
"Inanga",47,"Event_49.csv","2023-10-30 06:15:00","2023-11-01 19:15:00",120,"2023-10-31 12:15:00",2.44917752850954,30,31,0.491803278688525,0.00980451860668821,1.20025600864414,0.848965535964804,0.0191916715072422,22,461473.677828579,13.911107739086,37182.9870519835,11.2087983300604,61,243,907.438016528926,-0.0556741206997135,0.822884368225402,-0.0474723228299893,3,0.25,0.95,"2023-10-09 04:45:00",505.5,21.0625,2.24436922138958,17247.24388239,77560.8199210745,FALSE,1,0,0,0.478792557814908,0.610205978702001,0.952520993493428,0.199396278907454,0.873589045271236,44.1229667027685,37.9971500118731,17.8010877218963,-0.642362455612447,-0.970577068832654,-0.0530837873268322,1.7071957247829,0.976196869637614,0.0713120829249862
"Inanga",48,"Event_51.csv","2023-11-06 17:00:00","2023-11-07 13:45:00",25,"2023-11-06 23:00:00",3.54253246197811,6,14.75,0.289156626506024,0.0197313478640376,1.26395723298413,0.699687013962638,0.074241712289717,2,192893.958063349,5.81478156124596,38865.0758965036,11.7158634188633,20.75,83,910.975609756098,-0.0834513780071462,0.924868724408888,-0.0655055618661816,4,0.15,0.95,"2023-11-01 19:15:00",117.75,4.90625,2.44917752850954,37182.9870519835,461473.677828579,FALSE,2,1,1,0.478792557814908,0.610205978702001,0.952520993493428,0.199396278907454,0.873589045271236,44.1229667027685,37.9971500118731,17.8010877218963,-0.642362455612447,-0.970577068832654,-0.0530837873268322,1.7071957247829,0.976196869637614,0.0713120829249862
"Inanga",49,"Event_52.csv","2023-11-18 04:30:00","2023-11-20 15:45:00",170,"2023-11-19 23:00:00",3.67119745730496,42.5,16.75,0.717299578059072,0.00908067930606643,1.46531408887389,0.78143673537815,0.074050206822394,2,538039.256512171,16.2191744075571,73159.2720157957,22.0538367413208,59.25,236,907.659574468085,-0.345980136667424,0.80223595774634,-0.29059056982653,4,0.15,0.95,"2023-11-07 13:45:00",254.75,10.6145833333333,3.54253246197811,38865.0758965036,192893.958063349,FALSE,2,1,0,0.478792557814908,0.610205978702001,0.952520993493428,0.199396278907454,0.873589045271236,44.1229667027685,37.9971500118731,17.8010877218963,-0.642362455612447,-0.970577068832654,-0.0530837873268322,1.7071957247829,0.976196869637614,0.0713120829249862
"Inanga",50,"Event_53.csv","2023-12-03 14:45:00","2023-12-04 11:30:00",32,"2023-12-03 22:30:00",2.44748235573292,7.75,13,0.373493975903614,0.00969709175104752,1.11199269140829,0.873654676424576,0.0150341117833962,11,164482.697229198,4.95832510564296,10810.0154424264,3.25867534175238,20.75,83,910.975609756098,-0.158324527646625,0.672117138110075,-0.131696874497792,3,0.2,0.95,"2023-11-20 15:45:00",311,12.9583333333333,3.67119745730496,73159.2720157957,538039.256512171,FALSE,2,1,0,0.478792557814908,0.610205978702001,0.952520993493428,0.199396278907454,0.873589045271236,44.1229667027685,37.9971500118731,17.8010877218963,-0.642362455612447,-0.970577068832654,-0.0530837873268322,1.7071957247829,0.976196869637614,0.0713120829249862
"Inanga",51,"Event_54.csv","2023-12-05 17:45:00","2023-12-06 20:15:00",48,"2023-12-06 05:45:00",2.39465296082614,12,14.5,0.452830188679245,0.0097737850277724,1.09121749214091,0.912055964253683,0.0116104553508249,13,208996.423080268,6.30018980114658,9456.43192467325,2.85063806781907,26.5,106,908.571428571429,-0.118000136103548,0.531271075826746,-0.085335207170941,3,0.15,0.9,"2023-12-04 11:30:00",30.25,1.26041666666667,2.44748235573292,10810.0154424264,164482.697229198,FALSE,3,1,1,0.478792557814908,0.610205978702001,0.952520993493428,0.199396278907454,0.873589045271236,44.1229667027685,37.9971500118731,17.8010877218963,-0.642362455612447,-0.970577068832654,-0.0530837873268322,1.7071957247829,0.976196869637614,0.0713120829249862
"Inanga",52,"Event_55.csv","2023-12-24 14:30:00","2023-12-26 07:15:00",46,"2023-12-25 02:00:00",2.41425869224153,11.5,29.25,0.282208588957055,0.00927557064085884,1.10820739498174,0.918375583546531,0.0362246048441655,19,322060.375136489,9.70849864741017,21100.1725848985,6.36063958236999,40.75,162,911.180124223602,-0.0817783198479136,0.392141794830424,-0.0492187141153383,3,0.1,0.95,"2023-12-06 20:15:00",426.25,17.7604166666667,2.39465296082614,9456.43192467325,208996.423080268,FALSE,2,0,0,0.478792557814908,0.610205978702001,0.952520993493428,0.199396278907454,0.873589045271236,44.1229667027685,37.9971500118731,17.8010877218963,-0.642362455612447,-0.970577068832654,-0.0530837873268322,1.7071957247829,0.976196869637614,0.0713120829249862
"Inanga",53,"Event_56.csv","2023-12-28 21:30:00","2023-12-30 20:15:00",127,"2023-12-30 05:30:00",2.75032798787138,32,14.75,0.684491978609626,0.0096697013985715,1.1738172849198,0.872260360366401,0.0251590265843481,17,394478.828984835,11.8915503840178,21347.283166349,6.43513097997694,46.75,186,909.72972972973,-0.0230028868578907,0.961713631142362,-0.0055798109053109,3,0.15,0.95,"2023-12-26 07:15:00",62.25,2.59375,2.41425869224153,21100.1725848985,322060.375136489,FALSE,3,1,1,0.478792557814908,0.610205978702001,0.952520993493428,0.199396278907454,0.873589045271236,44.1229667027685,37.9971500118731,17.8010877218963,-0.642362455612447,-0.970577068832654,-0.0530837873268322,1.7071957247829,0.976196869637614,0.0713120829249862
"Inanga",54,"Event_57.csv","2023-12-31 14:15:00","2024-01-01 15:00:00",45,"2024-01-01 01:30:00",2.5386789636128,11.25,13.5,0.454545454545455,0.00904398763048537,1.08583370895292,0.887995721713606,0.0145318188567282,11,205543.971381284,6.1961157664702,11034.4655575926,3.32633574979167,24.75,99,909.183673469388,-0.154706309927811,0.82676616087577,-0.13386265387512,3,0.1,0.9,"2023-12-30 20:15:00",18,0.75,2.75032798787138,21347.283166349,394478.828984835,FALSE,4,2,2,0.478792557814908,0.610205978702001,0.952520993493428,0.199396278907454,0.873589045271236,44.1229667027685,37.9971500118731,17.8010877218963,-0.642362455612447,-0.970577068832654,-0.0530837873268322,1.7071957247829,0.976196869637614,0.0713120829249862
"Inanga",55,"Event_59_1.csv","2024-01-18 01:30:00","2024-01-18 22:45:00",47,"2024-01-18 13:00:00",2.4520040708376,11.5,9.75,0.541176470588235,0.00978748577010617,1.08555801622425,0.9032960583574,0.0430754223403333,9,169046.783548653,5.09590932673914,9945.68426117115,2.99812301206653,21.25,86,900,-0.398703286522815,0.32415931811755,-0.35904183929651,4,0.1,0.95,"2024-01-01 15:00:00",394.5,16.4375,2.5386789636128,11034.4655575926,205543.971381284,FALSE,3,0,0,0.478792557814908,0.610205978702001,0.952520993493428,0.199396278907454,0.873589045271236,44.1229667027685,37.9971500118731,17.8010877218963,-0.642362455612447,-0.970577068832654,-0.0530837873268322,1.7071957247829,0.976196869637614,0.0713120829249862
"Inanga",56,"Event_59_2.csv","2024-01-19 14:15:00","2024-01-20 21:45:00",54,"2024-01-20 03:45:00",2.7276655096165,13.5,18,0.428571428571429,0.0105156940573314,1.10654646091654,0.858752721139927,0.026139737456255,10,269268.866811611,8.11710049124269,24634.3562671142,7.4260180066468,31.5,126,907.2,-0.0926160939642168,0.236470870159953,-0.0897407330336891,3,0.1,0.95,"2024-01-18 22:45:00",15.5,0.645833333333333,2.4520040708376,9945.68426117115,169046.783548653,FALSE,4,1,1,0.478792557814908,0.610205978702001,0.952520993493428,0.199396278907454,0.873589045271236,44.1229667027685,37.9971500118731,17.8010877218963,-0.642362455612447,-0.970577068832654,-0.0530837873268322,1.7071957247829,0.976196869637614,0.0713120829249862
"Inanga",57,"Event_60.csv","2024-01-23 12:30:00","2024-01-24 07:00:00",33,"2024-01-23 20:30:00",3.04685474585936,8,10.5,0.432432432432432,0.0151963775257114,1.29040170054753,0.879933335280448,0.0966784814418239,2,154629.758608743,4.661308618504,21032.8062459502,6.34033202325836,18.5,74,912.328767123288,-0.342326611176136,0.991759535787419,-0.327867508349532,3,0.1,0.95,"2024-01-20 21:45:00",62.75,2.61458333333333,2.7276655096165,24634.3562671142,269268.866811611,FALSE,5,2,2,0.478792557814908,0.610205978702001,0.952520993493428,0.199396278907454,0.873589045271236,44.1229667027685,37.9971500118731,17.8010877218963,-0.642362455612447,-0.970577068832654,-0.0530837873268322,1.7071957247829,0.976196869637614,0.0713120829249862
"Inanga",58,"Event_61.csv","2024-01-28 18:45:00","2024-01-29 13:30:00",14,"2024-01-28 22:00:00",4.46825952975338,3.25,15.5,0.173333333333333,0.0227731592505449,1.34012453081946,0.68568938203707,0.0378968321284584,2,201964.116950318,6.08820118093256,48654.2946793595,14.6668199676868,18.75,75,912.162162162162,-0.453819360731273,0.895241067991291,-0.412355058229757,4,0.1,0.95,"2024-01-24 07:00:00",107.75,4.48958333333333,3.04685474585936,21032.8062459502,154629.758608743,FALSE,5,3,1,0.478792557814908,0.610205978702001,0.952520993493428,0.199396278907454,0.873589045271236,44.1229667027685,37.9971500118731,17.8010877218963,-0.642362455612447,-0.970577068832654,-0.0530837873268322,1.7071957247829,0.976196869637614,0.0713120829249862
"Inanga",59,"Event_62.csv","2024-02-26 06:45:00","2024-02-27 23:15:00",34,"2024-02-26 15:00:00",3.5967243779226,8.25,32.25,0.203703703703704,0.013487143645782,1.29792649675881,0.796943991101028,0.0551755974437442,3,371505.743767547,11.1990275405467,49366.3303726379,14.8814628762462,40.5,162,905.590062111801,-0.271905293849987,0.934882024693146,-0.207540237301441,4,0.1,0.95,"2024-01-29 13:30:00",665.25,27.71875,4.46825952975338,48654.2946793595,201964.116950318,FALSE,1,0,0,0.478792557814908,0.610205978702001,0.952520993493428,0.199396278907454,0.873589045271236,44.1229667027685,37.9971500118731,17.8010877218963,-0.642362455612447,-0.970577068832654,-0.0530837873268322,1.7071957247829,0.976196869637614,0.0713120829249862
"Inanga",60,"Event_64.csv","2024-03-04 12:45:00","2024-03-05 08:30:00",32,"2024-03-04 20:30:00",3.68494192752725,7.75,12,0.392405063291139,0.0198508853972333,1.50012735521282,0.775173345678816,0.109913127224168,1,177222.494439351,5.34236584313088,43471.4612434476,13.10445665674,19.75,79,911.538461538462,-0.175269314490706,0.999469491880879,-0.176688443450003,3,0.1,0.95,"2024-02-27 23:15:00",133.5,5.5625,3.5967243779226,49366.3303726379,371505.743767547,FALSE,1,1,1,0.478792557814908,0.610205978702001,0.952520993493428,0.199396278907454,0.873589045271236,44.1229667027685,37.9971500118731,17.8010877218963,-0.642362455612447,-0.970577068832654,-0.0530837873268322,1.7071957247829,0.976196869637614,0.0713120829249862
"Inanga",61,"Event_65_1.csv","2024-03-23 09:45:00","2024-03-24 15:30:00",39,"2024-03-23 19:15:00",2.32526038568273,9.5,20.25,0.319327731092437,0.010752075180036,1.14340974867433,0.896537311861327,0.00623615544148174,16,228492.434232366,6.88789636958057,11881.0985476448,3.58155296598263,29.75,119,907.627118644068,-0.064756582847282,0.471929980271603,-0.0380861392512299,3,0.3,0.95,"2024-03-05 08:30:00",433.25,18.0520833333333,3.68494192752725,43471.4612434476,177222.494439351,FALSE,2,0,0,0.478792557814908,0.610205978702001,0.952520993493428,0.199396278907454,0.873589045271236,44.1229667027685,37.9971500118731,17.8010877218963,-0.642362455612447,-0.970577068832654,-0.0530837873268322,1.7071957247829,0.976196869637614,0.0713120829249862
"Inanga",62,"Event_65_2.csv","2024-03-24 13:45:00","2024-03-25 05:30:00",20,"2024-03-24 18:30:00",3.03493910274239,4.75,11,0.301587301587302,0.0185001783164248,1.32157158791916,0.877118280652105,0.107184376964162,1,127181.862268797,3.83389275159492,14912.3905897734,4.49533488275642,15.75,63,914.516129032258,-0.578961097128986,0.572166094415809,-0.541416553163909,4,0.1,0.95,"2024-03-24 15:30:00",-1.75,-0.0729166666666667,2.32526038568273,11881.0985476448,228492.434232366,TRUE,2,0,0,0.478792557814908,0.610205978702001,0.952520993493428,0.199396278907454,0.873589045271236,44.1229667027685,37.9971500118731,17.8010877218963,-0.642362455612447,-0.970577068832654,-0.0530837873268322,1.7071957247829,0.976196869637614,0.0713120829249862
"Inanga",63,"Event_66.csv","2024-03-24 13:45:00","2024-03-25 02:15:00",20,"2024-03-24 18:30:00",3.03493910274239,4.75,7.75,0.38,0.0205364901528717,1.32157158791916,0.856989704725989,0.107184376964162,1,103199.696078037,3.11095119777511,13707.8269320335,4.13221959305547,12.5,50,918.367346938776,-0.593709368652684,0.572166094415809,-0.557035431740297,4,0.1,0.95,"2024-03-25 05:30:00",-15.75,-0.65625,3.03493910274239,14912.3905897734,127181.862268797,TRUE,2,0,0,0.478792557814908,0.610205978702001,0.952520993493428,0.199396278907454,0.873589045271236,44.1229667027685,37.9971500118731,17.8010877218963,-0.642362455612447,-0.970577068832654,-0.0530837873268322,1.7071957247829,0.976196869637614,0.0713120829249862
"Inanga",64,"Event_68.csv","2024-04-12 05:00:00","2024-04-13 13:30:00",62,"2024-04-12 20:15:00",3.34087090309814,15.25,17.25,0.469230769230769,0.010889169692874,1.26467508137557,0.78949290517945,0.0238459982721287,5,304076.302715423,9.16636941868761,37741.7407099744,11.3772344231545,32.5,130,906.976744186047,-0.107255097652733,0.851124351239822,-0.0703286622094423,3,0.15,0.9,"2024-03-25 02:15:00",434.75,18.1145833333333,3.03493910274239,13707.8269320335,103199.696078037,FALSE,3,0,0,0.478792557814908,0.610205978702001,0.952520993493428,0.199396278907454,0.873589045271236,44.1229667027685,37.9971500118731,17.8010877218963,-0.642362455612447,-0.970577068832654,-0.0530837873268322,1.7071957247829,0.976196869637614,0.0713120829249862
"Inanga",65,"Event_69.csv","2024-04-20 07:30:00","2024-04-21 21:15:00",68,"2024-04-21 00:30:00",3.15510555202196,17,20.75,0.450331125827815,0.0107105474762121,1.39539747131525,0.853848140159243,0.0146805196985789,3,318194.531118098,9.59196291584821,24205.5194580332,7.29674530182682,37.75,151,906,-0.297439715254575,0.662805026394815,-0.287849410259129,4,0.1,0.95,"2024-04-13 13:30:00",162,6.75,3.34087090309814,37741.7407099744,304076.302715423,FALSE,4,1,1,0.478792557814908,0.610205978702001,0.952520993493428,0.199396278907454,0.873589045271236,44.1229667027685,37.9971500118731,17.8010877218963,-0.642362455612447,-0.970577068832654,-0.0530837873268322,1.7071957247829,0.976196869637614,0.0713120829249862
"Inanga",66,"Event_70.csv","2024-05-15 07:30:00","2024-05-16 08:00:00",60,"2024-05-15 22:15:00",11.243610077217,14.75,9.75,0.602040816326531,0.0620208631213916,2.79203225808302,0.512802580880166,0.343080348321623,1,360167.339643472,10.8572317482027,241702.231843493,72.8610525257602,24.5,98,909.278350515464,-0.581136463362634,0.989868826083834,-0.48288727500696,4,0.1,0.9,"2024-04-21 21:15:00",562.25,23.4270833333333,3.15510555202196,24205.5194580332,318194.531118098,FALSE,1,0,0,0.478792557814908,0.610205978702001,0.952520993493428,0.199396278907454,0.873589045271236,44.1229667027685,37.9971500118731,17.8010877218963,-0.642362455612447,-0.970577068832654,-0.0530837873268322,1.7071957247829,0.976196869637614,0.0713120829249862
"Inanga",67,"Event_71.csv","2024-05-20 21:30:00","2024-05-22 14:15:00",42,"2024-05-21 08:00:00",5.0787131678628,10.5,30.25,0.257668711656442,0.0161046644432041,1.54621825402219,0.637572711922829,0.0611078964365095,6,494432.323949717,14.9046449637506,202965.838464785,61.1839804064919,40.75,162,911.180124223602,-0.288925039073174,0.650521328749311,-0.255819029999132,4,0.15,0.95,"2024-05-16 08:00:00",109.5,4.5625,11.243610077217,241702.231843493,360167.339643472,FALSE,2,1,1,0.478792557814908,0.610205978702001,0.952520993493428,0.199396278907454,0.873589045271236,44.1229667027685,37.9971500118731,17.8010877218963,-0.642362455612447,-0.970577068832654,-0.0530837873268322,1.7071957247829,0.976196869637614,0.0713120829249862
"Inanga",68,"Event_72.csv","2024-06-09 18:15:00","2024-06-11 00:15:00",52,"2024-06-10 07:15:00",5.24126540126796,13,17,0.433333333333333,0.0196259920446116,1.29358319873258,0.586318083547192,0.047509454632819,4,385686.93749289,11.6265191251379,128965.795049447,38.8766934233716,30,119,915.254237288136,-0.276629275841493,0.695101240323158,-0.23904931642449,3,0.1,0.95,"2024-05-22 14:15:00",436,18.1666666666667,5.0787131678628,202965.838464785,494432.323949717,FALSE,2,0,0,0.478792557814908,0.610205978702001,0.952520993493428,0.199396278907454,0.873589045271236,44.1229667027685,37.9971500118731,17.8010877218963,-0.642362455612447,-0.970577068832654,-0.0530837873268322,1.7071957247829,0.976196869637614,0.0713120829249862
"Inanga",69,"Event_73.csv","2024-06-14 01:30:00","2024-06-16 00:15:00",79,"2024-06-14 21:00:00",16.107700009202,19.5,27.25,0.417112299465241,0.0358817193936117,3.07395566239478,0.503752003097912,0.327981448116292,1,767619.588470912,23.1398654157223,432952.577562606,130.513401776855,46.75,186,909.72972972973,-0.0202702373383634,0.894952885512837,-0.0191888772221361,3,0.1,0.95,"2024-06-11 00:15:00",73.25,3.05208333333333,5.24126540126796,128965.795049447,385686.93749289,FALSE,3,1,1,0.478792557814908,0.610205978702001,0.952520993493428,0.199396278907454,0.873589045271236,44.1229667027685,37.9971500118731,17.8010877218963,-0.642362455612447,-0.970577068832654,-0.0530837873268322,1.7071957247829,0.976196869637614,0.0713120829249862
"Inanga",70,"Event_74.csv","2024-06-16 18:15:00","2024-06-19 09:15:00",31,"2024-06-17 02:00:00",3.27361459654061,7.75,55.25,0.123015873015873,0.00944302317629799,1.29994161896296,0.900883878417679,0.0143966795997034,4,549109.424038553,16.552884217126,64940.3723252186,19.5762523289151,63,250,910.843373493976,0.114081452931793,0.781034912001868,0.0982906099571274,1,0.1,0.95,"2024-06-16 00:15:00",18,0.75,16.107700009202,432952.577562606,767619.588470912,FALSE,3,2,2,0.478792557814908,0.610205978702001,0.952520993493428,0.199396278907454,0.873589045271236,44.1229667027685,37.9971500118731,17.8010877218963,-0.642362455612447,-0.970577068832654,-0.0530837873268322,1.7071957247829,0.976196869637614,0.0713120829249862
"Inanga",71,"Event_75.csv","2024-06-22 23:45:00","2024-06-24 05:15:00",53,"2024-06-23 13:00:00",4.07474757251776,13.25,16.25,0.449152542372881,0.0131402504875215,1.50664538562422,0.735781806588653,0.0471358608407625,1,297369.022901865,8.96417870531553,47804.919305614,14.410776060899,29.5,117,915.51724137931,-0.198056629372481,0.818277355448061,-0.180304182532579,4,0.1,0.95,"2024-06-19 09:15:00",86.5,3.60416666666667,3.27361459654061,64940.3723252186,549109.424038553,FALSE,3,3,2,0.478792557814908,0.610205978702001,0.952520993493428,0.199396278907454,0.873589045271236,44.1229667027685,37.9971500118731,17.8010877218963,-0.642362455612447,-0.970577068832654,-0.0530837873268322,1.7071957247829,0.976196869637614,0.0713120829249862
"Inanga",72,"Event_76.csv","2024-07-01 15:30:00","2024-07-03 03:30:00",34,"2024-07-01 23:45:00",3.34874936568379,8.25,27.75,0.229166666666667,0.0143335961288897,1.41624881724213,0.801091571668431,0.0412697990062117,5,325644.041008923,9.81652812871645,81027.9007541961,24.4258320987552,36,143,912.676056338028,-0.244489793080466,0.391992339815769,-0.227884238622322,4,0.1,0.999,"2024-06-24 05:15:00",178.25,7.42708333333333,4.07474757251776,47804.919305614,297369.022901865,FALSE,4,2,0,0.478792557814908,0.610205978702001,0.952520993493428,0.199396278907454,0.873589045271236,44.1229667027685,37.9971500118731,17.8010877218963,-0.642362455612447,-0.970577068832654,-0.0530837873268322,1.7071957247829,0.976196869637614,0.0713120829249862
"Inanga",73,"Event_77.csv","2024-07-15 11:15:00","2024-07-16 12:00:00",52,"2024-07-16 00:15:00",7.85416832815756,13,11.75,0.525252525252525,0.0280559921939889,2.30872220411811,0.509872296429754,0.0668603035546263,1,363965.18667371,10.9717177129555,131035.469163222,39.5005959548659,24.75,99,909.183673469388,-0.22981187864485,0.697663276814832,-0.174975652411035,4,0.15,0.95,"2024-07-03 03:30:00",295.75,12.3229166666667,3.34874936568379,81027.9007541961,325644.041008923,FALSE,4,1,0,0.478792557814908,0.610205978702001,0.952520993493428,0.199396278907454,0.873589045271236,44.1229667027685,37.9971500118731,17.8010877218963,-0.642362455612447,-0.970577068832654,-0.0530837873268322,1.7071957247829,0.976196869637614,0.0713120829249862
"Kokako",1,"Event_1.csv","2022-02-07 03:30:00","2022-02-08 03:30:00",38,"2022-02-07 12:45:00",1.51656259204688,9.25,14.75,0.385416666666667,0.0388475136277033,2.00887962765371,0.254524547240615,0.182722975428693,1,58197.2272838995,5.13724941774179,9679.22830696067,8.54415447346923,24,96,909.473684210526,-0.0133053547353605,0.990750308564063,-0.0171848934492248,3,0.1,0.95,NA,NA,NA,NA,NA,NA,NA,0,0,0,0.379938985910839,0.32854085963545,0.90155062684277,0.149969492955419,1.16183953563591,85.1032884410428,10.9582323079729,3.92546438436413,1.68030013398703,1.55885695037014,-1.27728329503153,1.36601831459372,1.10328712041301,0.0410698355167805
"Kokako",2,"Event_2.csv","2022-04-22 05:15:00","2022-04-23 02:15:00",38,"2022-04-22 14:30:00",3.3071623577376,9.25,11.75,0.44047619047619,0.0634741939953778,2.95439093517732,0.212246706650658,0.371070339755212,1,83530.5335166519,7.37349878506666,22494.0667521326,19.8562090873026,21,84,910.843373493976,0.0667146998026668,1,0.0584172468929594,1,0.1,0.999,"2022-02-08 03:30:00",1753.75,73.0729166666667,1.51656259204688,9679.22830696067,58197.2272838995,FALSE,0,0,0,0.379938985910839,0.32854085963545,0.90155062684277,0.149969492955419,1.16183953563591,85.1032884410428,10.9582323079729,3.92546438436413,1.68030013398703,1.55885695037014,-1.27728329503153,1.36601831459372,1.10328712041301,0.0410698355167805
"Kokako",3,"Event_4.csv","2022-05-30 14:30:00","2022-05-31 07:45:00",24,"2022-05-30 20:15:00",6.77233023369116,5.75,11.5,0.333333333333333,0.065910747825649,1.7460121408158,0.0885116715025354,0.317587064595907,1,174230.472478535,15.3798631836341,92216.4633765939,81.4023270346895,17.25,69,913.235294117647,0.156772980620373,1,0.139764863208711,1,0.1,0.95,"2022-04-23 02:15:00",900.25,37.5104166666667,3.3071623577376,22494.0667521326,83530.5335166519,FALSE,0,0,0,0.379938985910839,0.32854085963545,0.90155062684277,0.149969492955419,1.16183953563591,85.1032884410428,10.9582323079729,3.92546438436413,1.68030013398703,1.55885695037014,-1.27728329503153,1.36601831459372,1.10328712041301,0.0410698355167805
"Kokako",4,"Event_5.csv","2022-06-02 07:45:00","2022-06-02 18:45:00",17,"2022-06-02 11:45:00",2.45255217070666,4,7,0.363636363636364,0.112625135308786,3.27571777294335,0.354066609274383,0.458625566205172,1,32786.5190974071,2.89416754034143,8295.51202196041,7.32270527198743,11,45,900,0.030323161292578,0.907244438574734,0.0248976547031116,1,0.1,0.95,"2022-05-31 07:45:00",48,2,6.77233023369116,92216.4633765939,174230.472478535,FALSE,1,1,1,0.379938985910839,0.32854085963545,0.90155062684277,0.149969492955419,1.16183953563591,85.1032884410428,10.9582323079729,3.92546438436413,1.68030013398703,1.55885695037014,-1.27728329503153,1.36601831459372,1.10328712041301,0.0410698355167805
"Kokako",5,"Event_6_1.csv","2022-06-06 11:15:00","2022-06-07 16:30:00",29,"2022-06-06 18:15:00",4.34629795455769,7,22.25,0.239316239316239,0.0404848908015123,2.04831925388227,0.203538721701938,0.0866705420870708,2,196210.881061539,17.3201418956064,80714.1243058405,71.2488562506537,29.25,117,907.758620689655,0.0493948139215514,0.869329416341555,0.049080407096286,1,0.1,0.95,"2022-06-02 18:45:00",88.5,3.6875,2.45255217070666,8295.51202196041,32786.5190974071,FALSE,2,2,2,0.379938985910839,0.32854085963545,0.90155062684277,0.149969492955419,1.16183953563591,85.1032884410428,10.9582323079729,3.92546438436413,1.68030013398703,1.55885695037014,-1.27728329503153,1.36601831459372,1.10328712041301,0.0410698355167805
"Kokako",6,"Event_6_2.csv","2022-06-07 17:15:00","2022-06-08 17:30:00",54,"2022-06-08 06:45:00",3.61017378249612,13.5,10.75,0.556701030927835,0.0593923510044833,2.43612898905911,0.366726493133712,0.411529214484068,1,114878.110149076,10.1406464193851,33667.6580202017,29.719484008624,24.25,97,909.375,0.117077767766689,0.997822375569182,0.123693413170635,1,0.1,0.95,"2022-06-07 16:30:00",0.75,0.03125,4.34629795455769,80714.1243058405,196210.881061539,FALSE,3,3,2,0.379938985910839,0.32854085963545,0.90155062684277,0.149969492955419,1.16183953563591,85.1032884410428,10.9582323079729,3.92546438436413,1.68030013398703,1.55885695037014,-1.27728329503153,1.36601831459372,1.10328712041301,0.0410698355167805
"Kokako",7,"Event_9_E.csv","2022-06-13 01:00:00","2022-06-14 00:30:00",31,"2022-06-13 08:30:00",0.57561465982351,7.5,16,0.319148936170213,0.015036578574,1.517644554901,0.789049701963575,0.120028143678369,1,32491.1075782583,2.86809065101923,3241.16934096206,2.86108051650536,23.5,94,909.677419354839,0.115661974629631,0.694598606281885,0.090786979164246,1,0.15,0.95,"2022-06-08 17:30:00",103.5,4.3125,3.61017378249612,33667.6580202017,114878.110149076,FALSE,4,4,2,0.379938985910839,0.32854085963545,0.90155062684277,0.149969492955419,1.16183953563591,85.1032884410428,10.9582323079729,3.92546438436413,1.68030013398703,1.55885695037014,-1.27728329503153,1.36601831459372,1.10328712041301,0.0410698355167805
"Kokako",8,"Event_7.csv","2022-06-17 20:15:00","2022-06-18 10:15:00",15,"2022-06-17 23:45:00",0.622463193618368,3.5,10.5,0.25,0.036605101943202,1.69988927765171,0.729731589704635,0.181399105057209,1,17961.9995253329,1.5855613043703,2660.33141564616,2.34835689840664,14,56,916.363636363636,0.0216353352713007,1,0.0208473527887965,2,0.1,0.85,"2022-06-14 00:30:00",91.75,3.82291666666667,0.57561465982351,3241.16934096206,32491.1075782583,FALSE,5,3,1,0.379938985910839,0.32854085963545,0.90155062684277,0.149969492955419,1.16183953563591,85.1032884410428,10.9582323079729,3.92546438436413,1.68030013398703,1.55885695037014,-1.27728329503153,1.36601831459372,1.10328712041301,0.0410698355167805
"Kokako",9,"Event_8.csv","2022-06-18 17:00:00","2022-06-19 16:00:00",46,"2022-06-19 04:30:00",3.55535993267191,11.5,11.5,0.5,0.0486485678661374,2.18634615401777,0.210695538745544,0.228284438926368,1,124659.106784954,11.0040452721772,55774.8600728664,49.2341956492543,23,92,909.89010989011,-0.060750087239052,0.9616072731054,-0.0529160943764313,3,0.1,0.95,"2022-06-18 10:15:00",6.75,0.28125,0.622463193618368,2660.33141564616,17961.9995253329,FALSE,6,4,2,0.379938985910839,0.32854085963545,0.90155062684277,0.149969492955419,1.16183953563591,85.1032884410428,10.9582323079729,3.92546438436413,1.68030013398703,1.55885695037014,-1.27728329503153,1.36601831459372,1.10328712041301,0.0410698355167805
"Kokako",10,"Event_9.csv","2022-06-25 04:15:00","2022-06-25 20:30:00",22,"2022-06-25 09:30:00",1.20366880393933,5.25,11,0.323076923076923,0.0473237787959543,1.77576235228906,0.456962786395314,0.259473472836451,1,33822.4727889156,2.98561437976812,6723.74603795443,5.93525877960188,16.25,66,900,0.0991803075523517,0.996461080142304,0.0841707302149523,2,0.1,0.95,"2022-06-19 16:00:00",132.25,5.51041666666667,3.55535993267191,55774.8600728664,124659.106784954,FALSE,7,3,2,0.379938985910839,0.32854085963545,0.90155062684277,0.149969492955419,1.16183953563591,85.1032884410428,10.9582323079729,3.92546438436413,1.68030013398703,1.55885695037014,-1.27728329503153,1.36601831459372,1.10328712041301,0.0410698355167805
"Kokako",11,"Event_10.csv","2022-06-29 12:30:00","2022-06-30 18:00:00",53,"2022-06-30 01:45:00",0.567340316092728,13.25,16.25,0.449152542372881,0.0135674949768374,1.5951500504973,0.68232582284514,0.053776856750156,1,40048.1991905324,3.53517852267315,5093.53862224297,4.49622422623597,29.5,118,907.692307692308,-0.143666246890269,0.556747522115707,-0.0791860805476576,3,0.2,0.95,"2022-06-25 20:30:00",88,3.66666666666667,1.20366880393933,6723.74603795443,33822.4727889156,FALSE,8,3,1,0.379938985910839,0.32854085963545,0.90155062684277,0.149969492955419,1.16183953563591,85.1032884410428,10.9582323079729,3.92546438436413,1.68030013398703,1.55885695037014,-1.27728329503153,1.36601831459372,1.10328712041301,0.0410698355167805
"Kokako",12,"Event_11.csv","2022-07-05 16:15:00","2022-07-06 12:45:00",31,"2022-07-05 23:45:00",1.10468883348173,7.5,13,0.365853658536585,0.0363723929339949,2.10206964938145,0.456679810624896,0.135238229740347,1,40938.0219718517,3.61372593426935,6723.32322668348,5.93488555100373,20.5,82,911.111111111111,0.00222780973116481,0.90484268295792,0.00138583754521233,2,0.15,0.95,"2022-06-30 18:00:00",118.25,4.92708333333333,0.567340316092728,5093.53862224297,40048.1991905324,FALSE,7,2,1,0.379938985910839,0.32854085963545,0.90155062684277,0.149969492955419,1.16183953563591,85.1032884410428,10.9582323079729,3.92546438436413,1.68030013398703,1.55885695037014,-1.27728329503153,1.36601831459372,1.10328712041301,0.0410698355167805
"Kokako",13,"Event_12.csv","2022-07-08 05:00:00","2022-07-09 08:00:00",55,"2022-07-08 18:30:00",2.79566545530377,13.5,13.5,0.5,0.0489443499842672,1.76012598594022,0.224628961635155,0.185839176234749,4,148662.938593657,13.1229378163405,51960.9804115785,45.8675660031871,27,108,908.411214953271,-0.0247202729395548,0.951215086021791,-0.0167762213114722,3,0.15,0.95,"2022-07-06 12:45:00",40.25,1.67708333333333,1.10468883348173,6723.32322668348,40938.0219718517,FALSE,7,3,1,0.379938985910839,0.32854085963545,0.90155062684277,0.149969492955419,1.16183953563591,85.1032884410428,10.9582323079729,3.92546438436413,1.68030013398703,1.55885695037014,-1.27728329503153,1.36601831459372,1.10328712041301,0.0410698355167805
"Kokako",14,"Event_19_E.csv","2022-07-20 12:00:00","2022-07-21 07:15:00",25,"2022-07-20 18:00:00",0.56500297805564,6,13.25,0.311688311688312,0.0120520257830618,1.16512808766114,0.744871112973963,0.0862729623936139,2,30885.7412997246,2.72637999976384,3862.13298912109,3.40922435235892,19.25,77,911.842105263158,0.00145984150913325,0.853700341890957,0.00635588363894133,2,0.1,0.95,"2022-07-09 08:00:00",268,11.1666666666667,2.79566545530377,51960.9804115785,148662.938593657,FALSE,4,2,0,0.379938985910839,0.32854085963545,0.90155062684277,0.149969492955419,1.16183953563591,85.1032884410428,10.9582323079729,3.92546438436413,1.68030013398703,1.55885695037014,-1.27728329503153,1.36601831459372,1.10328712041301,0.0410698355167805
"Kokako",15,"Event_14.csv","2022-07-25 15:30:00","2022-07-26 19:45:00",60,"2022-07-26 06:30:00",4.09529597285304,15,13.25,0.530973451327434,0.0316004188738596,1.80993377550483,0.182149041548635,0.0902560957167306,1,209638.929375518,18.5054772904678,93161.8531489674,82.2368518538828,28.25,113,908.035714285714,0.151429092805188,0.828564152511629,0.131295728864907,1,0.1,0.95,"2022-07-21 07:15:00",104.25,4.34375,0.56500297805564,3862.13298912109,30885.7412997246,FALSE,5,1,1,0.379938985910839,0.32854085963545,0.90155062684277,0.149969492955419,1.16183953563591,85.1032884410428,10.9582323079729,3.92546438436413,1.68030013398703,1.55885695037014,-1.27728329503153,1.36601831459372,1.10328712041301,0.0410698355167805
"Kokako",16,"Event_16.csv","2022-09-09 20:30:00","2022-09-12 01:45:00",22,"2022-09-10 02:00:00",1.948166930082,5.5,47.75,0.103286384976526,0.0322674384908193,2.19179319391604,0.455810769544872,0.196364709829028,2,168828.829665455,14.9030434502647,22316.8867485181,19.6998068130218,53.25,211,912.857142857143,0.00318926282017708,0.993257092707719,0.00352690808504648,2,0.15,0.95,"2022-07-26 19:45:00",1080.75,45.03125,4.09529597285304,93161.8531489674,209638.929375518,FALSE,0,0,0,0.379938985910839,0.32854085963545,0.90155062684277,0.149969492955419,1.16183953563591,85.1032884410428,10.9582323079729,3.92546438436413,1.68030013398703,1.55885695037014,-1.27728329503153,1.36601831459372,1.10328712041301,0.0410698355167805
"Kokako",17,"Event_25_E1.csv","2022-09-19 23:15:00","2022-09-20 20:30:00",28,"2022-09-20 06:15:00",0.435095911670843,7,14.25,0.329411764705882,0.00883445525839801,1.19920485290938,0.815479556216442,0.04819168701819,2,27338.7433346305,2.41327550868523,1177.93510793104,1.03979978596514,21.25,85,910.714285714286,0.227456588006606,0.800687325594897,0.205767892776502,2,0.1,0.95,"2022-09-12 01:45:00",189.5,7.89583333333333,1.948166930082,22316.8867485181,168828.829665455,FALSE,1,1,0,0.379938985910839,0.32854085963545,0.90155062684277,0.149969492955419,1.16183953563591,85.1032884410428,10.9582323079729,3.92546438436413,1.68030013398703,1.55885695037014,-1.27728329503153,1.36601831459372,1.10328712041301,0.0410698355167805
"Kokako",18,"Event_25_E.csv","2022-09-20 20:15:00","2022-09-21 23:30:00",33,"2022-09-21 04:30:00",0.605667951993049,8.25,19,0.302752293577982,0.0123610734847207,1.42778278232006,0.733366784443524,0.0363366093722236,1,42072.3563972771,3.71385714564329,2250.4811244421,1.98656935832706,27.25,109,908.333333333333,-0.179540716667775,0.97050234529421,-0.149133284938679,4,0.2,0.95,"2022-09-20 20:30:00",-0.25,-0.0104166666666667,0.435095911670843,1177.93510793104,27338.7433346305,TRUE,1,1,0,0.379938985910839,0.32854085963545,0.90155062684277,0.149969492955419,1.16183953563591,85.1032884410428,10.9582323079729,3.92546438436413,1.68030013398703,1.55885695037014,-1.27728329503153,1.36601831459372,1.10328712041301,0.0410698355167805
"Kokako",19,"Event_17.csv","2022-09-22 18:45:00","2022-09-23 20:30:00",31,"2022-09-23 02:30:00",0.754712194741125,7.75,18,0.300970873786408,0.0158463169292539,1.51740357062963,0.67813331193324,0.0521867832620995,1,46217.0703613025,4.07972387834047,3281.1255360118,2.89635108682877,25.75,103,908.823529411765,0.0459722880670324,0.960400698491566,0.0390506871837357,2,0.1,0.95,"2022-09-21 23:30:00",19.25,0.802083333333333,0.605667951993049,2250.4811244421,42072.3563972771,FALSE,3,3,2,0.379938985910839,0.32854085963545,0.90155062684277,0.149969492955419,1.16183953563591,85.1032884410428,10.9582323079729,3.92546438436413,1.68030013398703,1.55885695037014,-1.27728329503153,1.36601831459372,1.10328712041301,0.0410698355167805
"Kokako",20,"Event_18.csv","2022-09-30 02:45:00","2022-10-01 14:30:00",79,"2022-09-30 22:15:00",2.0487088559227,19.5,16.25,0.545454545454545,0.024799975963082,2.30809295303152,0.407967714723093,0.212515576419154,1,122686.558256267,10.8299223069879,17694.6861406336,15.619647243614,35.75,143,906.338028169014,0.00602874349375251,0.984877550835225,0.00478141121703294,2,0.25,0.95,"2022-09-23 20:30:00",150.25,6.26041666666667,0.754712194741125,3281.1255360118,46217.0703613025,FALSE,4,3,1,0.379938985910839,0.32854085963545,0.90155062684277,0.149969492955419,1.16183953563591,85.1032884410428,10.9582323079729,3.92546438436413,1.68030013398703,1.55885695037014,-1.27728329503153,1.36601831459372,1.10328712041301,0.0410698355167805
"Kokako",21,"Event_19_1.csv","2022-10-01 14:15:00","2022-10-03 01:30:00",46,"2022-10-02 01:45:00",5.17478641185493,11.5,23.75,0.326241134751773,0.0356998785965299,2.05476728145089,0.270205684992,0.159606974330334,3,311033.880165453,27.4559234924238,101402.176392807,89.5108402829035,35.25,140,912.94964028777,0.0953655293997952,0.824468561972314,0.087310555884874,2,0.1,0.95,"2022-10-01 14:30:00",-0.25,-0.0104166666666667,2.0487088559227,17694.6861406336,122686.558256267,TRUE,4,3,0,0.379938985910839,0.32854085963545,0.90155062684277,0.149969492955419,1.16183953563591,85.1032884410428,10.9582323079729,3.92546438436413,1.68030013398703,1.55885695037014,-1.27728329503153,1.36601831459372,1.10328712041301,0.0410698355167805
"Kokako",22,"Event_19_2.csv","2022-10-03 14:15:00","2022-10-04 19:30:00",11,"2022-10-03 16:45:00",1.88007169067927,2.5,26.75,0.0854700854700855,0.0312487191826124,1.74445408770528,0.633061045251594,0.219426444472957,1,79961.684591844,7.05846544212851,9752.83779818131,8.60913185015228,29.25,117,907.758620689655,0.0696642928433635,0.856878475862312,0.0596444716382505,1,0.1,0.95,"2022-10-03 01:30:00",12.75,0.53125,5.17478641185493,101402.176392807,311033.880165453,FALSE,6,5,2,0.379938985910839,0.32854085963545,0.90155062684277,0.149969492955419,1.16183953563591,85.1032884410428,10.9582323079729,3.92546438436413,1.68030013398703,1.55885695037014,-1.27728329503153,1.36601831459372,1.10328712041301,0.0410698355167805
"Kokako",23,"Event_29_E.csv","2022-10-13 18:45:00","2022-10-14 18:45:00",31,"2022-10-14 02:30:00",0.441876534602863,7.75,16.25,0.322916666666667,0.00728094203745599,1.16294859489728,0.845479137499254,0.030111119602261,2,32141.4841280097,2.83722830671103,1348.4752783921,1.19034087396729,24,96,909.473684210526,0.266512309784539,0.933646743504519,0.22469731071313,2,0.15,0.95,"2022-10-04 19:30:00",215.25,8.96875,1.88007169067927,9752.83779818131,79961.684591844,FALSE,6,3,0,0.379938985910839,0.32854085963545,0.90155062684277,0.149969492955419,1.16183953563591,85.1032884410428,10.9582323079729,3.92546438436413,1.68030013398703,1.55885695037014,-1.27728329503153,1.36601831459372,1.10328712041301,0.0410698355167805
"Kokako",24,"Event_30_E.csv","2022-10-18 05:00:00","2022-10-18 17:15:00",16,"2022-10-18 08:45:00",0.410169143912677,3.75,8.5,0.306122448979592,0.0121653120185388,1.17375488200522,0.865653766512405,0.0646177152571326,1,15110.3110455784,1.3338339340828,626.620079868637,0.5531369432339,12.25,50,900,0.174609852979522,0.917138207685488,0.152352302726413,2,0.1,0.95,"2022-10-14 18:45:00",82.25,3.42708333333333,0.441876534602863,1348.4752783921,32141.4841280097,FALSE,7,2,1,0.379938985910839,0.32854085963545,0.90155062684277,0.149969492955419,1.16183953563591,85.1032884410428,10.9582323079729,3.92546438436413,1.68030013398703,1.55885695037014,-1.27728329503153,1.36601831459372,1.10328712041301,0.0410698355167805
"Kokako",25,"Event_20.csv","2022-10-30 08:00:00","2022-10-31 13:15:00",27,"2022-10-30 14:30:00",1.51652977463663,6.5,22.75,0.222222222222222,0.035682390884205,2.5981472779647,0.468664593419441,0.196069966558912,1,71369.7666553982,6.30003024725278,7944.0255212839,7.01243725661686,29.25,117,907.758620689655,0.0843795951324526,0.989123636403275,0.0688994417645897,1,0.1,0.9,"2022-10-18 17:15:00",278.75,11.6145833333333,0.410169143912677,626.620079868637,15110.3110455784,FALSE,5,1,0,0.379938985910839,0.32854085963545,0.90155062684277,0.149969492955419,1.16183953563591,85.1032884410428,10.9582323079729,3.92546438436413,1.68030013398703,1.55885695037014,-1.27728329503153,1.36601831459372,1.10328712041301,0.0410698355167805
"Kokako",26,"Event_32_E.csv","2022-11-09 00:15:00","2022-11-10 04:45:00",36,"2022-11-09 09:00:00",0.546103190640586,8.75,19.75,0.307017543859649,0.0125719598958047,1.45278153521815,0.749552916116009,0.0674528561269886,1,38174.1363612288,3.36974919505784,1690.27414416427,1.49205731410063,28.5,114,907.964601769911,0.0392246076331885,0.993096607997807,0.0307277980361223,2,0.15,0.95,"2022-10-31 13:15:00",203,8.45833333333333,1.51652977463663,7944.0255212839,71369.7666553982,FALSE,3,1,0,0.379938985910839,0.32854085963545,0.90155062684277,0.149969492955419,1.16183953563591,85.1032884410428,10.9582323079729,3.92546438436413,1.68030013398703,1.55885695037014,-1.27728329503153,1.36601831459372,1.10328712041301,0.0410698355167805
"Kokako",27,"Event_21.csv","2022-11-11 15:00:00","2022-11-12 15:15:00",25,"2022-11-11 21:00:00",3.58000863438823,6,18.25,0.247422680412371,0.0521819585771749,2.68668573925128,0.264051851591513,0.109949338577507,1,118244.519102471,10.4378097593385,23496.8750860939,20.7414190483577,24.25,97,909.375,-0.131161327398145,0.97465596554352,-0.119117094918049,4,0.1,0.9,"2022-11-10 04:45:00",34.25,1.42708333333333,0.546103190640586,1690.27414416427,38174.1363612288,FALSE,4,2,1,0.379938985910839,0.32854085963545,0.90155062684277,0.149969492955419,1.16183953563591,85.1032884410428,10.9582323079729,3.92546438436413,1.68030013398703,1.55885695037014,-1.27728329503153,1.36601831459372,1.10328712041301,0.0410698355167805
"Kokako",28,"Event_22.csv","2022-11-18 00:30:00","2022-11-19 11:15:00",29,"2022-11-18 07:30:00",0.897628729244924,7,27.75,0.201438848920863,0.0189720739832104,1.69097984360771,0.644984452556668,0.0994871923893232,1,64567.4141200787,5.69956553042233,4846.84811998985,4.27846288291973,34.75,139,906.521739130435,0.0557898213434722,0.979351434005292,0.028974754172055,2,0.15,0.95,"2022-11-12 15:15:00",129.25,5.38541666666667,3.58000863438823,23496.8750860939,118244.519102471,FALSE,3,2,1,0.379938985910839,0.32854085963545,0.90155062684277,0.149969492955419,1.16183953563591,85.1032884410428,10.9582323079729,3.92546438436413,1.68030013398703,1.55885695037014,-1.27728329503153,1.36601831459372,1.10328712041301,0.0410698355167805
"Kokako",29,"Event_23.csv","2022-11-22 21:00:00","2022-11-23 12:45:00",26,"2022-11-23 03:30:00",5.51367986464539,6.5,9.25,0.412698412698413,0.0674279284211857,1.65312312834527,0.162958587727755,0.45318096517519,2,139896.604745725,12.3491063890058,45360.4763645101,40.0410967442323,15.75,63,914.516129032258,0.0293506138192774,0.974665139321363,0.0274361887449409,2,0.1,0.95,"2022-11-19 11:15:00",81.75,3.40625,0.897628729244924,4846.84811998985,64567.4141200787,FALSE,4,3,1,0.379938985910839,0.32854085963545,0.90155062684277,0.149969492955419,1.16183953563591,85.1032884410428,10.9582323079729,3.92546438436413,1.68030013398703,1.55885695037014,-1.27728329503153,1.36601831459372,1.10328712041301,0.0410698355167805
"Kokako",30,"Event_37_E.csv","2022-11-30 11:30:00","2022-12-01 07:45:00",18,"2022-11-30 15:45:00",0.466521701627629,4.25,16,0.209876543209877,0.00831075633454491,1.21478751699444,0.825670987939665,0.0255334155070932,1,28216.8913234224,2.49079235020254,1677.67946609242,1.480939601864,20.25,81,911.25,0.134948851025511,0.281835095988,0.131502564541999,2,0.15,0.95,"2022-11-23 12:45:00",166.75,6.94791666666667,5.51367986464539,45360.4763645101,139896.604745725,FALSE,5,2,1,0.379938985910839,0.32854085963545,0.90155062684277,0.149969492955419,1.16183953563591,85.1032884410428,10.9582323079729,3.92546438436413,1.68030013398703,1.55885695037014,-1.27728329503153,1.36601831459372,1.10328712041301,0.0410698355167805
"Kokako",31,"Event_38_E.csv","2022-12-09 04:15:00","2022-12-10 23:00:00",41,"2022-12-09 14:15:00",0.479190866165822,10,32.75,0.233918128654971,0.008415744891396,1.38277168111833,0.790729821267103,0.0573943987899982,5,56612.6112930551,4.99737045861891,3649.37397891124,3.22141538751115,42.75,171,905.294117647059,0.235448866271021,0.977408699100455,0.162871328825569,1,0.25,0.95,"2022-12-01 07:45:00",188.5,7.85416666666667,0.466521701627629,1677.67946609242,28216.8913234224,FALSE,5,1,0,0.379938985910839,0.32854085963545,0.90155062684277,0.149969492955419,1.16183953563591,85.1032884410428,10.9582323079729,3.92546438436413,1.68030013398703,1.55885695037014,-1.27728329503153,1.36601831459372,1.10328712041301,0.0410698355167805
"Kokako",32,"Event_24.csv","2022-12-14 21:15:00","2022-12-16 05:00:00",64,"2022-12-15 13:15:00",5.43897592198865,16,15.75,0.503937007874016,0.0330304019310405,1.71971995313569,0.181763106173292,0.102138004648879,2,309562.81197034,27.3260677487483,197190.789120856,174.06641413575,31.75,126,914.4,-0.0363053962089086,0.973090554695599,-0.032565681274516,4,0.1,0.999,"2022-12-10 23:00:00",94.25,3.92708333333333,0.479190866165822,3649.37397891124,56612.6112930551,FALSE,4,2,1,0.379938985910839,0.32854085963545,0.90155062684277,0.149969492955419,1.16183953563591,85.1032884410428,10.9582323079729,3.92546438436413,1.68030013398703,1.55885695037014,-1.27728329503153,1.36601831459372,1.10328712041301,0.0410698355167805
"Kokako",33,"Event_25_1.csv","2022-12-20 18:30:00","2022-12-21 22:30:00",21,"2022-12-20 23:30:00",7.77860483511584,5,23,0.178571428571429,0.0529714963914575,1.42923116254185,0.114033234045716,0.0577028119230485,1,297784.890025377,26.2863941168963,216688.556778608,191.277697253831,28,69,1482.35294117647,0.126097591812815,0.873893771887866,0.123790910430368,1,0.1,0.999,"2022-12-16 05:00:00",109.5,4.5625,5.43897592198865,197190.789120856,309562.81197034,FALSE,4,2,1,0.379938985910839,0.32854085963545,0.90155062684277,0.149969492955419,1.16183953563591,85.1032884410428,10.9582323079729,3.92546438436413,1.68030013398703,1.55885695037014,-1.27728329503153,1.36601831459372,1.10328712041301,0.0410698355167805
"Kokako",34,"Event_25_2.csv","2022-12-22 03:30:00","2022-12-22 21:30:00",22,"2022-12-22 08:45:00",1.57160315493492,5.25,12.75,0.291666666666667,0.0365079053788452,1.89175313381857,0.587221688995396,0.1690997243718,1,52421.657097697,4.62742195755273,12339.5958653449,10.8925432761896,18,73,900,0.0380262532230764,1,0.037847388720603,1,0.1,0.95,"2022-12-21 22:30:00",5,0.208333333333333,7.77860483511584,216688.556778608,297784.890025377,FALSE,5,3,2,0.379938985910839,0.32854085963545,0.90155062684277,0.149969492955419,1.16183953563591,85.1032884410428,10.9582323079729,3.92546438436413,1.68030013398703,1.55885695037014,-1.27728329503153,1.36601831459372,1.10328712041301,0.0410698355167805
"Kokako",35,"Event_26_1.csv","2023-01-05 00:15:00","2023-01-07 16:30:00",191,"2023-01-07 00:15:00",1.42300618712623,48,16.25,0.747081712062257,0.0159953380073582,2.28227487658844,0.584848601326375,0.0447212515880729,1,160585.055896878,14.175340018862,36445.6985957171,32.1717464264554,64.25,256,907.058823529412,-0.00688842212669614,0.967664243607993,-0.00818605855267301,3,0.25,0.95,"2022-12-22 21:30:00",314.75,13.1145833333333,1.57160315493492,12339.5958653449,52421.657097697,FALSE,4,1,0,0.379938985910839,0.32854085963545,0.90155062684277,0.149969492955419,1.16183953563591,85.1032884410428,10.9582323079729,3.92546438436413,1.68030013398703,1.55885695037014,-1.27728329503153,1.36601831459372,1.10328712041301,0.0410698355167805
"Kokako",36,"Event_27_1.csv","2023-01-06 18:15:00","2023-01-07 16:30:00",24,"2023-01-07 00:15:00",1.42300618712623,6,16.25,0.269662921348315,0.021284213755991,1.47172513890126,0.535827653450341,0.0447212515880729,1,73728.9448895609,6.50828221346208,20614.5031831452,18.1970601379402,22.25,89,910.227272727273,-0.0324643940909831,0.774370210582313,-0.0373692864261242,3,0.1,0.95,"2023-01-07 16:30:00",-22.25,-0.927083333333333,1.42300618712623,36445.6985957171,160585.055896878,TRUE,4,0,0,0.379938985910839,0.32854085963545,0.90155062684277,0.149969492955419,1.16183953563591,85.1032884410428,10.9582323079729,3.92546438436413,1.68030013398703,1.55885695037014,-1.27728329503153,1.36601831459372,1.10328712041301,0.0410698355167805
"Kokako",37,"Event_26_2.csv","2023-01-07 17:00:00","2023-01-08 12:30:00",7,"2023-01-07 18:30:00",1.79264033839327,1.5,18,0.0769230769230769,0.0438208821028638,1.76587786057495,0.622319398392282,0.275397999181711,1,52308.8996705086,4.61746851038344,11393.5478596795,10.0574374140922,19.5,78,911.688311688312,0.0735608657649061,0.957395517488022,0.0629194682912448,1,0.1,0.95,"2023-01-07 16:30:00",0.5,0.0208333333333333,1.42300618712623,20614.5031831452,73728.9448895609,FALSE,6,2,2,0.379938985910839,0.32854085963545,0.90155062684277,0.149969492955419,1.16183953563591,85.1032884410428,10.9582323079729,3.92546438436413,1.68030013398703,1.55885695037014,-1.27728329503153,1.36601831459372,1.10328712041301,0.0410698355167805
"Kokako",38,"Event_45_E.csv","2023-01-09 23:30:00","2023-01-12 04:15:00",89,"2023-01-10 21:45:00",0.511071683001564,22.25,30.5,0.421800947867299,0.0039781713278037,1.23224883812693,0.867540092521746,0.0249518559975778,6,83144.6411239375,7.33943486892659,6582.82168103747,5.8108604870534,52.75,209,912.980769230769,-0.0401578747180876,0.952714836827158,-0.0233490611702794,3,0.25,0.95,"2023-01-08 12:30:00",35,1.45833333333333,1.79264033839327,11393.5478596795,52308.8996705086,FALSE,6,3,3,0.379938985910839,0.32854085963545,0.90155062684277,0.149969492955419,1.16183953563591,85.1032884410428,10.9582323079729,3.92546438436413,1.68030013398703,1.55885695037014,-1.27728329503153,1.36601831459372,1.10328712041301,0.0410698355167805
"Kokako",39,"Event_28.csv","2023-01-23 21:45:00","2023-01-24 21:30:00",14,"2023-01-24 01:15:00",0.632821145866458,3.5,20.25,0.147368421052632,0.0147926245913856,1.37998005977964,0.735371929456918,0.0738219400482644,1,37278.5399476682,3.29069212706984,3221.83395631303,2.84401257389608,23.75,95,909.574468085106,0.173900861733437,0.885023652074428,0.137220964314933,1,0.15,0.95,"2023-01-12 04:15:00",281.5,11.7291666666667,0.511071683001564,6582.82168103747,83144.6411239375,FALSE,4,1,0,0.379938985910839,0.32854085963545,0.90155062684277,0.149969492955419,1.16183953563591,85.1032884410428,10.9582323079729,3.92546438436413,1.68030013398703,1.55885695037014,-1.27728329503153,1.36601831459372,1.10328712041301,0.0410698355167805
"Kokako",40,"Event_29.csv","2023-01-27 18:00:00","2023-01-29 09:15:00",42,"2023-01-28 04:30:00",6.70369166055358,10.5,28.75,0.267515923566879,0.0436771379509742,2.33361318620483,0.239133179538098,0.0867634366970711,1,317777.332385567,28.0511888960891,234831.779603465,207.293281714286,39.25,156,911.612903225806,-0.0716498379905238,0.987715627395464,-0.0615927485814887,4,0.1,0.95,"2023-01-24 21:30:00",68.5,2.85416666666667,0.632821145866458,3221.83395631303,37278.5399476682,FALSE,5,1,1,0.379938985910839,0.32854085963545,0.90155062684277,0.149969492955419,1.16183953563591,85.1032884410428,10.9582323079729,3.92546438436413,1.68030013398703,1.55885695037014,-1.27728329503153,1.36601831459372,1.10328712041301,0.0410698355167805
"Kokako",41,"Event_30.csv","2023-02-01 05:30:00","2023-02-02 11:00:00",42,"2023-02-01 15:45:00",1.43085247087701,10.25,19.25,0.347457627118644,0.0194906351286923,1.93749709690277,0.618636177977127,0.0210413410721128,2,85540.4925072343,7.55092408754169,20590.0378133072,18.1754637985919,29.5,118,907.692307692308,0.0571978859746195,0.709184110924075,0.0420887342329103,2,0.15,0.95,"2023-01-29 09:15:00",68.25,2.84375,6.70369166055358,234831.779603465,317777.332385567,FALSE,6,2,1,0.379938985910839,0.32854085963545,0.90155062684277,0.149969492955419,1.16183953563591,85.1032884410428,10.9582323079729,3.92546438436413,1.68030013398703,1.55885695037014,-1.27728329503153,1.36601831459372,1.10328712041301,0.0410698355167805
"Kokako",42,"Event_31.csv","2023-02-02 10:00:00","2023-02-03 16:30:00",33,"2023-02-02 18:00:00",2.82890752080304,8,22.5,0.262295081967213,0.0370051108282444,2.29765339241612,0.511867703097058,0.208465886321971,1,124471.213878857,10.9874593836823,41930.5384492497,37.0133843633477,30.5,122,907.438016528926,-0.013095100051083,0.968941050385055,-0.0158911090180202,3,0.1,0.95,"2023-02-02 11:00:00",-1,-0.0416666666666667,1.43085247087701,20590.0378133072,85540.4925072343,TRUE,6,2,1,0.379938985910839,0.32854085963545,0.90155062684277,0.149969492955419,1.16183953563591,85.1032884410428,10.9582323079729,3.92546438436413,1.68030013398703,1.55885695037014,-1.27728329503153,1.36601831459372,1.10328712041301,0.0410698355167805
"Kokako",43,"Event_32.csv","2023-02-13 11:30:00","2023-02-14 21:00:00",56,"2023-02-14 01:30:00",2.41773209400465,14,19.5,0.417910447761194,0.0263450810398269,2.49231062153984,0.426036347889732,0.0585023981721287,1,130451.618266177,11.5153681929241,41099.8805110958,36.280136886057,33.5,134,906.766917293233,-0.0209578988257421,0.982076813983213,-0.0182648473907933,3,0.1,0.95,"2023-02-03 16:30:00",235,9.79166666666667,2.82890752080304,41930.5384492497,124471.213878857,FALSE,4,2,0,0.379938985910839,0.32854085963545,0.90155062684277,0.149969492955419,1.16183953563591,85.1032884410428,10.9582323079729,3.92546438436413,1.68030013398703,1.55885695037014,-1.27728329503153,1.36601831459372,1.10328712041301,0.0410698355167805
"Kokako",44,"Event_33.csv","2023-02-16 19:00:00","2023-02-17 05:30:00",12,"2023-02-16 21:45:00",2.25804646303238,2.75,7.75,0.261904761904762,0.0894867195442331,1.82006796355682,0.479966261280692,0.398869789207372,1,35704.6364578038,3.15175879357193,9220.57193581628,8.13928429570099,10.5,42,921.951219512195,-0.0878597171440086,1,-0.0734559055335738,3,0.1,0.9,"2023-02-14 21:00:00",46,1.91666666666667,2.41773209400465,41099.8805110958,130451.618266177,FALSE,5,2,1,0.379938985910839,0.32854085963545,0.90155062684277,0.149969492955419,1.16183953563591,85.1032884410428,10.9582323079729,3.92546438436413,1.68030013398703,1.55885695037014,-1.27728329503153,1.36601831459372,1.10328712041301,0.0410698355167805
"Kokako",45,"Event_52_E1.csv","2023-02-23 13:30:00","2023-02-24 20:30:00",46,"2023-02-24 01:00:00",0.606225891073089,11.5,19.5,0.370967741935484,0.00572585258717824,1.17753024296046,0.840717340686814,0.0290960203301124,2,56315.3042183114,4.97112624273613,5761.28408262374,5.08566381599627,31,124,907.317073170732,0.209925389787674,0.944022923320787,0.16345731241667,1,0.2,0.95,"2023-02-17 05:30:00",152,6.33333333333333,2.25804646303238,9220.57193581628,35704.6364578038,FALSE,6,2,1,0.379938985910839,0.32854085963545,0.90155062684277,0.149969492955419,1.16183953563591,85.1032884410428,10.9582323079729,3.92546438436413,1.68030013398703,1.55885695037014,-1.27728329503153,1.36601831459372,1.10328712041301,0.0410698355167805
"Kokako",46,"Event_52_E.csv","2023-02-24 20:30:00","2023-02-26 00:30:00",37,"2023-02-25 05:45:00",0.627216457999033,9.25,18.75,0.330357142857143,0.00662524613076329,1.21857173621008,0.853064196795688,0.0158484319178302,2,51627.8421734613,4.55734945671981,4921.23600238343,4.34412736958835,28,111,916.363636363636,0.0491689438237468,0.949933026160108,0.0453631019052411,2,0.1,0.95,"2023-02-24 20:30:00",0,0,0.606225891073089,5761.28408262374,56315.3042183114,FALSE,5,2,0,0.379938985910839,0.32854085963545,0.90155062684277,0.149969492955419,1.16183953563591,85.1032884410428,10.9582323079729,3.92546438436413,1.68030013398703,1.55885695037014,-1.27728329503153,1.36601831459372,1.10328712041301,0.0410698355167805
"Kokako",47,"Event_34.csv","2023-02-26 21:30:00","2023-02-28 04:45:00",20,"2023-02-27 02:30:00",2.82112092909945,5,26.25,0.16,0.0403108250535193,2.50756999244288,0.462369564338574,0.299080232579733,1,119095.609208804,10.5129381178061,37827.9354895848,33.3918897235859,31.25,124,914.634146341463,-0.0480390142044316,0.999321282657253,-0.0363809003216143,3,0.1,0.9,"2023-02-26 00:30:00",21,0.875,0.627216457999033,4921.23600238343,51627.8421734613,FALSE,7,4,2,0.379938985910839,0.32854085963545,0.90155062684277,0.149969492955419,1.16183953563591,85.1032884410428,10.9582323079729,3.92546438436413,1.68030013398703,1.55885695037014,-1.27728329503153,1.36601831459372,1.10328712041301,0.0410698355167805
"Kokako",48,"Event_55_E.csv","2023-04-09 15:30:00","2023-04-10 23:15:00",64,"2023-04-10 07:30:00",0.53945400983064,16,15.75,0.503937007874016,0.00552363751280612,1.19812623991388,0.885680730126222,0.0514794194890118,4,51107.6737418646,4.51143257893951,2657.72565228204,2.34605671041661,31.75,127,907.142857142857,0.0704141730722066,0.958045543653259,0.0548365631646335,2,0.15,0.95,"2023-02-28 04:45:00",970.75,40.4479166666667,2.82112092909945,37827.9354895848,119095.609208804,FALSE,0,0,0,0.379938985910839,0.32854085963545,0.90155062684277,0.149969492955419,1.16183953563591,85.1032884410428,10.9582323079729,3.92546438436413,1.68030013398703,1.55885695037014,-1.27728329503153,1.36601831459372,1.10328712041301,0.0410698355167805
"Kokako",49,"Event_35.csv","2023-04-22 08:15:00","2023-04-23 11:45:00",34,"2023-04-22 16:30:00",1.01977372584288,8.25,19.25,0.3,0.0170830729733387,1.57040636812944,0.662872865052889,0.0939916456772393,1,61569.7930359933,5.43495623737636,7452.60414115206,6.57864439108518,27.5,110,908.256880733945,0.138401072171437,0.739628160900672,0.119517622378477,1,0.1,0.95,"2023-04-10 23:15:00",273,11.375,0.53945400983064,2657.72565228204,51107.6737418646,FALSE,1,1,0,0.379938985910839,0.32854085963545,0.90155062684277,0.149969492955419,1.16183953563591,85.1032884410428,10.9582323079729,3.92546438436413,1.68030013398703,1.55885695037014,-1.27728329503153,1.36601831459372,1.10328712041301,0.0410698355167805
"Kokako",50,"Event_36.csv","2023-04-30 15:45:00","2023-05-04 04:15:00",115,"2023-05-01 20:30:00",1.81635899567205,28.75,55.75,0.340236686390533,0.0183223570987942,2.15677236409346,0.599178242776774,0.0747834771814524,4,280452.058624146,24.756371430602,50994.2285036105,45.0141841655813,84.5,335,910.778443113772,0.080853589664469,0.761565791544821,0.0614369211309532,2,0.15,0.95,"2023-04-23 11:45:00",172,7.16666666666667,1.01977372584288,7452.60414115206,61569.7930359933,FALSE,2,1,0,0.379938985910839,0.32854085963545,0.90155062684277,0.149969492955419,1.16183953563591,85.1032884410428,10.9582323079729,3.92546438436413,1.68030013398703,1.55885695037014,-1.27728329503153,1.36601831459372,1.10328712041301,0.0410698355167805
"Kokako",51,"Event_37.csv","2023-05-04 06:45:00","2023-05-04 23:30:00",22,"2023-05-04 12:00:00",0.89567040600374,5.25,11.5,0.313432835820896,0.0130745373544506,1.15937536528402,0.778844706794194,0.0661289751733972,2,42786.0645802414,3.77685837643192,5154.03769650603,4.54962863200185,16.75,68,900,-0.0225226584403025,0.718726600182308,-0.0189367508465382,3,0.1,0.95,"2023-05-04 04:15:00",2.5,0.104166666666667,1.81635899567205,50994.2285036105,280452.058624146,FALSE,3,2,1,0.379938985910839,0.32854085963545,0.90155062684277,0.149969492955419,1.16183953563591,85.1032884410428,10.9582323079729,3.92546438436413,1.68030013398703,1.55885695037014,-1.27728329503153,1.36601831459372,1.10328712041301,0.0410698355167805
"Kokako",52,"Event_38.csv","2023-05-09 16:30:00","2023-05-10 14:45:00",25,"2023-05-09 22:30:00",5.96201963214263,6,16.25,0.269662921348315,0.0386667023486308,1.39237205116947,0.201792924983453,0.0766888342822421,1,250361.795653606,22.1002107655754,123330.836271451,108.867947219266,22.25,89,910.227272727273,-0.0743810700043376,0.953555894224678,-0.0661664198721482,3,0.1,0.95,"2023-05-04 23:30:00",113,4.70833333333333,0.89567040600374,5154.03769650603,42786.0645802414,FALSE,4,2,2,0.379938985910839,0.32854085963545,0.90155062684277,0.149969492955419,1.16183953563591,85.1032884410428,10.9582323079729,3.92546438436413,1.68030013398703,1.55885695037014,-1.27728329503153,1.36601831459372,1.10328712041301,0.0410698355167805
"Kokako",53,"Event_39.csv","2023-05-19 06:30:00","2023-05-20 03:15:00",33,"2023-05-19 14:30:00",2.15795802318833,8,12.75,0.385542168674699,0.0374760890130615,1.87431407341098,0.43851444262797,0.100737175027914,1,84290.662434648,7.44059771784459,18938.791520832,16.7178575773908,20.75,83,910.975609756098,0.0337326495571426,0.988335392084393,0.0307565301080658,2,0.1,0.95,"2023-05-10 14:45:00",207.75,8.65625,5.96201963214263,123330.836271451,250361.795653606,FALSE,4,1,0,0.379938985910839,0.32854085963545,0.90155062684277,0.149969492955419,1.16183953563591,85.1032884410428,10.9582323079729,3.92546438436413,1.68030013398703,1.55885695037014,-1.27728329503153,1.36601831459372,1.10328712041301,0.0410698355167805
"Kokako",54,"Event_40.csv","2023-05-23 08:15:00","2023-05-23 20:00:00",10,"2023-05-23 10:30:00",2.324441472568,2.25,9.5,0.191489361702128,0.0702885399223322,1.72467404700422,0.466602470995699,0.305297566484259,1,44928.4235428886,3.96597103432133,7330.86896455707,6.47118498206032,11.75,48,900,0.0360303065011085,0.926791104914339,0.0316076178879302,1,0.1,0.95,"2023-05-20 03:15:00",77,3.20833333333333,2.15795802318833,18938.791520832,84290.662434648,FALSE,5,2,1,0.379938985910839,0.32854085963545,0.90155062684277,0.149969492955419,1.16183953563591,85.1032884410428,10.9582323079729,3.92546438436413,1.68030013398703,1.55885695037014,-1.27728329503153,1.36601831459372,1.10328712041301,0.0410698355167805
"Kokako",55,"Event_41.csv","2023-05-29 10:00:00","2023-05-30 07:30:00",46,"2023-05-29 21:15:00",5.95654108159481,11.25,10.25,0.523255813953488,0.0622795020772779,2.43247581970707,0.235748566611045,0.519307489291408,1,163599.638065512,14.4414465193488,77559.1003993369,68.4638189760117,21.5,86,910.588235294118,0.00427423986544441,0.98577854788274,0.00628479764831928,2,0.1,0.95,"2023-05-23 20:00:00",134,5.58333333333333,2.324441472568,7330.86896455707,44928.4235428886,FALSE,5,2,1,0.379938985910839,0.32854085963545,0.90155062684277,0.149969492955419,1.16183953563591,85.1032884410428,10.9582323079729,3.92546438436413,1.68030013398703,1.55885695037014,-1.27728329503153,1.36601831459372,1.10328712041301,0.0410698355167805
"Kokako",56,"Event_42.csv","2023-06-04 23:15:00","2023-06-06 04:45:00",64,"2023-06-05 15:15:00",1.15536768741113,16,13.5,0.542372881355932,0.0231044902693642,1.49285439327118,0.642381690917544,0.10130828315504,3,78869.1645497768,6.96202531582144,12274.9001308073,10.8354343484803,29.5,117,915.51724137931,0.0302081129224335,0.933907352363624,0.0322592474748261,2,0.15,0.95,"2023-05-30 07:30:00",135.75,5.65625,5.95654108159481,77559.1003993369,163599.638065512,FALSE,4,2,1,0.379938985910839,0.32854085963545,0.90155062684277,0.149969492955419,1.16183953563591,85.1032884410428,10.9582323079729,3.92546438436413,1.68030013398703,1.55885695037014,-1.27728329503153,1.36601831459372,1.10328712041301,0.0410698355167805
"Kokako",57,"Event_43_1.csv","2023-06-17 17:30:00","2023-06-18 11:00:00",15,"2023-06-17 21:00:00",2.20148638519801,3.5,14,0.2,0.0451904127745692,2.1031834823703,0.444548032067994,0.0983911225996988,2,66810.496153884,5.89756932561862,16164.1539644623,14.2685991099091,17.5,70,913.04347826087,-0.0598277760921872,1,-0.056460391016409,3,0.1,0.999,"2023-06-06 04:45:00",276.75,11.53125,1.15536768741113,12274.9001308073,78869.1645497768,FALSE,4,1,0,0.379938985910839,0.32854085963545,0.90155062684277,0.149969492955419,1.16183953563591,85.1032884410428,10.9582323079729,3.92546438436413,1.68030013398703,1.55885695037014,-1.27728329503153,1.36601831459372,1.10328712041301,0.0410698355167805
"Kokako",58,"Event_43_2.csv","2023-06-18 09:30:00","2023-06-19 16:00:00",19,"2023-06-18 14:00:00",3.73366440978577,4.5,26,0.147540983606557,0.0564494953442316,2.13398828619481,0.419313623488165,0.311478996593114,1,155275.58788943,13.706656840938,49359.1347849001,43.5708363212894,30.5,122,907.438016528926,-0.0209540383408485,0.922406348625247,-0.0151339470777874,3,0.1,0.999,"2023-06-18 11:00:00",-1.5,-0.0625,2.20148638519801,16164.1539644623,66810.496153884,TRUE,4,1,0,0.379938985910839,0.32854085963545,0.90155062684277,0.149969492955419,1.16183953563591,85.1032884410428,10.9582323079729,3.92546438436413,1.68030013398703,1.55885695037014,-1.27728329503153,1.36601831459372,1.10328712041301,0.0410698355167805
"Kokako",59,"Event_45.csv","2023-07-08 04:00:00","2023-07-09 02:45:00",19,"2023-07-08 08:30:00",2.61439905059277,4.5,18.25,0.197802197802198,0.0445838416219737,1.99631987867302,0.403889107874383,0.182703228466366,1,101362.507449882,8.94758232789233,27787.3880733039,24.528787686701,22.75,91,910,-0.0354859130584444,1,-0.0374829004620514,4,0.1,0.95,"2023-06-19 16:00:00",444,18.5,3.73366440978577,49359.1347849001,155275.58788943,FALSE,2,0,0,0.379938985910839,0.32854085963545,0.90155062684277,0.149969492955419,1.16183953563591,85.1032884410428,10.9582323079729,3.92546438436413,1.68030013398703,1.55885695037014,-1.27728329503153,1.36601831459372,1.10328712041301,0.0410698355167805
"Kokako",60,"Event_46.csv","2023-08-19 17:45:00","2023-08-21 01:45:00",52,"2023-08-20 06:45:00",1.3243134487364,13,19,0.40625,0.0202929706226929,2.20965642078236,0.634265929004932,0.0808621417904961,1,77871.8962487095,6.87399335557017,11368.6231193393,10.0354355741806,32,127,914.285714285714,-0.0205096583950178,1,-0.022211832431762,3,0.1,0.95,"2023-07-09 02:45:00",999,41.625,2.61439905059277,27787.3880733039,101362.507449882,FALSE,0,0,0,0.379938985910839,0.32854085963545,0.90155062684277,0.149969492955419,1.16183953563591,85.1032884410428,10.9582323079729,3.92546438436413,1.68030013398703,1.55885695037014,-1.27728329503153,1.36601831459372,1.10328712041301,0.0410698355167805
"Kokako",61,"Event_74_E1.csv","2023-09-05 03:00:00","2023-09-06 03:00:00",41,"2023-09-05 13:00:00",0.539134446804806,10,14,0.416666666666667,0.00611100104769413,1.18002603846546,0.882644588376178,0.0178557354148318,7,40098.7593360159,3.5396416232377,1509.61428414798,1.33258326284548,24,96,909.473684210526,0.0648186154986639,0.97653885839625,0.0557623896868773,2,0.2,0.95,"2023-08-21 01:45:00",361.25,15.0520833333333,1.3243134487364,11368.6231193393,77871.8962487095,FALSE,1,0,0,0.379938985910839,0.32854085963545,0.90155062684277,0.149969492955419,1.16183953563591,85.1032884410428,10.9582323079729,3.92546438436413,1.68030013398703,1.55885695037014,-1.27728329503153,1.36601831459372,1.10328712041301,0.0410698355167805
"Kokako",62,"Event_74_E.csv","2023-09-06 03:00:00","2023-09-06 20:00:00",28,"2023-09-06 09:45:00",0.69037585815942,6.75,10.25,0.397058823529412,0.0132062279225808,1.34866950057352,0.787747896471952,0.0342639467186255,1,32997.943654395,2.91283064050914,2077.16431165638,1.8335772421864,17,69,900,-0.0756143134543741,0.951212404755567,-0.0612919950261194,3,0.15,0.95,"2023-09-06 03:00:00",0,0,0.539134446804806,1509.61428414798,40098.7593360159,FALSE,1,0,0,0.379938985910839,0.32854085963545,0.90155062684277,0.149969492955419,1.16183953563591,85.1032884410428,10.9582323079729,3.92546438436413,1.68030013398703,1.55885695037014,-1.27728329503153,1.36601831459372,1.10328712041301,0.0410698355167805
"Kokako",63,"Event_47.csv","2023-09-11 19:15:00","2023-09-12 12:30:00",15,"2023-09-11 22:45:00",1.90051084283371,3.5,13.75,0.202898550724638,0.0495287191436578,2.05140219392652,0.504373972802446,0.177312634310204,2,53711.1966841855,4.74125360897362,7705.50730784114,6.80188984562902,17.25,69,913.235294117647,0.0631277113447889,0.998244631538219,0.0506249919071226,1,0.1,0.95,"2023-09-06 20:00:00",119.25,4.96875,0.69037585815942,2077.16431165638,32997.943654395,FALSE,3,2,2,0.379938985910839,0.32854085963545,0.90155062684277,0.149969492955419,1.16183953563591,85.1032884410428,10.9582323079729,3.92546438436413,1.68030013398703,1.55885695037014,-1.27728329503153,1.36601831459372,1.10328712041301,0.0410698355167805
"Kokako",64,"Event_48_1.csv","2023-09-24 00:15:00","2023-09-24 16:30:00",15,"2023-09-24 03:45:00",0.975516249373489,3.5,12.75,0.215384615384615,0.0240552141378323,1.5677233940843,0.635872695865319,0.0742811663028984,2,38996.7559857377,3.44236437595668,3628.02175442298,3.20256711793902,16.25,66,900,0.0821681706933638,0.613873522471253,0.0685999571326156,1,0.1,0.95,"2023-09-12 12:30:00",275.75,11.4895833333333,1.90051084283371,7705.50730784114,53711.1966841855,FALSE,3,1,0,0.379938985910839,0.32854085963545,0.90155062684277,0.149969492955419,1.16183953563591,85.1032884410428,10.9582323079729,3.92546438436413,1.68030013398703,1.55885695037014,-1.27728329503153,1.36601831459372,1.10328712041301,0.0410698355167805
"Kokako",65,"Event_48_2.csv","2023-09-25 00:15:00","2023-09-25 20:30:00",38,"2023-09-25 09:30:00",1.82982826188096,9.25,11,0.45679012345679,0.0344738695068619,1.5026384707295,0.473607240150858,0.150595212439401,2,79906.9950827996,7.05363782985887,12886.421365823,11.3752430739367,20.25,82,900,-0.143341891281606,0.649063744332174,-0.130846489440664,4,0.1,0.95,"2023-09-24 16:30:00",7.75,0.322916666666667,0.975516249373489,3628.02175442298,38996.7559857377,FALSE,4,2,1,0.379938985910839,0.32854085963545,0.90155062684277,0.149969492955419,1.16183953563591,85.1032884410428,10.9582323079729,3.92546438436413,1.68030013398703,1.55885695037014,-1.27728329503153,1.36601831459372,1.10328712041301,0.0410698355167805
"Kokako",66,"Event_48_3.csv","2023-09-25 21:00:00","2023-09-26 18:30:00",22,"2023-09-26 02:30:00",3.90150145847363,5.5,16,0.255813953488372,0.0487867856368016,2.12234002257562,0.340692057948122,0.103532721595371,2,129609.830279151,11.441060961325,33732.2017272627,29.7764587369733,21.5,86,910.588235294118,-0.10893686794582,0.888894941358407,-0.098688643146706,4,0.1,0.95,"2023-09-25 20:30:00",0.5,0.0208333333333333,1.82982826188096,12886.421365823,79906.9950827996,FALSE,5,3,2,0.379938985910839,0.32854085963545,0.90155062684277,0.149969492955419,1.16183953563591,85.1032884410428,10.9582323079729,3.92546438436413,1.68030013398703,1.55885695037014,-1.27728329503153,1.36601831459372,1.10328712041301,0.0410698355167805
"Kokako",67,"Event_49.csv","2023-10-23 22:45:00","2023-10-25 01:45:00",11,"2023-10-24 01:30:00",0.698369091356506,2.75,24.25,0.101851851851852,0.0157472732891151,1.41090674729974,0.800858025223265,0.069023100723171,2,46694.3799537682,4.12185747370947,2810.97948156238,2.48133860991269,27,107,916.981132075472,0.175016240479633,0.904974120607129,0.138733253224884,1,0.15,0.95,"2023-09-26 18:30:00",652.25,27.1770833333333,3.90150145847363,33732.2017272627,129609.830279151,FALSE,3,0,0,0.379938985910839,0.32854085963545,0.90155062684277,0.149969492955419,1.16183953563591,85.1032884410428,10.9582323079729,3.92546438436413,1.68030013398703,1.55885695037014,-1.27728329503153,1.36601831459372,1.10328712041301,0.0410698355167805
"Kokako",68,"Event_79_E.csv","2023-11-03 08:30:00","2023-11-04 11:30:00",39,"2023-11-03 18:00:00",0.811963273963155,9.5,17.5,0.351851851851852,0.0147268680354977,1.35160206545648,0.70773831713513,0.0765270166763677,1,54222.0226768004,4.78634580074294,4285.80472733688,3.78321251159633,27,108,908.411214953271,-0.0814331047510645,0.854465401340561,-0.0695572580733767,3,0.15,0.95,"2023-10-25 01:45:00",222.75,9.28125,0.698369091356506,2810.97948156238,46694.3799537682,FALSE,1,1,0,0.379938985910839,0.32854085963545,0.90155062684277,0.149969492955419,1.16183953563591,85.1032884410428,10.9582323079729,3.92546438436413,1.68030013398703,1.55885695037014,-1.27728329503153,1.36601831459372,1.10328712041301,0.0410698355167805
"Kokako",69,"Event_50.csv","2023-11-03 09:30:00","2023-11-04 08:00:00",35,"2023-11-03 18:00:00",0.811963273963155,8.5,14,0.377777777777778,0.0163550822229217,1.30024376693136,0.676337053609268,0.0765270166763677,1,47218.4142711703,4.16811560519773,3992.30859216753,3.52413438710889,22.5,90,910.112359550562,-0.0933226390146149,0.832559400980372,-0.0758128975459468,3,0.15,0.95,"2023-11-04 11:30:00",-26,-1.08333333333333,0.811963273963155,4285.80472733688,54222.0226768004,TRUE,1,1,0,0.379938985910839,0.32854085963545,0.90155062684277,0.149969492955419,1.16183953563591,85.1032884410428,10.9582323079729,3.92546438436413,1.68030013398703,1.55885695037014,-1.27728329503153,1.36601831459372,1.10328712041301,0.0410698355167805
"Kokako",70,"Event_51.csv","2023-11-06 18:30:00","2023-11-07 16:45:00",22,"2023-11-06 23:45:00",0.975968589682543,5.25,17,0.235955056179775,0.02092278674556,1.48881471668686,0.622944867167452,0.0744768998936898,1,49846.6569611115,4.40011872388101,4658.38910847623,4.11210427919389,22.25,89,910.227272727273,0.0397089193686386,0.950958553668647,0.0287928716323276,2,0.15,0.95,"2023-11-04 08:00:00",58.5,2.4375,0.811963273963155,3992.30859216753,47218.4142711703,FALSE,3,3,2,0.379938985910839,0.32854085963545,0.90155062684277,0.149969492955419,1.16183953563591,85.1032884410428,10.9582323079729,3.92546438436413,1.68030013398703,1.55885695037014,-1.27728329503153,1.36601831459372,1.10328712041301,0.0410698355167805
"Kokako",71,"Event_52.csv","2023-11-18 08:30:00","2023-11-20 15:00:00",142,"2023-11-19 20:00:00",0.994746404596181,35.5,19,0.651376146788991,0.0127173517915683,1.72418692436857,0.678519324498343,0.0121875869576324,3,118039.151357999,10.4196813127621,8497.86949961466,7.50133248204054,54.5,217,908.333333333333,-0.0682132058176709,0.871288839881908,-0.0570186662374084,3,0.15,0.95,"2023-11-07 16:45:00",255.75,10.65625,0.975968589682543,4658.38910847623,49846.6569611115,FALSE,4,2,0,0.379938985910839,0.32854085963545,0.90155062684277,0.149969492955419,1.16183953563591,85.1032884410428,10.9582323079729,3.92546438436413,1.68030013398703,1.55885695037014,-1.27728329503153,1.36601831459372,1.10328712041301,0.0410698355167805
"Kokako",72,"Event_83_E.csv","2023-12-03 06:45:00","2023-12-04 17:30:00",69,"2023-12-03 23:45:00",0.531645577335114,17,17.75,0.489208633093525,0.0076448140708546,1.31972284235449,0.872475457752448,0.0628873983334857,1,51175.6344025442,4.51743167684846,6582.68204502671,5.81073722602389,34.75,139,906.521739130435,0.241516353891499,0.471256138367662,0.220830272060161,2,0.15,0.95,"2023-11-20 15:00:00",303.75,12.65625,0.994746404596181,8497.86949961466,118039.151357999,FALSE,4,1,0,0.379938985910839,0.32854085963545,0.90155062684277,0.149969492955419,1.16183953563591,85.1032884410428,10.9582323079729,3.92546438436413,1.68030013398703,1.55885695037014,-1.27728329503153,1.36601831459372,1.10328712041301,0.0410698355167805
"Kokako",73,"Event_84_E.csv","2023-12-26 13:15:00","2023-12-27 02:30:00",13,"2023-12-26 16:15:00",0.51291565101868,3,10.25,0.226415094339623,0.0133486365653146,1.19975255544693,0.798887894819584,0.0176906185085867,3,20753.9357394827,1.83201415719344,1365.17355118004,1.20508095629779,13.25,53,917.307692307692,0.522487836013965,0.959878399708492,0.445348291791085,1,0.15,0.95,"2023-12-04 17:30:00",523.75,21.8229166666667,0.531645577335114,6582.68204502671,51175.6344025442,FALSE,1,0,0,0.379938985910839,0.32854085963545,0.90155062684277,0.149969492955419,1.16183953563591,85.1032884410428,10.9582323079729,3.92546438436413,1.68030013398703,1.55885695037014,-1.27728329503153,1.36601831459372,1.10328712041301,0.0410698355167805
"Kokako",74,"Event_53.csv","2023-12-29 23:30:00","2023-12-31 07:30:00",27,"2023-12-30 06:15:00",0.918300910492577,6.75,25.25,0.2109375,0.015567850856605,1.43907412653863,0.706077606535701,0.0623400692860676,1,61997.0558311229,5.47267204701098,6553.8530223105,5.78528895519126,32,127,914.285714285714,0.037653833356246,0.841384427943555,0.0313164134221639,1,0.1,0.95,"2023-12-27 02:30:00",69,2.875,0.51291565101868,1365.17355118004,20753.9357394827,FALSE,2,1,1,0.379938985910839,0.32854085963545,0.90155062684277,0.149969492955419,1.16183953563591,85.1032884410428,10.9582323079729,3.92546438436413,1.68030013398703,1.55885695037014,-1.27728329503153,1.36601831459372,1.10328712041301,0.0410698355167805
"Kokako",75,"Event_54.csv","2024-01-15 13:45:00","2024-01-16 12:15:00",36,"2024-01-15 22:30:00",0.714810786078532,8.75,13.75,0.388888888888889,0.0203933891150354,1.69666981764587,0.726584648433872,0.126451066984065,1,35386.861919049,3.12370785127829,4145.72046382459,3.65955579550354,22.5,90,910.112359550562,0.143126375752403,0.762274895182494,0.122444356140418,1,0.1,0.95,"2023-12-31 07:30:00",366.25,15.2604166666667,0.918300910492577,6553.8530223105,61997.0558311229,FALSE,2,0,0,0.379938985910839,0.32854085963545,0.90155062684277,0.149969492955419,1.16183953563591,85.1032884410428,10.9582323079729,3.92546438436413,1.68030013398703,1.55885695037014,-1.27728329503153,1.36601831459372,1.10328712041301,0.0410698355167805
"Kokako",76,"Event_55.csv","2024-01-28 18:30:00","2024-01-29 15:45:00",28,"2024-01-29 01:30:00",0.953661181505715,7,14.25,0.329411764705882,0.0284101026553961,1.76702413389584,0.585557345652116,0.207579390137227,1,39404.9320951479,3.47839534475481,5833.38203706004,5.14930691236603,21.25,85,910.714285714286,0.00424502736433586,0.992350668114331,0.000358351244871458,2,0.1,0.95,"2024-01-16 12:15:00",294.25,12.2604166666667,0.714810786078532,4145.72046382459,35386.861919049,FALSE,2,1,0,0.379938985910839,0.32854085963545,0.90155062684277,0.149969492955419,1.16183953563591,85.1032884410428,10.9582323079729,3.92546438436413,1.68030013398703,1.55885695037014,-1.27728329503153,1.36601831459372,1.10328712041301,0.0410698355167805
"Kokako",77,"Event_56.csv","2024-02-26 08:45:00","2024-02-28 00:45:00",34,"2024-02-26 17:00:00",0.744525708836823,8.25,31.75,0.20625,0.0163582981476281,1.39965933922197,0.67731202226805,0.127895038060491,1,65402.4915970674,5.77328040452624,5880.20438358419,5.19063844715636,40,159,911.392405063291,0.143476523934751,0.937377523146279,0.131856503534462,2,0.1,0.95,"2024-01-29 15:45:00",665,27.7083333333333,0.953661181505715,5833.38203706004,39404.9320951479,FALSE,1,0,0,0.379938985910839,0.32854085963545,0.90155062684277,0.149969492955419,1.16183953563591,85.1032884410428,10.9582323079729,3.92546438436413,1.68030013398703,1.55885695037014,-1.27728329503153,1.36601831459372,1.10328712041301,0.0410698355167805
"Kokako",78,"Event_57.csv","2024-03-04 15:30:00","2024-03-05 11:30:00",35,"2024-03-05 00:15:00",0.625011132519224,8.75,11.25,0.4375,0.0206187735361777,1.30845143120431,0.656722194758949,0.114638859433386,2,32129.3994967625,2.83616155889957,3341.3612067556,2.94952297815382,20,80,911.392405063291,0.121365409235089,0.616232253862296,0.100433638643871,1,0.15,0.999,"2024-02-28 00:45:00",134.75,5.61458333333333,0.744525708836823,5880.20438358419,65402.4915970674,FALSE,1,1,1,0.379938985910839,0.32854085963545,0.90155062684277,0.149969492955419,1.16183953563591,85.1032884410428,10.9582323079729,3.92546438436413,1.68030013398703,1.55885695037014,-1.27728329503153,1.36601831459372,1.10328712041301,0.0410698355167805
"Kokako",79,"Event_58.csv","2024-05-15 08:15:00","2024-05-16 02:45:00",30,"2024-05-15 15:30:00",2.04507456966356,7.25,11.25,0.391891891891892,0.0460336018684288,2.36909589109994,0.307087564106451,0.0777506308517261,1,65907.6200237347,5.81786965451099,14167.6037781123,12.5061824517608,18.5,74,912.328767123288,-0.0265091718065953,0.904757880981534,-0.0206515326005148,3,0.15,0.95,"2024-03-05 11:30:00",1700.75,70.8645833333333,0.625011132519224,3341.3612067556,32129.3994967625,FALSE,0,0,0,0.379938985910839,0.32854085963545,0.90155062684277,0.149969492955419,1.16183953563591,85.1032884410428,10.9582323079729,3.92546438436413,1.68030013398703,1.55885695037014,-1.27728329503153,1.36601831459372,1.10328712041301,0.0410698355167805
"Kokako",80,"Event_59.csv","2024-05-21 00:15:00","2024-05-21 18:45:00",20,"2024-05-21 05:00:00",3.22383039971278,4.75,13.75,0.256756756756757,0.0576938604793562,2.1799871232531,0.241454587903341,0.189532328357179,1,87559.4052369407,7.72913976428795,23608.8844769873,20.8402932052555,18.5,75,900,-0.0241544880261752,0.88084139955369,-0.017284081096454,3,0.1,0.95,"2024-05-16 02:45:00",117.5,4.89583333333333,2.04507456966356,14167.6037781123,65907.6200237347,FALSE,1,1,1,0.379938985910839,0.32854085963545,0.90155062684277,0.149969492955419,1.16183953563591,85.1032884410428,10.9582323079729,3.92546438436413,1.68030013398703,1.55885695037014,-1.27728329503153,1.36601831459372,1.10328712041301,0.0410698355167805
"Kokako",81,"Event_60.csv","2024-06-09 20:15:00","2024-06-10 21:00:00",23,"2024-06-10 02:00:00",1.26281842693048,5.75,19,0.232323232323232,0.0259865965095694,1.98320325172447,0.410445821354267,0.0611589423848477,2,65776.7807237206,5.80632006445,10572.4053299106,9.33258948235828,24.75,99,909.183673469388,0.103873343865067,0.994188811298171,0.0885897794213802,1,0.15,0.999,"2024-05-21 18:45:00",457.5,19.0625,3.22383039971278,23608.8844769873,87559.4052369407,FALSE,2,0,0,0.379938985910839,0.32854085963545,0.90155062684277,0.149969492955419,1.16183953563591,85.1032884410428,10.9582323079729,3.92546438436413,1.68030013398703,1.55885695037014,-1.27728329503153,1.36601831459372,1.10328712041301,0.0410698355167805
"Kokako",82,"Event_61.csv","2024-06-14 11:45:00","2024-06-15 07:45:00",36,"2024-06-14 20:30:00",1.9937657190548,8.75,11.25,0.4375,0.0394713363507456,1.85633498783738,0.375130020944507,0.274505132190298,2,69861.9669210786,6.16693209689902,15396.5459416368,13.5910077447608,20,80,911.392405063291,-0.0101226714921186,0.977821043720633,-0.00915114071208167,3,0.1,0.95,"2024-06-10 21:00:00",86.75,3.61458333333333,1.26281842693048,10572.4053299106,65776.7807237206,FALSE,3,1,1,0.379938985910839,0.32854085963545,0.90155062684277,0.149969492955419,1.16183953563591,85.1032884410428,10.9582323079729,3.92546438436413,1.68030013398703,1.55885695037014,-1.27728329503153,1.36601831459372,1.10328712041301,0.0410698355167805
"Kokako",83,"Event_62.csv","2024-06-16 22:00:00","2024-06-17 21:00:00",24,"2024-06-17 04:00:00",0.809532325662484,6,17,0.260869565217391,0.0170937802635129,1.38692026131407,0.72012565671927,0.0995749584126289,1,43934.7566344508,3.87825698014657,4369.24851067055,3.85687092237489,23,92,909.89010989011,0.0720841905201656,0.998629882986129,0.0622634619013114,2,0.1,0.95,"2024-06-15 07:45:00",38.25,1.59375,1.9937657190548,15396.5459416368,69861.9669210786,FALSE,3,2,2,0.379938985910839,0.32854085963545,0.90155062684277,0.149969492955419,1.16183953563591,85.1032884410428,10.9582323079729,3.92546438436413,1.68030013398703,1.55885695037014,-1.27728329503153,1.36601831459372,1.10328712041301,0.0410698355167805
"Kokako",84,"Event_63.csv","2024-06-23 02:15:00","2024-06-24 04:30:00",45,"2024-06-23 13:15:00",1.27806416321464,11,15.25,0.419047619047619,0.026239512034744,2.12589188468481,0.546592102100655,0.0965119760223062,2,61182.537661522,5.40077200661712,8649.79235272882,7.63543948767074,26.25,105,908.653846153846,0.00397156924132223,0.997358385159517,0.00445574924479132,2,0.1,0.95,"2024-06-17 21:00:00",125.25,5.21875,0.809532325662484,4369.24851067055,43934.7566344508,FALSE,3,3,1,0.379938985910839,0.32854085963545,0.90155062684277,0.149969492955419,1.16183953563591,85.1032884410428,10.9582323079729,3.92546438436413,1.68030013398703,1.55885695037014,-1.27728329503153,1.36601831459372,1.10328712041301,0.0410698355167805
"Kokako",85,"Event_65.csv","2024-07-15 20:15:00","2024-07-16 10:15:00",22,"2024-07-16 01:45:00",5.6619450218035,5.5,8.5,0.392857142857143,0.0752393982718221,2.12070864511568,0.151584349705324,0.353081426474913,1,122516.073317733,10.814873073681,59057.5559477203,52.1319329227931,14,56,916.363636363636,0.0400484222753508,1,0.0390044235887885,2,0.1,0.95,"2024-06-24 04:30:00",519.75,21.65625,1.27806416321464,8649.79235272882,61182.537661522,FALSE,2,0,0,0.379938985910839,0.32854085963545,0.90155062684277,0.149969492955419,1.16183953563591,85.1032884410428,10.9582323079729,3.92546438436413,1.68030013398703,1.55885695037014,-1.27728329503153,1.36601831459372,1.10328712041301,0.0410698355167805
"Kokako",86,"Event_66.csv","2024-07-19 09:45:00","2024-07-21 08:45:00",86,"2024-07-20 07:15:00",1.03101973111842,21.5,25.5,0.457446808510638,0.0138422227913969,1.78406263633641,0.664108471689279,0.0918393847302772,1,99783.1937366414,8.80817141722821,11361.6778222155,10.0293047453988,47,187,909.677419354839,-0.00153558878319285,0.989142739276378,-0.0108655109863646,3,0.15,0.95,"2024-07-16 10:15:00",71.5,2.97916666666667,5.6619450218035,59057.5559477203,122516.073317733,FALSE,2,1,1,0.379938985910839,0.32854085963545,0.90155062684277,0.149969492955419,1.16183953563591,85.1032884410428,10.9582323079729,3.92546438436413,1.68030013398703,1.55885695037014,-1.27728329503153,1.36601831459372,1.10328712041301,0.0410698355167805
"Kokako",87,"Event_105_E.csv","2024-07-29 17:15:00","2024-07-30 23:00:00",51,"2024-07-30 06:00:00",0.613294818662428,12.75,17,0.428571428571429,0.0100325874238128,1.44925340013246,0.761722972799118,0.040798471799177,1,47549.4108002012,4.19733369350533,3512.59166133802,3.10067340131952,29.75,119,907.627118644068,0.0299563021448118,0.975017018909774,0.0187126877334221,2,0.25,0.95,"2024-07-21 08:45:00",200.5,8.35416666666667,1.03101973111842,11361.6778222155,99783.1937366414,FALSE,2,2,0,0.379938985910839,0.32854085963545,0.90155062684277,0.149969492955419,1.16183953563591,85.1032884410428,10.9582323079729,3.92546438436413,1.68030013398703,1.55885695037014,-1.27728329503153,1.36601831459372,1.10328712041301,0.0410698355167805
"Kokopu",1,"Event_1.csv","2021-12-14 17:30:00","2021-12-15 19:30:00",48,"2021-12-15 05:30:00",4.11507467077125,12,14,0.461538461538462,0.0352875865595004,2.21947971673749,0.444535809190254,0.17917435066356,1,171392.768206317,3.18637053747671,65770.1083958756,12.2273499537038,26,104,908.73786407767,-0.118183108011099,0.925777015289938,-0.096859450668168,3,0.1,0.9,NA,NA,NA,NA,NA,NA,NA,0,0,0,0.407833096837783,0.549424123797104,0.994178564030541,0.163916548418891,0.785918541473082,53.9369732542063,16.7977772132219,29.2442481129559,-0.706295197976809,-0.364825796443274,0.956507708244322,1.72215102788046,1.01203465928546,0.0603290743132245
"Kokopu",2,"Event_4_E.csv","2022-01-25 19:45:00","2022-01-27 02:15:00",20,"2022-01-26 00:45:00",0.96370085784341,5,25.5,0.163934426229508,0.0119303232424993,1.2120995321356,0.867856176468893,0.0379469979588907,9,87447.6658364068,1.62574342493153,3214.86286536239,0.597676577805638,30.5,121,915,0.0688251973999624,0.0580972677451521,0.0629007147937143,2,0.15,0.95,"2021-12-15 19:30:00",984.25,41.0104166666667,4.11507467077125,65770.1083958756,171392.768206317,FALSE,0,0,0,0.407833096837783,0.549424123797104,0.994178564030541,0.163916548418891,0.785918541473082,53.9369732542063,16.7977772132219,29.2442481129559,-0.706295197976809,-0.364825796443274,0.956507708244322,1.72215102788046,1.01203465928546,0.0603290743132245
"Kokopu",3,"Event_2.csv","2022-02-07 02:00:00","2022-02-07 19:15:00",27,"2022-02-07 08:30:00",1.81111317593591,6.5,10.75,0.376811594202899,0.0203278812202412,1.47418893272044,0.576136226476807,0.0420249825152419,2,80957.8335710621,1.50509066612571,7091.8322996744,1.31844568081229,17.25,70,900,0.160824456820799,0.92761488502168,0.131569702576281,1,0.15,0.95,"2022-01-27 02:15:00",263.75,10.9895833333333,0.96370085784341,3214.86286536239,87447.6658364068,FALSE,1,1,0,0.407833096837783,0.549424123797104,0.994178564030541,0.163916548418891,0.785918541473082,53.9369732542063,16.7977772132219,29.2442481129559,-0.706295197976809,-0.364825796443274,0.956507708244322,1.72215102788046,1.01203465928546,0.0603290743132245
"Kokopu",4,"Event_3.csv","2022-02-21 07:30:00","2022-02-21 22:30:00",12,"2022-02-21 10:15:00",1.92489444223051,2.75,12.25,0.183333333333333,0.0356750883378893,1.79606749798444,0.627768207679443,0.101606142321034,1,62557.2212329116,1.16300406796052,5225.44172213442,0.971464182705053,15,61,900,0.262590838536084,0.998722239429767,0.224116819149782,2,0.1,0.95,"2022-02-07 19:15:00",324.25,13.5104166666667,1.81111317593591,7091.8322996744,80957.8335710621,FALSE,2,1,0,0.407833096837783,0.549424123797104,0.994178564030541,0.163916548418891,0.785918541473082,53.9369732542063,16.7977772132219,29.2442481129559,-0.706295197976809,-0.364825796443274,0.956507708244322,1.72215102788046,1.01203465928546,0.0603290743132245
"Kokopu",5,"Event_4.csv","2022-03-01 22:45:00","2022-03-02 11:00:00",15,"2022-03-02 02:30:00",1.50061900363578,3.75,8.5,0.306122448979592,0.0347887993676047,1.35461827122773,0.681378560857244,0.111829698582672,1,45974.1457893461,0.854707378624578,1987.6155215196,0.369518481081864,12.25,49,918.75,0.427251148788143,0.556759261905788,0.32436296729853,2,0.15,0.9,"2022-02-21 22:30:00",192.25,8.01041666666667,1.92489444223051,5225.44172213442,62557.2212329116,FALSE,2,1,0,0.407833096837783,0.549424123797104,0.994178564030541,0.163916548418891,0.785918541473082,53.9369732542063,16.7977772132219,29.2442481129559,-0.706295197976809,-0.364825796443274,0.956507708244322,1.72215102788046,1.01203465928546,0.0603290743132245
"Kokopu",6,"Event_5.csv","2022-03-21 05:30:00","2022-03-22 05:00:00",36,"2022-03-21 14:15:00",2.72249865523776,8.75,14.75,0.372340425531915,0.0286507680975412,1.69811146551873,0.524450522955732,0.152581178192443,1,123722.002140123,2.30012121621352,9652.51615393636,1.79450354920443,23.5,94,909.677419354839,-0.00470673015876364,0.828184738852821,0.00035479818001594,2,0.1,0.95,"2022-03-02 11:00:00",450.5,18.7708333333333,1.50061900363578,1987.6155215196,45974.1457893461,FALSE,2,0,0,0.407833096837783,0.549424123797104,0.994178564030541,0.163916548418891,0.785918541473082,53.9369732542063,16.7977772132219,29.2442481129559,-0.706295197976809,-0.364825796443274,0.956507708244322,1.72215102788046,1.01203465928546,0.0603290743132245
"Kokopu",7,"Event_6.csv","2022-03-23 06:00:00","2022-03-23 22:30:00",32,"2022-03-23 13:45:00",2.07138205451673,7.75,8.75,0.46969696969697,0.0243196335651483,1.53285341625206,0.603194456879661,0.130784675579351,1,81470.42679345,1.51462030940424,3458.30646073062,0.642935284338983,16.5,67,900,-0.02122578711192,0.739217841028429,-0.0230669442844639,3,0.1,0.95,"2022-03-22 05:00:00",25,1.04166666666667,2.72249865523776,9652.51615393636,123722.002140123,FALSE,3,1,1,0.407833096837783,0.549424123797104,0.994178564030541,0.163916548418891,0.785918541473082,53.9369732542063,16.7977772132219,29.2442481129559,-0.706295197976809,-0.364825796443274,0.956507708244322,1.72215102788046,1.01203465928546,0.0603290743132245
"Kokopu",8,"Event_7.csv","2022-04-22 07:15:00","2022-04-22 19:45:00",13,"2022-04-22 10:15:00",6.31987105749285,3,9.5,0.24,0.0771068195397942,3.27823348077732,0.302732091049704,0.105193815978015,1,128259.88370594,2.38448517319491,55844.4290819796,10.3820625205626,12.5,51,900,-0.123873827607858,1,-0.114270974875229,3,0.1,0.95,"2022-03-23 22:30:00",704.75,29.3645833333333,2.07138205451673,3458.30646073062,81470.42679345,FALSE,1,0,0,0.407833096837783,0.549424123797104,0.994178564030541,0.163916548418891,0.785918541473082,53.9369732542063,16.7977772132219,29.2442481129559,-0.706295197976809,-0.364825796443274,0.956507708244322,1.72215102788046,1.01203465928546,0.0603290743132245
"Kokopu",9,"Event_8.csv","2022-05-19 11:15:00","2022-05-20 01:15:00",28,"2022-05-19 18:00:00",1.44641462835936,6.75,7.25,0.482142857142857,0.0262718531990724,1.42978461679095,0.741478595573666,0.133977509120154,1,50698.1513876696,0.942531575729868,1040.85535290003,0.193505879213247,14,56,916.363636363636,-0.037113801384338,0.721801660765722,-0.0319546099862193,3,0.1,0.95,"2022-04-22 19:45:00",639.5,26.6458333333333,6.31987105749285,55844.4290819796,128259.88370594,FALSE,1,0,0,0.407833096837783,0.549424123797104,0.994178564030541,0.163916548418891,0.785918541473082,53.9369732542063,16.7977772132219,29.2442481129559,-0.706295197976809,-0.364825796443274,0.956507708244322,1.72215102788046,1.01203465928546,0.0603290743132245
"Kokopu",10,"Event_9.csv","2022-05-30 13:15:00","2022-05-31 05:45:00",28,"2022-05-30 20:00:00",7.8721244445652,6.75,9.75,0.409090909090909,0.0981455134905188,2.30713533178116,0.3270401202665,0.46707605878166,1,154261.401552983,2.86788054199928,53289.9132064032,9.90715134381705,16.5,66,913.846153846154,-0.360624178090048,0.97589814142795,-0.274461802320907,4,0.1,0.8,"2022-05-20 01:15:00",252,10.5,1.44641462835936,1040.85535290003,50698.1513876696,FALSE,1,1,0,0.407833096837783,0.549424123797104,0.994178564030541,0.163916548418891,0.785918541473082,53.9369732542063,16.7977772132219,29.2442481129559,-0.706295197976809,-0.364825796443274,0.956507708244322,1.72215102788046,1.01203465928546,0.0603290743132245
"Kokopu",11,"Event_10.csv","2022-05-31 21:15:00","2022-06-01 11:30:00",28,"2022-06-01 04:15:00",1.64129137337317,7,7.25,0.491228070175439,0.0255819512025394,1.48920032754796,0.763091235808611,0.136219578663763,1,57234.4532714403,1.06404825326803,1771.34602970066,0.329311724163312,14.25,57,916.071428571429,-0.115094469670895,0.930077807930184,-0.0757680937314606,3,0.2,0.9,"2022-05-31 05:45:00",15.5,0.645833333333333,7.8721244445652,53289.9132064032,154261.401552983,FALSE,2,2,1,0.407833096837783,0.549424123797104,0.994178564030541,0.163916548418891,0.785918541473082,53.9369732542063,16.7977772132219,29.2442481129559,-0.706295197976809,-0.364825796443274,0.956507708244322,1.72215102788046,1.01203465928546,0.0603290743132245
"Kokopu",12,"Event_11.csv","2022-06-06 10:45:00","2022-06-07 16:45:00",22,"2022-06-06 16:00:00",3.6668774362113,5.25,24.75,0.175,0.0406286704189258,2.33568557832249,0.541008135220989,0.193231196971718,2,193226.225554171,3.59227730911313,13513.7367652546,2.5123447815598,30,120,907.563025210084,0.0307389779180246,0.99467343854341,0.0265610067519749,2,0.15,0.9,"2022-06-01 11:30:00",119.25,4.96875,1.64129137337317,1771.34602970066,57234.4532714403,FALSE,3,2,2,0.407833096837783,0.549424123797104,0.994178564030541,0.163916548418891,0.785918541473082,53.9369732542063,16.7977772132219,29.2442481129559,-0.706295197976809,-0.364825796443274,0.956507708244322,1.72215102788046,1.01203465928546,0.0603290743132245
"Kokopu",13,"Event_12.csv","2022-06-07 15:15:00","2022-06-09 01:00:00",47,"2022-06-08 03:00:00",6.80880871033887,11.75,22,0.348148148148148,0.0464585420035771,2.50745147607801,0.523293392073367,0.313774149137431,1,268860.09316259,4.99838988845354,60694.6397431125,11.2837673306853,33.75,134,913.533834586466,-0.139174312705813,0.967122087410168,-0.133570023030207,4,0.1,0.95,"2022-06-07 16:45:00",-1.5,-0.0625,3.6668774362113,13513.7367652546,193226.225554171,TRUE,3,2,1,0.407833096837783,0.549424123797104,0.994178564030541,0.163916548418891,0.785918541473082,53.9369732542063,16.7977772132219,29.2442481129559,-0.706295197976809,-0.364825796443274,0.956507708244322,1.72215102788046,1.01203465928546,0.0603290743132245
"Kokopu",14,"Event_13.csv","2022-06-12 23:00:00","2022-06-13 13:00:00",25,"2022-06-13 05:15:00",1.73682476043929,6.25,7.75,0.446428571428571,0.0250474277964697,1.54883581930783,0.808639233453897,0.113455199057756,1,59421.2814617695,1.10470367291678,7605.34547977555,1.41391314334319,14,56,916.363636363636,-0.217018361356784,0.890673637530927,-0.166750014284565,4,0.15,0.9,"2022-06-09 01:00:00",94,3.91666666666667,6.80880871033887,60694.6397431125,268860.09316259,FALSE,5,4,2,0.407833096837783,0.549424123797104,0.994178564030541,0.163916548418891,0.785918541473082,53.9369732542063,16.7977772132219,29.2442481129559,-0.706295197976809,-0.364825796443274,0.956507708244322,1.72215102788046,1.01203465928546,0.0603290743132245
"Kokopu",15,"Event_14.csv","2022-06-18 10:00:00","2022-06-19 12:45:00",48,"2022-06-18 21:45:00",3.08313628732124,11.75,15,0.439252336448598,0.0296949219452923,2.4928079990484,0.611811857291454,0.0831870736355603,2,148830.393016513,2.76691242198758,46853.3344296557,8.71052413538736,26.75,107,908.490566037736,0.0307035305036345,0.994693150563281,0.0237448373924375,2,0.1,0.95,"2022-06-13 13:00:00",117,4.875,1.73682476043929,7605.34547977555,59421.2814617695,FALSE,6,3,1,0.407833096837783,0.549424123797104,0.994178564030541,0.163916548418891,0.785918541473082,53.9369732542063,16.7977772132219,29.2442481129559,-0.706295197976809,-0.364825796443274,0.956507708244322,1.72215102788046,1.01203465928546,0.0603290743132245
"Kokopu",16,"Event_15.csv","2022-06-25 00:30:00","2022-06-25 17:00:00",26,"2022-06-25 06:45:00",2.87144555883033,6.25,10.25,0.378787878787879,0.0446419156492118,2.17251395397535,0.584993869315351,0.176929829046713,1,86786.7269256467,1.6134558803965,30300.0585465675,5.6330972915019,16.5,67,900,-0.122475596040797,0.95460827579502,-0.125932259595535,3,0.1,0.95,"2022-06-19 12:45:00",131.75,5.48958333333333,3.08313628732124,46853.3344296557,148830.393016513,FALSE,6,2,1,0.407833096837783,0.549424123797104,0.994178564030541,0.163916548418891,0.785918541473082,53.9369732542063,16.7977772132219,29.2442481129559,-0.706295197976809,-0.364825796443274,0.956507708244322,1.72215102788046,1.01203465928546,0.0603290743132245
"Kokopu",17,"Event_16.csv","2022-06-29 05:30:00","2022-06-30 17:30:00",64,"2022-06-29 21:15:00",1.37615816395004,15.75,20.25,0.4375,0.0153446096692059,1.30127904885,0.839792935839127,0.019913777550151,10,145471.501987233,2.70446713023869,7876.21100750158,1.46426987345477,36,144,906.293706293706,0.0827113225540004,0.150466136649761,0.0616095799247981,2,0.3,0.95,"2022-06-25 17:00:00",84.5,3.52083333333333,2.87144555883033,30300.0585465675,86786.7269256467,FALSE,7,2,1,0.407833096837783,0.549424123797104,0.994178564030541,0.163916548418891,0.785918541473082,53.9369732542063,16.7977772132219,29.2442481129559,-0.706295197976809,-0.364825796443274,0.956507708244322,1.72215102788046,1.01203465928546,0.0603290743132245
"Kokopu",18,"Event_17.csv","2022-07-05 17:00:00","2022-07-06 07:15:00",19,"2022-07-05 21:30:00",2.1728736871894,4.5,9.75,0.315789473684211,0.0349266488488947,1.57407048557931,0.724968605407721,0.122649629570288,2,71614.326047997,1.33138510433474,11973.2030425228,2.22594347551444,14.25,57,916.071428571429,-0.0504758235226549,0.726067840746982,-0.0385880398473657,3,0.1,0.85,"2022-06-30 17:30:00",119.5,4.97916666666667,1.37615816395004,7876.21100750158,145471.501987233,FALSE,6,2,1,0.407833096837783,0.549424123797104,0.994178564030541,0.163916548418891,0.785918541473082,53.9369732542063,16.7977772132219,29.2442481129559,-0.706295197976809,-0.364825796443274,0.956507708244322,1.72215102788046,1.01203465928546,0.0603290743132245
"Kokopu",19,"Event_18.csv","2022-07-08 03:15:00","2022-07-09 06:45:00",72,"2022-07-08 21:00:00",4.55411846939007,17.75,9.75,0.645454545454546,0.0456056810498086,1.68484360981817,0.421771925339935,0.278794670714393,4,245982.893267547,4.57307885293902,170847.119683927,31.762263616532,27.5,110,908.256880733945,-0.161396081089134,0.966209669565109,-0.124684507866199,3,0.1,0.9,"2022-07-06 07:15:00",44,1.83333333333333,2.1728736871894,11973.2030425228,71614.326047997,FALSE,6,3,1,0.407833096837783,0.549424123797104,0.994178564030541,0.163916548418891,0.785918541473082,53.9369732542063,16.7977772132219,29.2442481129559,-0.706295197976809,-0.364825796443274,0.956507708244322,1.72215102788046,1.01203465928546,0.0603290743132245
"Kokopu",20,"Event_19.csv","2022-07-11 16:30:00","2022-07-13 02:15:00",83,"2022-07-12 13:15:00",5.36031813607635,20.75,13,0.614814814814815,0.0397139445243113,2.78129273750843,0.532563243054633,0.089195651546768,2,263445.520553468,4.89772732949444,142871.420731347,26.5612890456263,33.75,134,913.533834586466,-0.285637368515239,0.999621057074944,-0.258170928855244,4,0.1,0.95,"2022-07-09 06:45:00",57.75,2.40625,4.55411846939007,170847.119683927,245982.893267547,FALSE,6,3,2,0.407833096837783,0.549424123797104,0.994178564030541,0.163916548418891,0.785918541473082,53.9369732542063,16.7977772132219,29.2442481129559,-0.706295197976809,-0.364825796443274,0.956507708244322,1.72215102788046,1.01203465928546,0.0603290743132245
"Kokopu",21,"Event_21.csv","2022-07-18 21:15:00","2022-07-21 10:15:00",52,"2022-07-19 10:15:00",1.54126289558689,13,48,0.213114754098361,0.0171283619348646,1.3932955305944,0.874598500602072,0.0632607675073104,7,257404.461967622,4.78541774202141,13811.4820739454,2.56769874364426,61,242,911.203319502075,0.0718163352301456,0.425072661301115,0.0555829031199495,2,0.1,0.95,"2022-07-13 02:15:00",139,5.79166666666667,5.36031813607635,142871.420731347,263445.520553468,FALSE,6,3,1,0.407833096837783,0.549424123797104,0.994178564030541,0.163916548418891,0.785918541473082,53.9369732542063,16.7977772132219,29.2442481129559,-0.706295197976809,-0.364825796443274,0.956507708244322,1.72215102788046,1.01203465928546,0.0603290743132245
"Kokopu",22,"Event_22_1.csv","2022-07-25 14:30:00","2022-07-26 18:45:00",63,"2022-07-26 06:15:00",6.40111735870034,15.75,12.5,0.557522123893805,0.0398037109253676,1.94771624140761,0.370383335475962,0.155785645090151,3,319690.647986972,5.94338298233389,243109.131640665,45.1965262337602,28.25,113,908.035714285714,-0.154133195603705,0.962181908243824,-0.127254536943484,4,0.1,0.9,"2022-07-21 10:15:00",100.25,4.17708333333333,1.54126289558689,13811.4820739454,257404.461967622,FALSE,6,2,1,0.407833096837783,0.549424123797104,0.994178564030541,0.163916548418891,0.785918541473082,53.9369732542063,16.7977772132219,29.2442481129559,-0.706295197976809,-0.364825796443274,0.956507708244322,1.72215102788046,1.01203465928546,0.0603290743132245
"Kokopu",23,"Event_22_2.csv","2022-07-28 04:30:00","2022-07-28 23:45:00",19,"2022-07-28 09:00:00",4.35355240927148,4.5,14.75,0.233766233766234,0.049228114584946,1.6188462121474,0.601099485952184,0.248309009623899,2,137740.786443023,2.56074505548913,69231.4411665134,12.8708478606567,19.25,78,900,-0.134072954889382,0.965505264160866,-0.123317963514298,3,0.1,0.85,"2022-07-26 18:45:00",33.75,1.40625,6.40111735870034,243109.131640665,319690.647986972,FALSE,6,2,2,0.407833096837783,0.549424123797104,0.994178564030541,0.163916548418891,0.785918541473082,53.9369732542063,16.7977772132219,29.2442481129559,-0.706295197976809,-0.364825796443274,0.956507708244322,1.72215102788046,1.01203465928546,0.0603290743132245
"Kokopu",24,"Event_23.csv","2022-07-28 05:00:00","2022-07-28 20:30:00",17,"2022-07-28 09:00:00",4.35355240927148,4,11.5,0.258064516129032,0.0546481959753615,1.51830288938405,0.553525780719455,0.248309009623899,2,120518.190993593,2.24055902142679,67648.5549848585,12.5765727902329,15.5,63,900,-0.135867228470077,0.96664305519706,-0.127021121043172,3,0.1,0.85,"2022-07-28 23:45:00",-18.75,-0.78125,4.35355240927148,69231.4411665134,137740.786443023,TRUE,6,2,2,0.407833096837783,0.549424123797104,0.994178564030541,0.163916548418891,0.785918541473082,53.9369732542063,16.7977772132219,29.2442481129559,-0.706295197976809,-0.364825796443274,0.956507708244322,1.72215102788046,1.01203465928546,0.0603290743132245
"Kokopu",25,"Event_34_E.csv","2022-08-09 04:45:00","2022-08-10 05:15:00",36,"2022-08-09 13:30:00",1.41567480577502,8.75,15.75,0.357142857142857,0.0144185075396749,1.12970814644669,0.908195414060459,0.0258700373351032,12,109732.320682793,2.04003842922766,3888.26003855444,0.722868144237211,24.5,98,909.278350515464,-0.0831851636829848,0.541162158079086,-0.0608808024046462,3,0.1,0.85,"2022-07-28 20:30:00",272.25,11.34375,4.35355240927148,67648.5549848585,120518.190993593,FALSE,5,3,0,0.407833096837783,0.549424123797104,0.994178564030541,0.163916548418891,0.785918541473082,53.9369732542063,16.7977772132219,29.2442481129559,-0.706295197976809,-0.364825796443274,0.956507708244322,1.72215102788046,1.01203465928546,0.0603290743132245
"Kokopu",26,"Event_24.csv","2022-08-17 21:15:00","2022-08-19 04:00:00",52,"2022-08-18 10:15:00",2.68326711967623,13,17.75,0.422764227642276,0.019732402941754,1.71153148977943,0.715947034220174,0.111015469243437,1,179803.362378343,3.34273226587912,28494.8348853176,5.29748736186717,30.75,122,914.876033057851,-0.183604764353451,0.606617259880504,-0.175426543885255,3,0.1,0.999,"2022-08-10 05:15:00",184,7.66666666666667,1.41567480577502,3888.26003855444,109732.320682793,FALSE,5,1,0,0.407833096837783,0.549424123797104,0.994178564030541,0.163916548418891,0.785918541473082,53.9369732542063,16.7977772132219,29.2442481129559,-0.706295197976809,-0.364825796443274,0.956507708244322,1.72215102788046,1.01203465928546,0.0603290743132245
"Kokopu",27,"Event_25.csv","2022-08-25 14:30:00","2022-08-26 07:15:00",21,"2022-08-25 19:30:00",2.91420413000873,5,11.75,0.298507462686567,0.0382534582259403,1.6862725314751,0.631998302621072,0.14174905050039,2,111503.662693676,2.07296952692998,42840.3046650546,7.96445999617297,16.75,67,913.636363636364,-0.41317932585287,0.744159654718393,-0.363983600326351,4,0.1,0.95,"2022-08-19 04:00:00",154.5,6.4375,2.68326711967623,28494.8348853176,179803.362378343,FALSE,5,1,1,0.407833096837783,0.549424123797104,0.994178564030541,0.163916548418891,0.785918541473082,53.9369732542063,16.7977772132219,29.2442481129559,-0.706295197976809,-0.364825796443274,0.956507708244322,1.72215102788046,1.01203465928546,0.0603290743132245
"Kokopu",28,"Event_26.csv","2022-09-05 08:45:00","2022-09-06 12:00:00",41,"2022-09-05 18:45:00",1.81906755280523,10,17.25,0.36697247706422,0.0214130744532266,1.35500339592057,0.772988997764981,0.104774484197454,4,136482.417860857,2.53735066949803,14772.3385035632,2.74633198763235,27.25,109,908.333333333333,0.0131636635502098,0.289105425228721,0.0163579163110734,2,0.15,0.9,"2022-08-26 07:15:00",241.5,10.0625,2.91420413000873,42840.3046650546,111503.662693676,FALSE,3,1,0,0.407833096837783,0.549424123797104,0.994178564030541,0.163916548418891,0.785918541473082,53.9369732542063,16.7977772132219,29.2442481129559,-0.706295197976809,-0.364825796443274,0.956507708244322,1.72215102788046,1.01203465928546,0.0603290743132245
"Kokopu",29,"Event_27_1.csv","2022-09-09 15:45:00","2022-09-11 04:15:00",39,"2022-09-10 01:30:00",2.69200798633445,9.75,26.75,0.267123287671233,0.0233078562480805,1.7281418280388,0.715268714577068,0.195185683765835,1,206334.544084995,3.83597463893395,31901.7355104601,5.93086576456601,36.5,145,912.5,-0.0561461047828707,0.956283263528339,-0.0304790197037528,3,0.1,0.95,"2022-09-06 12:00:00",75.75,3.15625,1.81906755280523,14772.3385035632,136482.417860857,FALSE,3,1,1,0.407833096837783,0.549424123797104,0.994178564030541,0.163916548418891,0.785918541473082,53.9369732542063,16.7977772132219,29.2442481129559,-0.706295197976809,-0.364825796443274,0.956507708244322,1.72215102788046,1.01203465928546,0.0603290743132245
"Kokopu",30,"Event_27_2.csv","2022-09-11 03:45:00","2022-09-12 00:15:00",30,"2022-09-11 11:00:00",2.08330676169552,7.25,13.25,0.353658536585366,0.0186700711720922,1.38526284108979,0.791816440742488,0.0348694886062346,2,111364.639095241,2.07038493305999,16382.7865228552,3.04573109148674,20.5,82,911.111111111111,-0.326450482447843,0.257990893050132,-0.313378070972994,4,0.1,0.95,"2022-09-11 04:15:00",-0.5,-0.0208333333333333,2.69200798633445,31901.7355104601,206334.544084995,TRUE,3,1,1,0.407833096837783,0.549424123797104,0.994178564030541,0.163916548418891,0.785918541473082,53.9369732542063,16.7977772132219,29.2442481129559,-0.706295197976809,-0.364825796443274,0.956507708244322,1.72215102788046,1.01203465928546,0.0603290743132245
"Kokopu",31,"Event_28.csv","2022-09-19 12:45:00","2022-09-22 07:45:00",59,"2022-09-20 03:30:00",1.59765365232962,14.75,52.25,0.220149253731343,0.0137062337100612,1.306031767667,0.861372915231415,0.0471682065791153,13,305258.523266646,5.67507471306854,14756.4532734977,2.74337875748201,67,266,910.188679245283,0.02836874763123,0.0937691562208491,0.0568389895228743,1,0.1,0.85,"2022-09-12 00:15:00",180.5,7.52083333333333,2.08330676169552,16382.7865228552,111364.639095241,FALSE,4,3,0,0.407833096837783,0.549424123797104,0.994178564030541,0.163916548418891,0.785918541473082,53.9369732542063,16.7977772132219,29.2442481129559,-0.706295197976809,-0.364825796443274,0.956507708244322,1.72215102788046,1.01203465928546,0.0603290743132245
"Kokopu",32,"Event_29.csv","2022-09-22 15:00:00","2022-09-23 12:00:00",47,"2022-09-23 02:45:00",1.61544161620399,11.75,9.25,0.55952380952381,0.0147779803863429,1.22614757362098,0.86748594135307,0.0704912094563623,4,100030.19061855,1.85966569990541,4534.25164199339,0.842964729069624,21,84,910.843373493976,0.135421561957274,0.060032496244442,0.0887546534466982,2,0.2,0.85,"2022-09-22 07:45:00",7.25,0.302083333333333,1.59765365232962,14756.4532734977,305258.523266646,FALSE,5,3,1,0.407833096837783,0.549424123797104,0.994178564030541,0.163916548418891,0.785918541473082,53.9369732542063,16.7977772132219,29.2442481129559,-0.706295197976809,-0.364825796443274,0.956507708244322,1.72215102788046,1.01203465928546,0.0603290743132245
"Kokopu",33,"Event_30.csv","2022-09-30 03:30:00","2022-10-01 13:45:00",78,"2022-09-30 22:45:00",3.29606249934895,19.25,15,0.562043795620438,0.0225805667030582,1.69172599100327,0.65691996856322,0.141237243765816,2,238282.538752398,4.42992122142414,63251.9112885721,11.7591908152381,34.25,137,906.617647058824,-0.373686940926445,0.916163483175315,-0.300811938932252,4,0.2,0.95,"2022-09-23 12:00:00",159.5,6.64583333333333,1.61544161620399,4534.25164199339,100030.19061855,FALSE,5,2,1,0.407833096837783,0.549424123797104,0.994178564030541,0.163916548418891,0.785918541473082,53.9369732542063,16.7977772132219,29.2442481129559,-0.706295197976809,-0.364825796443274,0.956507708244322,1.72215102788046,1.01203465928546,0.0603290743132245
"Kokopu",34,"Event_31_1.csv","2022-10-01 12:45:00","2022-10-02 18:30:00",45,"2022-10-01 23:45:00",7.64015873723922,11,18.75,0.369747899159664,0.0333550242917772,2.05103450812639,0.408733568101909,0.140532633511412,2,406892.429953219,7.56455516935548,352636.448238983,65.5587981259823,29.75,119,907.627118644068,-0.142363757660314,0.896860252130609,-0.109985955182797,4,0.1,0.95,"2022-10-01 13:45:00",-1,-0.0416666666666667,3.29606249934895,63251.9112885721,238282.538752398,TRUE,5,2,0,0.407833096837783,0.549424123797104,0.994178564030541,0.163916548418891,0.785918541473082,53.9369732542063,16.7977772132219,29.2442481129559,-0.706295197976809,-0.364825796443274,0.956507708244322,1.72215102788046,1.01203465928546,0.0603290743132245
"Kokopu",35,"Event_31_2.csv","2022-10-03 07:45:00","2022-10-04 08:30:00",25,"2022-10-03 13:45:00",2.03909026386405,6,18.75,0.242424242424242,0.0206001138752604,1.31427819521114,0.830422183587321,-0.00384420499352049,3,139758.394575546,2.59825449755558,15886.010426618,2.9533752276228,24.75,99,909.183673469388,-0.0111935128252387,0.858589593976658,0.0045779316257338,2,0.2,0.95,"2022-10-02 18:30:00",13.25,0.552083333333333,7.64015873723922,352636.448238983,406892.429953219,FALSE,7,4,2,0.407833096837783,0.549424123797104,0.994178564030541,0.163916548418891,0.785918541473082,53.9369732542063,16.7977772132219,29.2442481129559,-0.706295197976809,-0.364825796443274,0.956507708244322,1.72215102788046,1.01203465928546,0.0603290743132245
"Kokopu",36,"Event_32.csv","2022-10-13 17:45:00","2022-10-14 06:15:00",25,"2022-10-13 23:45:00",1.52293659145826,6,6.5,0.48,0.0151786626703532,1.1090907456613,0.89696154269289,0.0495110169676688,6,61288.9168657972,1.13942496535182,6340.71136115828,1.17880445477827,12.5,50,918.367346938776,-0.0463904398795754,0.0468397720832438,-0.031194222342652,3,0.1,0.95,"2022-10-04 08:30:00",225.25,9.38541666666667,2.03909026386405,15886.010426618,139758.394575546,FALSE,5,3,0,0.407833096837783,0.549424123797104,0.994178564030541,0.163916548418891,0.785918541473082,53.9369732542063,16.7977772132219,29.2442481129559,-0.706295197976809,-0.364825796443274,0.956507708244322,1.72215102788046,1.01203465928546,0.0603290743132245
"Kokopu",37,"Event_33_1.csv","2023-06-17 17:00:00","2023-06-18 10:30:00",17,"2023-06-17 21:00:00",2.2946295692052,4,13.5,0.228571428571429,0.0292750966490235,1.48309601710397,0.81717248696043,0.137130902424373,1,97130.1059718096,1.80575009791549,14953.4326834945,2.77999928675357,17.5,70,913.04347826087,0.12808962235379,0.892704235336586,0.117864531859218,2,0.1,0.9,"2022-10-14 06:15:00",5914.75,246.447916666667,1.52293659145826,6340.71136115828,61288.9168657972,FALSE,0,0,0,0.407833096837783,0.549424123797104,0.994178564030541,0.163916548418891,0.785918541473082,53.9369732542063,16.7977772132219,29.2442481129559,-0.706295197976809,-0.364825796443274,0.956507708244322,1.72215102788046,1.01203465928546,0.0603290743132245
"Kokopu",38,"Event_33_2.csv","2023-06-18 10:00:00","2023-06-19 16:30:00",14,"2023-06-18 13:15:00",4.0827373932884,3.25,27.25,0.10655737704918,0.04666147285436,2.10689072529344,0.680515076638897,0.209048685939025,1,214129.607309019,3.98089300424617,82542.1235856588,15.3454427188842,30.5,122,907.438016528926,0.049401002529457,0.949719396938972,0.0559874303694823,2,0.1,0.95,"2023-06-18 10:30:00",-0.5,-0.0208333333333333,2.2946295692052,14953.4326834945,97130.1059718096,TRUE,0,0,0,0.407833096837783,0.549424123797104,0.994178564030541,0.163916548418891,0.785918541473082,53.9369732542063,16.7977772132219,29.2442481129559,-0.706295197976809,-0.364825796443274,0.956507708244322,1.72215102788046,1.01203465928546,0.0603290743132245
"Kokopu",39,"Event_33_3.csv","2023-06-19 22:00:00","2023-06-20 17:30:00",17,"2023-06-20 02:15:00",4.96321469390418,4.25,15.25,0.217948717948718,0.0451295411227084,1.81688321820739,0.490193418851376,0.0453289501481462,2,189159.648797665,3.51667540069584,133363.314164444,24.7936327466453,19.5,78,911.688311688312,-0.112843181328288,0.693113857444262,-0.109362890175278,4,0.1,0.95,"2023-06-19 16:30:00",5.5,0.229166666666667,4.0827373932884,82542.1235856588,214129.607309019,FALSE,2,2,2,0.407833096837783,0.549424123797104,0.994178564030541,0.163916548418891,0.785918541473082,53.9369732542063,16.7977772132219,29.2442481129559,-0.706295197976809,-0.364825796443274,0.956507708244322,1.72215102788046,1.01203465928546,0.0603290743132245
"Kokopu",40,"Event_34.csv","2023-06-22 00:15:00","2023-06-23 16:30:00",23,"2023-06-22 05:45:00",13.390434366172,5.5,34.75,0.136645962732919,0.0831042275187892,4.8403397370689,0.529208220463242,NA,1,543305.575983246,10.1006180031814,553429.38375093,102.888301613467,40.25,145,1006.25,-0.213151873951207,0.973967212896646,-0.0537063135121441,4,0.1,0.3,"2023-06-20 17:30:00",30.75,1.28125,4.96321469390418,133363.314164444,189159.648797665,FALSE,3,3,3,0.407833096837783,0.549424123797104,0.994178564030541,0.163916548418891,0.785918541473082,53.9369732542063,16.7977772132219,29.2442481129559,-0.706295197976809,-0.364825796443274,0.956507708244322,1.72215102788046,1.01203465928546,0.0603290743132245
"Kokopu",41,"Event_58_E.csv","2023-06-30 17:00:00","2023-07-01 07:45:00",27,"2023-06-30 23:30:00",1.55440673154511,6.5,8.25,0.440677966101695,0.0187364095593424,1.09962987939996,0.920406574632479,0.0127914108934719,7,76199.9625229323,1.41663687494459,6918.77915166766,1.28627329349415,14.75,59,915.51724137931,0.0162671874291351,-0.0481451312231183,0.0042236488790256,2,0.2,0.9,"2023-06-23 16:30:00",168.5,7.02083333333333,13.390434366172,553429.38375093,543305.575983246,FALSE,4,4,0,0.407833096837783,0.549424123797104,0.994178564030541,0.163916548418891,0.785918541473082,53.9369732542063,16.7977772132219,29.2442481129559,-0.706295197976809,-0.364825796443274,0.956507708244322,1.72215102788046,1.01203465928546,0.0603290743132245
"Kokopu",42,"Event_35.csv","2023-07-07 19:00:00","2023-07-09 04:00:00",55,"2023-07-08 08:45:00",2.70295004981621,13.75,19.25,0.416666666666667,0.0278654841566385,1.81173802400804,0.738211962159871,0.116725504150921,2,185907.737631251,3.45621897631112,46388.8118037543,8.624164528465,33,131,913.846153846154,-0.222252971327617,0.942505529214265,-0.201609069154785,4,0.1,0.9,"2023-07-01 07:45:00",155.25,6.46875,1.55440673154511,6918.77915166766,76199.9625229323,FALSE,5,1,1,0.407833096837783,0.549424123797104,0.994178564030541,0.163916548418891,0.785918541473082,53.9369732542063,16.7977772132219,29.2442481129559,-0.706295197976809,-0.364825796443274,0.956507708244322,1.72215102788046,1.01203465928546,0.0603290743132245
"Kokopu",43,"Event_36.csv","2023-08-19 11:45:00","2023-08-20 20:45:00",76,"2023-08-20 06:45:00",1.89730763367565,19,14,0.575757575757576,0.0227564052828898,1.39244921046592,0.795404318473327,0.0304047683122141,6,170988.408006579,3.17885305911132,23913.6808103423,4.44580298072857,33,132,906.870229007634,-0.146192067356286,0.767278901624109,-0.129069193525564,3,0.15,0.999,"2023-07-09 04:00:00",991.75,41.3229166666667,2.70295004981621,46388.8118037543,185907.737631251,FALSE,0,0,0,0.407833096837783,0.549424123797104,0.994178564030541,0.163916548418891,0.785918541473082,53.9369732542063,16.7977772132219,29.2442481129559,-0.706295197976809,-0.364825796443274,0.956507708244322,1.72215102788046,1.01203465928546,0.0603290743132245
"Kokopu",44,"Event_37.csv","2023-09-11 15:30:00","2023-09-12 12:00:00",28,"2023-09-11 22:15:00",1.90206290085625,6.75,13.75,0.329268292682927,0.0314764172681102,1.44443354900751,0.795634330219048,0.0422306539352329,3,101426.8602362,1.8856312465667,20687.4231618018,3.84600799374035,20.5,82,911.111111111111,-0.122870106302466,0.39614997847591,-0.0779164454274066,3,0.1,0.95,"2023-08-20 20:45:00",522.75,21.78125,1.89730763367565,23913.6808103423,170988.408006579,FALSE,1,0,0,0.407833096837783,0.549424123797104,0.994178564030541,0.163916548418891,0.785918541473082,53.9369732542063,16.7977772132219,29.2442481129559,-0.706295197976809,-0.364825796443274,0.956507708244322,1.72215102788046,1.01203465928546,0.0603290743132245
"Kokopu",45,"Event_38.csv","2023-09-23 19:00:00","2023-09-24 10:45:00",30,"2023-09-24 02:30:00",1.45649265978569,7.5,8.25,0.476190476190476,0.0238795373027226,1.19523455849968,0.854836197521261,0.0104465436382974,6,71434.0463977715,1.32803351738042,8679.61147705302,1.61363041023612,15.75,63,914.516129032258,-0.0255071801026649,0.092188014729359,0.0263067052517687,2,0.2,0.95,"2023-09-12 12:00:00",271,11.2916666666667,1.90206290085625,20687.4231618018,101426.8602362,FALSE,1,1,0,0.407833096837783,0.549424123797104,0.994178564030541,0.163916548418891,0.785918541473082,53.9369732542063,16.7977772132219,29.2442481129559,-0.706295197976809,-0.364825796443274,0.956507708244322,1.72215102788046,1.01203465928546,0.0603290743132245
"Kokopu",46,"Event_39_1.csv","2023-09-24 22:45:00","2023-09-25 21:15:00",47,"2023-09-25 10:30:00",1.80041192264131,11.75,10.75,0.522222222222222,0.0233109289982811,1.23095427211744,0.761965475021579,0.0518968641272915,6,118869.100931431,2.20990071511252,18075.5171984336,3.36042740037963,22.5,90,910.112359550562,0.222306280624109,0.638505910724332,0.140787368033512,2,0.25,0.95,"2023-09-24 10:45:00",12,0.5,1.45649265978569,8679.61147705302,71434.0463977715,FALSE,2,2,1,0.407833096837783,0.549424123797104,0.994178564030541,0.163916548418891,0.785918541473082,53.9369732542063,16.7977772132219,29.2442481129559,-0.706295197976809,-0.364825796443274,0.956507708244322,1.72215102788046,1.01203465928546,0.0603290743132245
"Kokopu",47,"Event_39_2.csv","2023-09-25 20:45:00","2023-09-26 20:15:00",29,"2023-09-26 04:00:00",5.41514953098984,7.25,16.25,0.308510638297872,0.0494184932429006,1.93559746238657,0.49223725283642,0.0728763599971717,2,220241.190620366,4.09451372001156,192338.398942954,35.7577168529962,23.5,89,961.363636363636,-0.284203648206807,0.939586118572522,-0.23330156011172,4,0.1,0.9,"2023-09-25 21:15:00",-0.5,-0.0208333333333333,1.80041192264131,18075.5171984336,118869.100931431,TRUE,2,2,1,0.407833096837783,0.549424123797104,0.994178564030541,0.163916548418891,0.785918541473082,53.9369732542063,16.7977772132219,29.2442481129559,-0.706295197976809,-0.364825796443274,0.956507708244322,1.72215102788046,1.01203465928546,0.0603290743132245
"Kokopu",48,"Event_40.csv","2023-11-03 05:15:00","2023-11-04 03:15:00",44,"2023-11-03 16:00:00",1.45905916440622,10.75,11.25,0.488636363636364,0.0122928189799518,1.25618637056267,0.885042527557467,0.0537528778632626,4,93167.179661071,1.73207515952178,7761.24119673746,1.442895785064,22,88,910.344827586207,0.0100101814996259,0.81323775962058,0.0197972925752517,2,0.1,0.9,"2023-09-26 20:15:00",897,37.375,5.41514953098984,192338.398942954,220241.190620366,FALSE,0,0,0,0.407833096837783,0.549424123797104,0.994178564030541,0.163916548418891,0.785918541473082,53.9369732542063,16.7977772132219,29.2442481129559,-0.706295197976809,-0.364825796443274,0.956507708244322,1.72215102788046,1.01203465928546,0.0603290743132245
"Kokopu",49,"Event_41.csv","2023-11-06 14:15:00","2023-11-07 11:45:00",28,"2023-11-06 21:00:00",1.6315180542215,6.75,14.75,0.313953488372093,0.0171146953402647,1.38531787133575,0.827507914961059,0.0413989114632169,2,95347.8157088944,1.77261546077521,8913.08842379717,1.65703621271374,21.5,86,910.588235294118,0.137641733891146,0.890539161101638,0.112047089709271,2,0.2,0.95,"2023-11-04 03:15:00",59,2.45833333333333,1.45905916440622,7761.24119673746,93167.179661071,FALSE,1,1,1,0.407833096837783,0.549424123797104,0.994178564030541,0.163916548418891,0.785918541473082,53.9369732542063,16.7977772132219,29.2442481129559,-0.706295197976809,-0.364825796443274,0.956507708244322,1.72215102788046,1.01203465928546,0.0603290743132245
"Kokopu",50,"Event_80_E.csv","2023-12-26 13:15:00","2023-12-26 21:00:00",6,"2023-12-26 14:30:00",1.23138812168786,1.25,6.5,0.161290322580645,0.0132392161711185,1.08783846243679,0.925220336100516,0.0388706798139513,4,30781.2461228633,0.572255508672597,2765.60750343245,0.514155314683625,7.75,32,900,-0.195119639235564,0.0178400345944591,-0.12950769916486,8,0.1,0.75,"2023-11-07 11:45:00",1177.5,49.0625,1.6315180542215,8913.08842379717,95347.8157088944,FALSE,0,0,0,0.407833096837783,0.549424123797104,0.994178564030541,0.163916548418891,0.785918541473082,53.9369732542063,16.7977772132219,29.2442481129559,-0.706295197976809,-0.364825796443274,0.956507708244322,1.72215102788046,1.01203465928546,0.0603290743132245
"Kokopu",51,"Event_81_E.csv","2023-12-28 22:00:00","2023-12-30 17:00:00",120,"2023-12-30 04:15:00",1.31402994063931,30.25,12.75,0.703488372093023,0.0107983920105823,1.18396807305896,0.911726622176569,0.0374359014974593,15,171526.436675651,3.18885557390462,5890.03975566599,1.09501989718892,43,171,910.588235294118,-0.0407055630470925,0.780098057395678,-0.018931704314367,3,0.1,0.9,"2023-12-26 21:00:00",49,2.04166666666667,1.23138812168786,2765.60750343245,30781.2461228633,FALSE,1,1,1,0.407833096837783,0.549424123797104,0.994178564030541,0.163916548418891,0.785918541473082,53.9369732542063,16.7977772132219,29.2442481129559,-0.706295197976809,-0.364825796443274,0.956507708244322,1.72215102788046,1.01203465928546,0.0603290743132245
"Kokopu",52,"Event_82_E.csv","2023-12-31 13:15:00","2024-01-01 13:45:00",33,"2023-12-31 21:15:00",1.24742300012839,8,16.5,0.326530612244898,0.0137942909925272,1.12347333150577,0.905617043932673,0.0298432633502341,12,97087.2891407842,1.80495408831535,4088.73096757206,0.760137783354855,24.5,98,909.278350515464,0.141201228647079,0.508063864831098,0.181179271530599,2,0.1,0.95,"2023-12-30 17:00:00",20.25,0.84375,1.31402994063931,5890.03975566599,171526.436675651,FALSE,2,2,2,0.407833096837783,0.549424123797104,0.994178564030541,0.163916548418891,0.785918541473082,53.9369732542063,16.7977772132219,29.2442481129559,-0.706295197976809,-0.364825796443274,0.956507708244322,1.72215102788046,1.01203465928546,0.0603290743132245
"Kokopu",53,"Event_43.csv","2024-01-15 12:45:00","2024-01-16 06:45:00",26,"2024-01-15 19:00:00",1.53252515140513,6.25,11.75,0.347222222222222,0.0180964509014666,1.38211965139956,0.860249317675385,0.0840521741732101,2,72930.9958078783,1.35586337010044,5039.61590174839,0.936917222213246,18,72,912.676056338028,-0.0183393636459086,0.995846834641671,-0.0135610494264983,3,0.1,0.95,"2024-01-01 13:45:00",335,13.9583333333333,1.24742300012839,4088.73096757206,97087.2891407842,FALSE,3,1,0,0.407833096837783,0.549424123797104,0.994178564030541,0.163916548418891,0.785918541473082,53.9369732542063,16.7977772132219,29.2442481129559,-0.706295197976809,-0.364825796443274,0.956507708244322,1.72215102788046,1.01203465928546,0.0603290743132245
"Kokopu",54,"Event_44.csv","2024-01-28 15:15:00","2024-01-29 11:00:00",26,"2024-01-28 21:30:00",2.49491889526021,6.25,13.5,0.316455696202532,0.0326150653364303,1.94701465579554,0.755800147940392,0.212727817680074,1,90959.6590329006,1.69103504584553,22538.9359854011,4.19022356202942,19.75,79,911.538461538462,-0.152672532087079,0.998346423037366,-0.128375088806053,3,0.1,0.9,"2024-01-16 06:45:00",296.5,12.3541666666667,1.53252515140513,5039.61590174839,72930.9958078783,FALSE,3,1,0,0.407833096837783,0.549424123797104,0.994178564030541,0.163916548418891,0.785918541473082,53.9369732542063,16.7977772132219,29.2442481129559,-0.706295197976809,-0.364825796443274,0.956507708244322,1.72215102788046,1.01203465928546,0.0603290743132245
"Kokopu",55,"Event_45.csv","2024-02-26 05:15:00","2024-02-26 22:45:00",27,"2024-02-26 11:45:00",1.62883422788794,6.5,11,0.371428571428571,0.0152062733603237,1.33234909571926,0.842477545854177,0.0586856622812831,1,78632.4107178189,1.46185862696621,5984.59896239454,1.1125994411522,17.5,71,900,-0.233443162900628,0.889609500650447,-0.214353591775794,4,0.1,0.95,"2024-01-29 11:00:00",666.25,27.7604166666667,2.49491889526021,22538.9359854011,90959.6590329006,FALSE,1,0,0,0.407833096837783,0.549424123797104,0.994178564030541,0.163916548418891,0.785918541473082,53.9369732542063,16.7977772132219,29.2442481129559,-0.706295197976809,-0.364825796443274,0.956507708244322,1.72215102788046,1.01203465928546,0.0603290743132245
"Kokopu",56,"Event_46.csv","2024-03-04 13:00:00","2024-03-05 04:00:00",27,"2024-03-04 19:30:00",1.80320536332789,6.5,8.5,0.433333333333333,0.0207352568511262,1.51407139724516,0.794909198883162,0.102554594014938,1,68602.5930864848,1.27539384358471,6943.31598331117,1.290834946722,15,60,915.254237288136,-0.192308196331551,0.878850738099436,-0.157952938710876,4,0.15,0.95,"2024-02-26 22:45:00",158.25,6.59375,1.62883422788794,5984.59896239454,78632.4107178189,FALSE,1,1,1,0.407833096837783,0.549424123797104,0.994178564030541,0.163916548418891,0.785918541473082,53.9369732542063,16.7977772132219,29.2442481129559,-0.706295197976809,-0.364825796443274,0.956507708244322,1.72215102788046,1.01203465928546,0.0603290743132245
"Kokopu",57,"Event_89_E.csv","2024-03-24 13:15:00","2024-03-25 10:15:00",23,"2024-03-24 18:45:00",1.1501287726906,5.5,15.5,0.261904761904762,0.00750584356935397,1.08455832752531,0.942796264347944,0.0420111624777621,9,77930.9575835115,1.44881788070855,2388.98751470476,0.444137725933198,21,84,910.843373493976,-0.127591715654831,0.588674749092775,-0.109748008799226,3,0.1,0.9,"2024-03-05 04:00:00",465.25,19.3854166666667,1.80320536332789,6943.31598331117,68602.5930864848,FALSE,2,0,0,0.407833096837783,0.549424123797104,0.994178564030541,0.163916548418891,0.785918541473082,53.9369732542063,16.7977772132219,29.2442481129559,-0.706295197976809,-0.364825796443274,0.956507708244322,1.72215102788046,1.01203465928546,0.0603290743132245
"Kokopu",58,"Event_90_E.csv","2024-04-12 06:15:00","2024-04-13 09:00:00",50,"2024-04-12 18:30:00",1.13839466870698,12.25,14.5,0.457943925233645,0.00799990333253878,1.08961910793004,0.886789629865356,0.030178142880006,11,98178.1721639305,1.82523474286783,3603.37554134371,0.66990514130564,26.75,107,908.490566037736,-0.060950683416877,0.687400728095905,-0.0329630942376217,3,0.2,0.95,"2024-03-25 10:15:00",428,17.8333333333333,1.1501287726906,2388.98751470476,77930.9575835115,FALSE,1,0,0,0.407833096837783,0.549424123797104,0.994178564030541,0.163916548418891,0.785918541473082,53.9369732542063,16.7977772132219,29.2442481129559,-0.706295197976809,-0.364825796443274,0.956507708244322,1.72215102788046,1.01203465928546,0.0603290743132245
"Kokopu",59,"Event_91_E.csv","2024-04-20 16:45:00","2024-04-21 08:15:00",28,"2024-04-20 23:30:00",1.2170277476699,6.75,8.75,0.435483870967742,0.00895002769614797,1.1207659688907,0.854648948085835,0.0265661911105991,4,60582.1093608758,1.12628467575315,2442.65988617406,0.454115980261899,15.5,62,914.754098360656,-0.137777229496567,0.606568481242122,-0.112119881159413,4,0.1,0.95,"2024-04-13 09:00:00",175.75,7.32291666666667,1.13839466870698,3603.37554134371,98178.1721639305,FALSE,2,1,0,0.407833096837783,0.549424123797104,0.994178564030541,0.163916548418891,0.785918541473082,53.9369732542063,16.7977772132219,29.2442481129559,-0.706295197976809,-0.364825796443274,0.956507708244322,1.72215102788046,1.01203465928546,0.0603290743132245
"Kokopu",60,"Event_92_E.csv","2024-05-07 00:15:00","2024-05-07 13:45:00",15,"2024-05-07 03:45:00",1.07185944398785,3.5,10,0.259259259259259,0.00782348764459413,1.06541952679355,0.926641923005675,0.0216710121109076,6,48104.982591352,0.894321859895512,2044.60631483082,0.380113664683527,13.5,55,900,-0.232970806127991,0.994261950125653,-0.17395211130813,3,0.1,0.9,"2024-04-21 08:15:00",376,15.6666666666667,1.2170277476699,2442.65988617406,60582.1093608758,FALSE,2,0,0,0.407833096837783,0.549424123797104,0.994178564030541,0.163916548418891,0.785918541473082,53.9369732542063,16.7977772132219,29.2442481129559,-0.706295197976809,-0.364825796443274,0.956507708244322,1.72215102788046,1.01203465928546,0.0603290743132245
"Kokopu",61,"Event_47.csv","2024-05-15 06:45:00","2024-05-16 04:15:00",32,"2024-05-15 14:45:00",4.30859405675373,8,13.5,0.372093023255814,0.0689264397224885,2.24504880077426,0.507246816571117,0.312792259777426,1,141294.528802018,2.62681283693048,69710.8519663311,12.9599753345795,21.5,85,921.428571428571,0.019817343856505,0.744681035301404,0.0296163136340848,2,0.1,0.95,"2024-05-07 13:45:00",185,7.70833333333333,1.07185944398785,2044.60631483082,48104.982591352,FALSE,2,1,0,0.407833096837783,0.549424123797104,0.994178564030541,0.163916548418891,0.785918541473082,53.9369732542063,16.7977772132219,29.2442481129559,-0.706295197976809,-0.364825796443274,0.956507708244322,1.72215102788046,1.01203465928546,0.0603290743132245
"Kokopu",62,"Event_48.csv","2024-05-20 21:00:00","2024-05-21 21:30:00",28,"2024-05-21 04:00:00",2.73258220325994,7,17.5,0.285714285714286,0.0291990816443288,1.97813358767151,0.667907966741877,0.158542831398573,1,121561.675216043,2.25995848277825,23665.0389620869,4.39957786470088,24.5,98,909.278350515464,-0.125517113190191,0.935574819272639,-0.101982263922041,3,0.1,0.9,"2024-05-16 04:15:00",112.75,4.69791666666667,4.30859405675373,69710.8519663311,141294.528802018,FALSE,3,2,1,0.407833096837783,0.549424123797104,0.994178564030541,0.163916548418891,0.785918541473082,53.9369732542063,16.7977772132219,29.2442481129559,-0.706295197976809,-0.364825796443274,0.956507708244322,1.72215102788046,1.01203465928546,0.0603290743132245
"Kokopu",63,"Event_49.csv","2024-06-09 16:45:00","2024-06-10 17:45:00",24,"2024-06-09 22:30:00",2.18090803366912,5.75,19.25,0.23,0.0239000789459811,1.73826319218971,0.684834582198079,0.0901801301846318,2,126880.670256828,2.35884415493531,29959.0640087465,5.56970284609302,25,100,909.090909090909,-0.187820421190892,0.718676111793418,-0.151311763007056,3,0.1,0.999,"2024-05-21 21:30:00",451.25,18.8020833333333,2.73258220325994,23665.0389620869,121561.675216043,FALSE,2,0,0,0.407833096837783,0.549424123797104,0.994178564030541,0.163916548418891,0.785918541473082,53.9369732542063,16.7977772132219,29.2442481129559,-0.706295197976809,-0.364825796443274,0.956507708244322,1.72215102788046,1.01203465928546,0.0603290743132245
"Kokopu",64,"Event_50_1.csv","2024-06-14 09:30:00","2024-06-15 11:15:00",43,"2024-06-14 20:00:00",6.16330228838168,10.5,15.25,0.407766990291262,0.0551836367170101,2.68409522445477,0.504792522636928,0.353698947213161,1,185001.120847082,3.43936402356085,116730.994387271,21.7015108174354,25.75,103,908.823529411765,-0.251950721201476,0.90423752454601,-0.227150276912928,4,0.1,0.95,"2024-06-10 17:45:00",87.75,3.65625,2.18090803366912,29959.0640087465,126880.670256828,FALSE,3,1,1,0.407833096837783,0.549424123797104,0.994178564030541,0.163916548418891,0.785918541473082,53.9369732542063,16.7977772132219,29.2442481129559,-0.706295197976809,-0.364825796443274,0.956507708244322,1.72215102788046,1.01203465928546,0.0603290743132245
"Kokopu",65,"Event_50_2.csv","2024-06-16 21:30:00","2024-06-17 08:15:00",14,"2024-06-17 01:00:00",1.40301452306756,3.5,7.25,0.325581395348837,0.0183993322583458,1.24044797108747,0.826008048715572,0.0524682785812878,1,45228.8527876627,0.840851603452704,5386.86951086779,1.00147529433672,10.75,43,921.428571428571,0.184657711169361,0.839325241662441,0.151487733543072,2,0.2,0.95,"2024-06-15 11:15:00",34.25,1.42708333333333,6.16330228838168,116730.994387271,185001.120847082,FALSE,3,2,2,0.407833096837783,0.549424123797104,0.994178564030541,0.163916548418891,0.785918541473082,53.9369732542063,16.7977772132219,29.2442481129559,-0.706295197976809,-0.364825796443274,0.956507708244322,1.72215102788046,1.01203465928546,0.0603290743132245
"Kokopu",66,"Event_51.csv","2024-06-22 20:45:00","2024-06-24 04:15:00",59,"2024-06-23 11:30:00",1.83592331008217,14.75,16.75,0.468253968253968,0.0162853755334621,1.58513847313601,0.791086884405805,0.0898587074990963,1,133784.515818061,2.48719385324417,20510.1539197443,3.81305179051171,31.5,125,914.516129032258,0.17724586999661,0.855008562955997,0.146577145554242,2,0.1,0.95,"2024-06-17 08:15:00",132.5,5.52083333333333,1.40301452306756,5386.86951086779,45228.8527876627,FALSE,3,3,1,0.407833096837783,0.549424123797104,0.994178564030541,0.163916548418891,0.785918541473082,53.9369732542063,16.7977772132219,29.2442481129559,-0.706295197976809,-0.364825796443274,0.956507708244322,1.72215102788046,1.01203465928546,0.0603290743132245
"Kokopu",67,"Event_52.csv","2024-07-01 16:45:00","2024-07-02 10:30:00",30,"2024-07-02 00:15:00",1.58967478218047,7.5,10.25,0.422535211267606,0.0204356765449954,1.3779966316133,0.806881020230856,0.105259551144459,1,72085.4377479766,1.34014356279472,7266.68153913703,1.35095198028774,17.75,71,912.857142857143,-0.0688680765369486,0.738713029998203,-0.0549915113073912,3,0.1,0.8,"2024-06-24 04:15:00",180.5,7.52083333333333,1.83592331008217,20510.1539197443,133784.515818061,FALSE,4,1,0,0.407833096837783,0.549424123797104,0.994178564030541,0.163916548418891,0.785918541473082,53.9369732542063,16.7977772132219,29.2442481129559,-0.706295197976809,-0.364825796443274,0.956507708244322,1.72215102788046,1.01203465928546,0.0603290743132245
"Kokopu",68,"Event_53.csv","2024-07-15 10:30:00","2024-07-16 16:15:00",57,"2024-07-16 00:45:00",3.87820352484606,14.25,15.5,0.478991596638655,0.0361284353600121,2.57510560476192,0.585992063469021,0.149655485451582,1,167365.714537127,3.11150340452453,64365.184344833,11.9661599017264,29.75,119,907.627118644068,-0.198903485603904,0.951718568127001,-0.161548571229077,4,0.1,0.85,"2024-07-02 10:30:00",312,13,1.58967478218047,7266.68153913703,72085.4377479766,FALSE,4,1,0,0.407833096837783,0.549424123797104,0.994178564030541,0.163916548418891,0.785918541473082,53.9369732542063,16.7977772132219,29.2442481129559,-0.706295197976809,-0.364825796443274,0.956507708244322,1.72215102788046,1.01203465928546,0.0603290743132245
"Kokopu",69,"Event_54.csv","2024-07-19 21:30:00","2024-07-20 22:15:00",54,"2024-07-20 11:00:00",1.64765809129356,13.5,11.25,0.545454545454545,0.020880222745489,1.28603106150514,0.788238500224471,0.0717649483669785,3,111877.366683452,2.0799170743395,10685.3529293613,1.98651869113124,24.75,99,909.183673469388,-0.182356626712099,0.565157263713149,-0.171075536015776,3,0.1,0.95,"2024-07-16 16:15:00",77.25,3.21875,3.87820352484606,64365.184344833,167365.714537127,FALSE,3,1,1,0.407833096837783,0.549424123797104,0.994178564030541,0.163916548418891,0.785918541473082,53.9369732542063,16.7977772132219,29.2442481129559,-0.706295197976809,-0.364825796443274,0.956507708244322,1.72215102788046,1.01203465928546,0.0603290743132245
"Kokopu",70,"Event_55.csv","2024-07-29 15:15:00","2024-07-30 20:00:00",48,"2024-07-30 03:15:00",1.46676951531703,12,16.75,0.417391304347826,0.0164543404973786,1.40109349428925,0.830827281240395,0.0393221957443524,3,112377.371744749,2.08921269055819,7791.34933457071,1.44849320229077,28.75,115,907.894736842105,-0.0930820649637073,0.408885477443697,-0.0762972630136571,4,0.15,0.95,"2024-07-20 22:15:00",209,8.70833333333333,1.64765809129356,10685.3529293613,111877.366683452,FALSE,3,2,0,0.407833096837783,0.549424123797104,0.994178564030541,0.163916548418891,0.785918541473082,53.9369732542063,16.7977772132219,29.2442481129559,-0.706295197976809,-0.364825796443274,0.956507708244322,1.72215102788046,1.01203465928546,0.0603290743132245
"Kotuku",1,"Event_1.csv","2022-02-07 03:15:00","2022-02-07 18:45:00",27,"2022-02-07 09:45:00",1.28814269695953,6.5,9,0.419354838709677,0.0354272173074958,1.68718606726599,0.344826528983429,0.0686919957004221,1,45106.3488984965,1.38940531653026,3605.29374749076,1.11053419812126,15.5,63,900,0.354701578648272,0.540535740415016,0.306655756588933,1,0.15,0.95,NA,NA,NA,NA,NA,NA,NA,0,0,0,0.373143867527539,0.469696367526403,0.970928299169815,0.14657193376377,-0.438346294251114,66.5104922336606,7.66956483244056,25.8120429173726,-0.0291094256209833,0.411251240014445,0.653695805055118,1.52753912434144,1.05577546467385,0.0532827271554909
"Kotuku",2,"Event_2.csv","2022-02-14 14:45:00","2022-02-14 21:15:00",14,"2022-02-14 18:00:00",0.612003949935296,3.25,3.25,0.5,0.0589788155416267,1.63921785512381,0.682558158347287,0.212262350949659,1,9252.12782007785,0.284992155125687,614.182303224269,0.189185819348602,6.5,27,900,-0.0664784658617566,0.831577754965041,-0.0486556318012436,3,0.25,0.95,"2022-02-07 18:45:00",164,6.83333333333333,1.28814269695953,3605.29374749076,45106.3488984965,FALSE,1,1,1,0.373143867527539,0.469696367526403,0.970928299169815,0.14657193376377,-0.438346294251114,66.5104922336606,7.66956483244056,25.8120429173726,-0.0291094256209833,0.411251240014445,0.653695805055118,1.52753912434144,1.05577546467385,0.0532827271554909
"Kotuku",3,"Event_3.csv","2022-02-21 07:45:00","2022-02-21 16:45:00",19,"2022-02-21 12:15:00",4.38993497635498,4.5,4.5,0.5,0.139122825613106,3.37354448539471,0.16770465798879,0.556013541827238,1,50806.1461373467,1.56497546973915,8819.35624515573,2.7166154553915,9,37,900,0.273639061580287,0.842428154253309,0.241381191294637,1,0.1,0.95,"2022-02-14 21:15:00",154.5,6.4375,0.612003949935296,614.182303224269,9252.12782007785,FALSE,2,2,1,0.373143867527539,0.469696367526403,0.970928299169815,0.14657193376377,-0.438346294251114,66.5104922336606,7.66956483244056,25.8120429173726,-0.0291094256209833,0.411251240014445,0.653695805055118,1.52753912434144,1.05577546467385,0.0532827271554909
"Kotuku",4,"Event_4.csv","2022-03-01 23:45:00","2022-03-02 12:30:00",17,"2022-03-02 03:45:00",0.647570105452744,4,8.75,0.313725490196078,0.0392955747041054,1.34713798604216,0.603419871421505,0.127921219048499,2,19499.465778733,0.600639645727888,1134.9296650971,0.349590988648246,12.75,52,900,0.00149474751034765,0.492129415181624,-0.00132071997478575,3,0.15,0.9,"2022-02-21 16:45:00",199,8.29166666666667,4.38993497635498,8819.35624515573,50806.1461373467,FALSE,3,1,0,0.373143867527539,0.469696367526403,0.970928299169815,0.14657193376377,-0.438346294251114,66.5104922336606,7.66956483244056,25.8120429173726,-0.0291094256209833,0.411251240014445,0.653695805055118,1.52753912434144,1.05577546467385,0.0532827271554909
"Kotuku",5,"Event_5.csv","2022-03-21 04:00:00","2022-03-22 13:00:00",46,"2022-03-21 15:15:00",1.5894765440175,11.25,21.75,0.340909090909091,0.034028352194739,2.54954194942945,0.484043282185873,0.11254640370548,1,69354.9559716342,2.1363321773517,2643.82864351917,0.814375284855509,33,133,900,0.159872256418918,0.899627212291733,0.144957946205607,2,0.1,0.95,"2022-03-02 12:30:00",447.5,18.6458333333333,0.647570105452744,1134.9296650971,19499.465778733,FALSE,2,0,0,0.373143867527539,0.469696367526403,0.970928299169815,0.14657193376377,-0.438346294251114,66.5104922336606,7.66956483244056,25.8120429173726,-0.0291094256209833,0.411251240014445,0.653695805055118,1.52753912434144,1.05577546467385,0.0532827271554909
"Kotuku",6,"Event_5a.csv","2022-03-23 04:00:00","2022-03-24 03:00:00",41,"2022-03-23 14:00:00",1.32169017161171,10,13,0.434782608695652,0.033161780716843,2.24169350155095,0.507460203563867,0.12329401719721,1,52332.9855462206,1.61200651623221,1483.34369795144,0.456912534599774,23,93,900,0.33712007855024,0.880441486054223,0.299988735354165,1,0.1,0.95,"2022-03-22 13:00:00",15,0.625,1.5894765440175,2643.82864351917,69354.9559716342,FALSE,3,1,1,0.373143867527539,0.469696367526403,0.970928299169815,0.14657193376377,-0.438346294251114,66.5104922336606,7.66956483244056,25.8120429173726,-0.0291094256209833,0.411251240014445,0.653695805055118,1.52753912434144,1.05577546467385,0.0532827271554909
"Kotuku",7,"Event_6.csv","2022-04-22 02:15:00","2022-04-23 00:45:00",43,"2022-04-22 12:45:00",1.95191654568629,10.5,12,0.466666666666667,0.0449496951752482,2.71062627495979,0.354363208940366,0.0811999707439463,2,65864.8946899831,2.02882824900994,2179.36871378019,0.671308264036161,22.5,91,900,0.0868074848237173,0.986779741171167,0.086607408236863,2,0.1,0.95,"2022-03-24 03:00:00",695.25,28.96875,1.32169017161171,1483.34369795144,52332.9855462206,FALSE,1,0,0,0.373143867527539,0.469696367526403,0.970928299169815,0.14657193376377,-0.438346294251114,66.5104922336606,7.66956483244056,25.8120429173726,-0.0291094256209833,0.411251240014445,0.653695805055118,1.52753912434144,1.05577546467385,0.0532827271554909
"Kotuku",8,"Event_7.csv","2022-05-19 10:45:00","2022-05-20 04:15:00",28,"2022-05-19 17:30:00",0.903670104022446,6.75,10.75,0.385714285714286,0.0426671948567851,2.1930632238888,0.589700346361743,0.172510563178381,1,27706.1539358982,0.853429251517756,3140.77250960018,0.967448292627388,17.5,71,900,0.193619856320644,0.967662257418568,0.159617091001093,1,0.1,0.9,"2022-04-23 00:45:00",634,26.4166666666667,1.95191654568629,2179.36871378019,65864.8946899831,FALSE,1,0,0,0.373143867527539,0.469696367526403,0.970928299169815,0.14657193376377,-0.438346294251114,66.5104922336606,7.66956483244056,25.8120429173726,-0.0291094256209833,0.411251240014445,0.653695805055118,1.52753912434144,1.05577546467385,0.0532827271554909
"Kotuku",9,"Event_8.csv","2022-05-30 12:45:00","2022-05-31 01:45:00",23,"2022-05-30 18:15:00",7.52102843346044,5.5,7.5,0.423076923076923,0.108599152241911,3.65785610676699,0.119704840087785,0.33786076746965,1,115732.579097265,3.56489639751928,34672.6066333609,10.6801603700537,13,53,900,0.00103896188292892,0.930695090999757,0.00550028444019394,2,0.1,0.95,"2022-05-20 04:15:00",248.5,10.3541666666667,0.903670104022446,3140.77250960018,27706.1539358982,FALSE,1,1,0,0.373143867527539,0.469696367526403,0.970928299169815,0.14657193376377,-0.438346294251114,66.5104922336606,7.66956483244056,25.8120429173726,-0.0291094256209833,0.411251240014445,0.653695805055118,1.52753912434144,1.05577546467385,0.0532827271554909
"Kotuku",10,"Event_9.csv","2022-06-02 08:30:00","2022-06-02 16:30:00",9,"2022-06-02 10:30:00",1.76036990826507,2,6,0.25,0.0970548317431118,1.89579517512962,0.419952452902262,0.344814465175063,1,24538.1618137974,0.755845979879481,5488.06227148155,1.69048107054831,8,33,900,-0.0166363887006704,0.972884659766935,-0.0222326731233963,3,0.15,0.9,"2022-05-31 01:45:00",54.75,2.28125,7.52102843346044,34672.6066333609,115732.579097265,FALSE,2,2,1,0.373143867527539,0.469696367526403,0.970928299169815,0.14657193376377,-0.438346294251114,66.5104922336606,7.66956483244056,25.8120429173726,-0.0291094256209833,0.411251240014445,0.653695805055118,1.52753912434144,1.05577546467385,0.0532827271554909
"Kotuku",11,"Event_10.csv","2022-06-06 10:45:00","2022-06-07 16:00:00",24,"2022-06-06 16:30:00",3.24363150981986,5.75,23.5,0.196581196581197,0.0518563625853618,2.56787282436349,0.38042331954051,0.345332109498904,1,114748.467233928,3.53458292084978,20515.2221167357,6.31927863257887,29.25,118,900,0.14740489948171,0.883724313513152,0.124149455009787,2,0.1,0.95,"2022-06-02 16:30:00",90.25,3.76041666666667,1.76036990826507,5488.06227148155,24538.1618137974,FALSE,3,2,2,0.373143867527539,0.469696367526403,0.970928299169815,0.14657193376377,-0.438346294251114,66.5104922336606,7.66956483244056,25.8120429173726,-0.0291094256209833,0.411251240014445,0.653695805055118,1.52753912434144,1.05577546467385,0.0532827271554909
"Kotuku",12,"Event_10a.csv","2022-06-07 15:45:00","2022-06-08 15:00:00",53,"2022-06-08 04:45:00",1.68120639854731,13,10.25,0.559139784946237,0.0332648651102304,1.80469458623164,0.524861616951616,0.113043188006969,1,79667.134035598,2.45397692974166,13165.5996808206,4.05538347450926,23.25,94,900,-0.455722331604472,0.690181925156209,-0.429218347702192,4,0.1,0.95,"2022-06-07 16:00:00",-0.25,-0.0104166666666667,3.24363150981986,20515.2221167357,114748.467233928,TRUE,3,2,1,0.373143867527539,0.469696367526403,0.970928299169815,0.14657193376377,-0.438346294251114,66.5104922336606,7.66956483244056,25.8120429173726,-0.0291094256209833,0.411251240014445,0.653695805055118,1.52753912434144,1.05577546467385,0.0532827271554909
"Kotuku",13,"Event_11.csv","2022-06-13 03:15:00","2022-06-13 12:30:00",14,"2022-06-13 06:30:00",0.707885000291505,3.25,6,0.351351351351351,0.0269622966924469,1.31895501402331,0.742837198009368,0.0970095222469228,1,17825.6902105449,0.549082542794281,1576.49136483136,0.48560469584665,9.25,38,900,-0.162659746586606,0.470248147806883,-0.104710862284617,3,0.1,0.85,"2022-06-08 15:00:00",108.25,4.51041666666667,1.68120639854731,13165.5996808206,79667.134035598,FALSE,5,4,2,0.373143867527539,0.469696367526403,0.970928299169815,0.14657193376377,-0.438346294251114,66.5104922336606,7.66956483244056,25.8120429173726,-0.0291094256209833,0.411251240014445,0.653695805055118,1.52753912434144,1.05577546467385,0.0532827271554909
"Kotuku",14,"Event_12.csv","2022-06-17 18:15:00","2022-06-18 03:45:00",15,"2022-06-17 21:45:00",0.905539127323915,3.5,6,0.368421052631579,0.0518407672995321,1.8392197502131,0.703480659903617,0.229180197191095,1,17700.0551507528,0.545212621502035,2178.77638205674,0.671125808824021,9.5,39,900,-0.281671197560389,0.795569307020656,-0.248189444520654,4,0.1,0.95,"2022-06-13 12:30:00",101.75,4.23958333333333,0.707885000291505,1576.49136483136,17825.6902105449,FALSE,6,3,1,0.373143867527539,0.469696367526403,0.970928299169815,0.14657193376377,-0.438346294251114,66.5104922336606,7.66956483244056,25.8120429173726,-0.0291094256209833,0.411251240014445,0.653695805055118,1.52753912434144,1.05577546467385,0.0532827271554909
"Kotuku",15,"Event_13.csv","2022-06-18 16:45:00","2022-06-19 13:45:00",44,"2022-06-19 03:30:00",1.77266637802064,10.75,10.25,0.511904761904762,0.035299840893746,1.6280672892971,0.404364066652491,0.203888569729627,2,74432.4440100556,2.29273341681084,13051.9145704975,4.02036518982195,21,85,900,0.14123572099822,0.972638594220498,0.124883290802976,2,0.1,0.95,"2022-06-18 03:45:00",13,0.541666666666667,0.905539127323915,2178.77638205674,17700.0551507528,FALSE,7,4,2,0.373143867527539,0.469696367526403,0.970928299169815,0.14657193376377,-0.438346294251114,66.5104922336606,7.66956483244056,25.8120429173726,-0.0291094256209833,0.411251240014445,0.653695805055118,1.52753912434144,1.05577546467385,0.0532827271554909
"Kotuku",16,"Event_14.csv","2022-06-25 04:30:00","2022-06-25 13:45:00",14,"2022-06-25 07:45:00",0.696478420330163,3.25,6,0.351351351351351,0.028352701067112,1.32117249499219,0.650918768892373,0.0801204264442853,1,18129.0068356894,0.558425567487237,1854.10526551381,0.571117764177427,9.25,38,900,0.169480313906877,0.522249339366316,0.163039458818446,2,0.15,0.95,"2022-06-19 13:45:00",134.75,5.61458333333333,1.77266637802064,13051.9145704975,74432.4440100556,FALSE,7,3,1,0.373143867527539,0.469696367526403,0.970928299169815,0.14657193376377,-0.438346294251114,66.5104922336606,7.66956483244056,25.8120429173726,-0.0291094256209833,0.411251240014445,0.653695805055118,1.52753912434144,1.05577546467385,0.0532827271554909
"Kotuku",17,"Event_15.csv","2022-07-05 18:00:00","2022-07-06 08:30:00",20,"2022-07-05 22:45:00",0.903245806643773,4.75,9.75,0.327586206896552,0.0314771625784988,1.55783339932209,0.602421187392031,0.121763159806994,1,29874.7077510029,0.920226947927825,2969.18193660763,0.914593459504267,14.5,59,900,0.221881505443753,0.884891433314107,0.186547757560018,1,0.15,0.95,"2022-06-25 13:45:00",244.25,10.1770833333333,0.696478420330163,1854.10526551381,18129.0068356894,FALSE,6,1,0,0.373143867527539,0.469696367526403,0.970928299169815,0.14657193376377,-0.438346294251114,66.5104922336606,7.66956483244056,25.8120429173726,-0.0291094256209833,0.411251240014445,0.653695805055118,1.52753912434144,1.05577546467385,0.0532827271554909
"Kotuku",18,"Event_16.csv","2022-07-08 04:30:00","2022-07-09 08:15:00",32,"2022-07-08 12:15:00",1.73346689017765,7.75,20,0.279279279279279,0.0291893263976828,1.95906107495733,0.413158890165603,0.124426284065873,1,97568.1896128315,3.00538094265525,20583.1213451328,6.34019354837832,27.75,112,900,-0.208656519252596,0.740081886513629,-0.169588703813705,3,0.15,0.999,"2022-07-06 08:30:00",44,1.83333333333333,0.903245806643773,2969.18193660763,29874.7077510029,FALSE,6,2,1,0.373143867527539,0.469696367526403,0.970928299169815,0.14657193376377,-0.438346294251114,66.5104922336606,7.66956483244056,25.8120429173726,-0.0291094256209833,0.411251240014445,0.653695805055118,1.52753912434144,1.05577546467385,0.0532827271554909
"Kotuku",19,"Event_17.csv","2022-07-12 07:45:00","2022-07-13 00:15:00",24,"2022-07-12 13:30:00",3.10064418770901,5.75,10.75,0.348484848484849,0.0516722456669792,2.06896617348482,0.33943384188438,0.217047433086004,1,85116.2568787959,2.62182559037706,19816.6716969993,6.10410500608336,16.5,67,900,-0.134309691810772,0.919267082053656,-0.0835930699384339,4,0.1,0.95,"2022-07-09 08:15:00",71.5,2.97916666666667,1.73346689017765,20583.1213451328,97568.1896128315,FALSE,6,2,2,0.373143867527539,0.469696367526403,0.970928299169815,0.14657193376377,-0.438346294251114,66.5104922336606,7.66956483244056,25.8120429173726,-0.0291094256209833,0.411251240014445,0.653695805055118,1.52753912434144,1.05577546467385,0.0532827271554909
"Kotuku",20,"Event_18.csv","2022-07-25 15:15:00","2022-07-26 16:45:00",50,"2022-07-26 03:30:00",2.36589501246036,12.25,13.25,0.480392156862745,0.0259351915410113,1.67420108077118,0.331480466119367,0.0679117596855993,4,130958.791981647,4.03390756000083,26688.6703738419,8.220878305177,25.5,103,900,-0.0597398631248335,0.753236514761371,-0.0594480372397171,3,0.15,0.95,"2022-07-13 00:15:00",303,12.625,3.10064418770901,19816.6716969993,85116.2568787959,FALSE,3,1,0,0.373143867527539,0.469696367526403,0.970928299169815,0.14657193376377,-0.438346294251114,66.5104922336606,7.66956483244056,25.8120429173726,-0.0291094256209833,0.411251240014445,0.653695805055118,1.52753912434144,1.05577546467385,0.0532827271554909
"Kotuku",21,"Event_19.csv","2022-07-28 04:15:00","2022-07-29 00:15:00",41,"2022-07-28 14:15:00",0.8054088998465,10,10,0.5,0.0152780949144596,1.40022664437785,0.851493865310395,0.101735864778432,1,41924.8033903154,1.29140456160777,2496.31275975786,0.768936148641705,20,81,900,-0.363784997820319,0.65371820171367,-0.30164427596705,4,0.1,0.9,"2022-07-26 16:45:00",35.5,1.47916666666667,2.36589501246036,26688.6703738419,130958.791981647,FALSE,4,1,1,0.373143867527539,0.469696367526403,0.970928299169815,0.14657193376377,-0.438346294251114,66.5104922336606,7.66956483244056,25.8120429173726,-0.0291094256209833,0.411251240014445,0.653695805055118,1.52753912434144,1.05577546467385,0.0532827271554909
"Kotuku",22,"Event_20.csv","2022-08-18 00:30:00","2022-08-19 03:00:00",42,"2022-08-18 10:45:00",0.999826779140873,10.25,16.25,0.386792452830189,0.0198952314540022,1.86279179291682,0.618442563437939,0.0883911909257551,1,56203.8246752921,1.73123949776809,5038.19985450564,1.55191050362878,26.5,107,900,0.151139512397886,0.99410525849354,0.130931719790459,1,0.15,0.999,"2022-07-29 00:15:00",480.25,20.0104166666667,0.8054088998465,2496.31275975786,41924.8033903154,FALSE,2,0,0,0.373143867527539,0.469696367526403,0.970928299169815,0.14657193376377,-0.438346294251114,66.5104922336606,7.66956483244056,25.8120429173726,-0.0291094256209833,0.411251240014445,0.653695805055118,1.52753912434144,1.05577546467385,0.0532827271554909
"Kotuku",23,"Event_21.csv","2022-08-25 15:45:00","2022-08-26 04:30:00",18,"2022-08-25 20:00:00",0.991377171944211,4.25,8.5,0.333333333333333,0.0361847604485614,1.77371911969708,0.575187076576978,0.0892573962217038,1,28766.1467103559,0.8860800785583,3289.66304798447,1.01331086201373,12.75,52,900,0.246107367286021,0.871037484085986,0.205379682749869,1,0.15,0.95,"2022-08-19 03:00:00",156.75,6.53125,0.999826779140873,5038.19985450564,56203.8246752921,FALSE,3,1,1,0.373143867527539,0.469696367526403,0.970928299169815,0.14657193376377,-0.438346294251114,66.5104922336606,7.66956483244056,25.8120429173726,-0.0291094256209833,0.411251240014445,0.653695805055118,1.52753912434144,1.05577546467385,0.0532827271554909
"Kotuku",24,"Event_22.csv","2022-09-05 11:30:00","2022-09-06 14:15:00",31,"2022-09-05 19:00:00",0.844066311448611,7.5,19.25,0.280373831775701,0.0266764015754961,1.66037099481657,0.645711409875084,0.155146729791562,2,53122.6375767711,1.63633007059314,3092.73118066024,0.952650181170275,26.75,108,900,0.147956521833882,0.984060517502774,0.13482173576033,2,0.1,0.9,"2022-08-26 04:30:00",247,10.2916666666667,0.991377171944211,3289.66304798447,28766.1467103559,FALSE,2,1,0,0.373143867527539,0.469696367526403,0.970928299169815,0.14657193376377,-0.438346294251114,66.5104922336606,7.66956483244056,25.8120429173726,-0.0291094256209833,0.411251240014445,0.653695805055118,1.52753912434144,1.05577546467385,0.0532827271554909
"Kotuku",25,"Event_24.csv","2022-09-09 18:15:00","2022-09-11 03:00:00",31,"2022-09-10 01:45:00",0.983184610784286,7.5,25.25,0.229007633587786,0.0262411719759632,1.85328728091663,0.608652620641256,0.156282607415708,2,75517.8681648626,2.32616760353194,4275.52704462656,1.31698533617538,32.75,132,900,0.24430334116346,0.894438914275419,0.169058005012432,1,0.25,0.95,"2022-09-06 14:15:00",76,3.16666666666667,0.844066311448611,3092.73118066024,53122.6375767711,FALSE,3,1,1,0.373143867527539,0.469696367526403,0.970928299169815,0.14657193376377,-0.438346294251114,66.5104922336606,7.66956483244056,25.8120429173726,-0.0291094256209833,0.411251240014445,0.653695805055118,1.52753912434144,1.05577546467385,0.0532827271554909
"Kotuku",26,"Event_24a.csv","2022-09-11 06:15:00","2022-09-11 20:00:00",22,"2022-09-11 11:30:00",1.20789637350579,5.25,8.5,0.381818181818182,0.0333498737880209,1.74287582277258,0.614467902605649,0.0944980934394318,1,37423.3036012557,1.15274541734065,3154.01432468164,0.971527152638001,13.75,56,900,-0.265545854246702,0.920333072479164,-0.240735085305991,4,0.1,0.95,"2022-09-11 03:00:00",3.25,0.135416666666667,0.983184610784286,4275.52704462656,75517.8681648626,FALSE,4,2,2,0.373143867527539,0.469696367526403,0.970928299169815,0.14657193376377,-0.438346294251114,66.5104922336606,7.66956483244056,25.8120429173726,-0.0291094256209833,0.411251240014445,0.653695805055118,1.52753912434144,1.05577546467385,0.0532827271554909
"Kotuku",27,"Event_25.csv","2022-09-30 04:15:00","2022-10-01 14:30:00",69,"2022-09-30 21:15:00",1.32521648229552,17,17.25,0.496350364963504,0.0199612509490012,1.74852534433056,0.55479195025949,0.113204700788987,1,97191.6918764125,2.99378372919381,6857.60859875492,2.11234074104173,34.25,138,900,-0.0262126603651111,0.854150102497072,-0.0304933833061383,3,0.25,0.95,"2022-09-11 20:00:00",440.25,18.34375,1.20789637350579,3154.01432468164,37423.3036012557,FALSE,3,0,0,0.373143867527539,0.469696367526403,0.970928299169815,0.14657193376377,-0.438346294251114,66.5104922336606,7.66956483244056,25.8120429173726,-0.0291094256209833,0.411251240014445,0.653695805055118,1.52753912434144,1.05577546467385,0.0532827271554909
"Kotuku",28,"Event_26.csv","2022-10-01 13:45:00","2022-10-02 22:45:00",52,"2022-10-02 02:30:00",4.44338626144904,12.75,20.25,0.386363636363636,0.0351174563360269,2.14280017249438,0.29371507497725,0.120434652480265,2,263564.779987412,8.11855349650887,66860.9647530595,20.5951007263502,33,133,900,-0.233165111622827,0.787489410042194,-0.188031499036746,3,0.1,0.95,"2022-10-01 14:30:00",-0.75,-0.03125,1.32521648229552,6857.60859875492,97191.6918764125,TRUE,3,0,0,0.373143867527539,0.469696367526403,0.970928299169815,0.14657193376377,-0.438346294251114,66.5104922336606,7.66956483244056,25.8120429173726,-0.0291094256209833,0.411251240014445,0.653695805055118,1.52753912434144,1.05577546467385,0.0532827271554909
"Kotuku",29,"Event_27.csv","2022-10-30 09:00:00","2022-10-31 05:15:00",22,"2022-10-30 14:15:00",1.34290318846648,5.25,15,0.259259259259259,0.0366656723488709,1.79324154911261,0.48684449603369,0.204753932955797,1,58171.8947087502,1.79186171691387,8499.20046887017,2.61799826545001,20.25,82,900,-0.136955798438701,0.849807386117795,-0.0899977977010058,3,0.15,0.95,"2022-10-02 22:45:00",658.25,27.4270833333333,4.44338626144904,66860.9647530595,263564.779987412,FALSE,2,0,0,0.373143867527539,0.469696367526403,0.970928299169815,0.14657193376377,-0.438346294251114,66.5104922336606,7.66956483244056,25.8120429173726,-0.0291094256209833,0.411251240014445,0.653695805055118,1.52753912434144,1.05577546467385,0.0532827271554909
"Kotuku",30,"Event_28.csv","2022-11-11 16:00:00","2022-11-12 14:00:00",21,"2022-11-11 21:00:00",2.16184258799827,5,17,0.227272727272727,0.0460141059245577,2.2633141354977,0.393223441432899,0.109701565450283,1,84443.6075363302,2.60110605542455,14560.9400266453,4.48518844480751,22,89,900,-0.0647341181162398,0.538954326001415,-0.03724081594774,3,0.1,0.95,"2022-10-31 05:15:00",274.75,11.4479166666667,1.34290318846648,8499.20046887017,58171.8947087502,FALSE,1,1,0,0.373143867527539,0.469696367526403,0.970928299169815,0.14657193376377,-0.438346294251114,66.5104922336606,7.66956483244056,25.8120429173726,-0.0291094256209833,0.411251240014445,0.653695805055118,1.52753912434144,1.05577546467385,0.0532827271554909
"Kotuku",31,"Event_29.csv","2022-11-18 00:45:00","2022-11-18 12:30:00",30,"2022-11-18 08:00:00",0.981368077150203,7.25,4.5,0.617021276595745,0.0275276666215641,1.43259267643091,0.630021836398458,0.150514215364686,1,29324.5508274357,0.903280531886697,1743.63453661116,0.537089601445012,11.75,48,900,-0.0169706148467326,0.887563085009455,-0.00495975252567215,3,0.2,0.9,"2022-11-12 14:00:00",130.75,5.44791666666667,2.16184258799827,14560.9400266453,84443.6075363302,FALSE,2,1,1,0.373143867527539,0.469696367526403,0.970928299169815,0.14657193376377,-0.438346294251114,66.5104922336606,7.66956483244056,25.8120429173726,-0.0291094256209833,0.411251240014445,0.653695805055118,1.52753912434144,1.05577546467385,0.0532827271554909
"Kotuku",32,"Event_30.csv","2022-11-22 20:15:00","2022-11-23 09:45:00",23,"2022-11-23 01:45:00",4.27188074355231,5.5,8,0.407407407407407,0.0607945262671054,1.84339440746011,0.208237418744854,0.162383122655515,1,111789.484591627,3.44343774250725,30421.1890990742,9.37060145669091,13.5,55,900,-0.0927009063548476,0.691566559553608,-0.0766362170021679,3,0.1,0.95,"2022-11-18 12:30:00",103.75,4.32291666666667,0.981368077150203,1743.63453661116,29324.5508274357,FALSE,3,2,1,0.373143867527539,0.469696367526403,0.970928299169815,0.14657193376377,-0.438346294251114,66.5104922336606,7.66956483244056,25.8120429173726,-0.0291094256209833,0.411251240014445,0.653695805055118,1.52753912434144,1.05577546467385,0.0532827271554909
"Kotuku",33,"Event_33.csv","2023-01-04 21:30:00","2023-01-07 16:30:00",200,"2023-01-06 23:15:00",1.40793756562102,49.75,17.25,0.742537313432836,0.0142972351055534,1.81606972649397,0.691967892738876,0.0477701071038781,2,197997.796048929,6.09890175573099,8087.06234263169,2.49104786540119,67,269,900,0.0725323950311124,0.986414598645841,0.0427808822882783,2,0.2,0.95,"2022-11-23 09:45:00",1019.75,42.4895833333333,4.27188074355231,30421.1890990742,111789.484591627,FALSE,0,0,0,0.373143867527539,0.469696367526403,0.970928299169815,0.14657193376377,-0.438346294251114,66.5104922336606,7.66956483244056,25.8120429173726,-0.0291094256209833,0.411251240014445,0.653695805055118,1.52753912434144,1.05577546467385,0.0532827271554909
"Kotuku",34,"Event_34.csv","2023-01-07 15:30:00","2023-01-08 06:45:00",14,"2023-01-07 18:45:00",1.10506979391989,3.25,12,0.213114754098361,0.0185847203140731,1.38328985451864,0.773425613775756,0.0801578880789732,1,44032.253936857,1.35632010155268,1861.33898176124,0.573345956894837,15.25,62,900,0.310188046843905,0.96377065426412,0.277688196353112,1,0.1,0.95,"2023-01-07 16:30:00",-1,-0.0416666666666667,1.40793756562102,8087.06234263169,197997.796048929,TRUE,0,0,0,0.373143867527539,0.469696367526403,0.970928299169815,0.14657193376377,-0.438346294251114,66.5104922336606,7.66956483244056,25.8120429173726,-0.0291094256209833,0.411251240014445,0.653695805055118,1.52753912434144,1.05577546467385,0.0532827271554909
"Kotuku",35,"Event_35.csv","2023-01-27 19:45:00","2023-01-28 17:00:00",30,"2023-01-28 03:00:00",7.37930668018874,7.25,14,0.341176470588235,0.0566649746682472,2.56435281696779,0.22544883042042,0.169337799672729,1,206816.212770966,6.3705343612551,44048.5669968726,13.5682259073365,21.25,86,900,-0.222686684237818,0.59815742096959,-0.200438006112192,3,0.1,0.95,"2023-01-08 06:45:00",469,19.5416666666667,1.10506979391989,1861.33898176124,44032.253936857,FALSE,2,0,0,0.373143867527539,0.469696367526403,0.970928299169815,0.14657193376377,-0.438346294251114,66.5104922336606,7.66956483244056,25.8120429173726,-0.0291094256209833,0.411251240014445,0.653695805055118,1.52753912434144,1.05577546467385,0.0532827271554909
"Kotuku",36,"Event_35a.csv","2023-01-28 15:45:00","2023-01-29 09:00:00",27,"2023-01-28 22:15:00",2.65400201702929,6.5,10.75,0.376811594202899,0.0336483706097945,1.75221477654562,0.508193972161003,0.10830460276646,1,93541.8332273283,2.88135758219989,8774.86393024709,2.70291054236076,17.25,70,900,0.0257154107388849,0.602659944657616,0.0266375520306987,2,0.1,0.95,"2023-01-28 17:00:00",-1.25,-0.0520833333333333,7.37930668018874,44048.5669968726,206816.212770966,TRUE,2,0,0,0.373143867527539,0.469696367526403,0.970928299169815,0.14657193376377,-0.438346294251114,66.5104922336606,7.66956483244056,25.8120429173726,-0.0291094256209833,0.411251240014445,0.653695805055118,1.52753912434144,1.05577546467385,0.0532827271554909
"Kotuku",37,"Event_36.csv","2023-02-01 08:30:00","2023-02-02 04:45:00",31,"2023-02-01 16:00:00",1.8851481088048,7.5,12.75,0.37037037037037,0.0230675129931093,1.6491625567404,0.583408718345076,0.0713454166230595,1,86332.589996302,2.65929214977289,6827.30068413699,2.10300503138412,20.25,82,900,-0.0981143659731751,0.737481173292505,-0.0851061031260076,3,0.2,0.95,"2023-01-29 09:00:00",71.5,2.97916666666667,2.65400201702929,8774.86393024709,93541.8332273283,FALSE,4,2,2,0.373143867527539,0.469696367526403,0.970928299169815,0.14657193376377,-0.438346294251114,66.5104922336606,7.66956483244056,25.8120429173726,-0.0291094256209833,0.411251240014445,0.653695805055118,1.52753912434144,1.05577546467385,0.0532827271554909
"Kotuku",38,"Event_37.csv","2023-02-02 10:00:00","2023-02-03 11:45:00",33,"2023-02-02 18:00:00",3.049181890429,8,17.75,0.310679611650485,0.0354895730857764,1.97874718827666,0.548595809254146,0.180527324869932,1,139376.58515137,4.29319980752422,15251.7620271295,4.69798149582759,25.75,104,900,-0.0944873662529457,0.782507573760306,-0.085834757890999,3,0.1,0.95,"2023-02-02 04:45:00",5.25,0.21875,1.8851481088048,6827.30068413699,86332.589996302,FALSE,5,3,3,0.373143867527539,0.469696367526403,0.970928299169815,0.14657193376377,-0.438346294251114,66.5104922336606,7.66956483244056,25.8120429173726,-0.0291094256209833,0.411251240014445,0.653695805055118,1.52753912434144,1.05577546467385,0.0532827271554909
"Kotuku",39,"Event_38.csv","2023-02-13 17:00:00","2023-02-14 15:00:00",36,"2023-02-14 01:45:00",2.48898549029704,8.75,13.25,0.397727272727273,0.024592677892874,1.69439523840405,0.473817468443703,0.00936357301490866,2,123644.163988124,3.80859597369817,10768.8669971656,3.31712085421478,22,89,900,-0.0514816057904841,0.803488734202829,-0.0482709962891679,3,0.1,0.95,"2023-02-03 11:45:00",245.25,10.21875,3.049181890429,15251.7620271295,139376.58515137,FALSE,4,2,0,0.373143867527539,0.469696367526403,0.970928299169815,0.14657193376377,-0.438346294251114,66.5104922336606,7.66956483244056,25.8120429173726,-0.0291094256209833,0.411251240014445,0.653695805055118,1.52753912434144,1.05577546467385,0.0532827271554909
"Kotuku",40,"Event_40.csv","2023-02-26 21:00:00","2023-02-27 22:15:00",20,"2023-02-27 01:45:00",2.86064540012321,4.75,20.5,0.188118811881188,0.0367185683343443,2.22529626227641,0.557081702044932,0.193792906152661,1,120581.525253449,3.7142578894931,22943.5270206432,7.06726640504035,25.25,102,900,-0.047587138114569,0.885911102602672,-0.0451623548086339,3,0.15,0.9,"2023-02-14 15:00:00",294,12.25,2.48898549029704,10768.8669971656,123644.163988124,FALSE,5,1,0,0.373143867527539,0.469696367526403,0.970928299169815,0.14657193376377,-0.438346294251114,66.5104922336606,7.66956483244056,25.8120429173726,-0.0291094256209833,0.411251240014445,0.653695805055118,1.52753912434144,1.05577546467385,0.0532827271554909
"Kotuku",41,"Event_41.csv","2023-03-05 21:30:00","2023-03-06 15:45:00",22,"2023-03-06 02:45:00",1.08517097087895,5.25,13,0.287671232876712,0.0125850411808036,1.26618312300037,0.790662521087232,0.0312545461993244,2,56931.1686770172,1.7536437855817,2300.64092176954,0.708663593084612,18.25,74,900,0.0215632597663627,0.715606501055946,0.036563383821746,2,0.15,0.95,"2023-02-27 22:15:00",143.25,5.96875,2.86064540012321,22943.5270206432,120581.525253449,FALSE,2,1,1,0.373143867527539,0.469696367526403,0.970928299169815,0.14657193376377,-0.438346294251114,66.5104922336606,7.66956483244056,25.8120429173726,-0.0291094256209833,0.411251240014445,0.653695805055118,1.52753912434144,1.05577546467385,0.0532827271554909
"Kotuku",42,"Event_42.csv","2023-03-17 23:15:00","2023-03-18 14:30:00",38,"2023-03-18 08:30:00",3.07191554223578,9.25,6,0.60655737704918,0.0599253891850795,2.04250563476244,0.487216186859576,0.418290402823485,1,80544.4210679656,2.48099989428347,14345.8484102446,4.41893403879456,15.25,62,900,-0.156463653994698,0.946369708806064,-0.142026295537474,3,0.1,0.95,"2023-03-06 15:45:00",271.5,11.3125,1.08517097087895,2300.64092176954,56931.1686770172,FALSE,2,1,0,0.373143867527539,0.469696367526403,0.970928299169815,0.14657193376377,-0.438346294251114,66.5104922336606,7.66956483244056,25.8120429173726,-0.0291094256209833,0.411251240014445,0.653695805055118,1.52753912434144,1.05577546467385,0.0532827271554909
"Kotuku",43,"Event_43.csv","2023-03-21 14:15:00","2023-03-22 06:30:00",26,"2023-03-21 20:30:00",1.16461454913105,6.25,10,0.384615384615385,0.0149801721745757,1.27063511682451,0.782786567812655,0.0783002937996932,1,52501.570798729,1.61719942702734,3091.01141874911,0.95212044502429,16.25,66,900,0.206538999633877,0.421373207409123,0.142854516393211,5,0.2,0.9,"2023-03-18 14:30:00",71.75,2.98958333333333,3.07191554223578,14345.8484102446,80544.4210679656,FALSE,3,1,1,0.373143867527539,0.469696367526403,0.970928299169815,0.14657193376377,-0.438346294251114,66.5104922336606,7.66956483244056,25.8120429173726,-0.0291094256209833,0.411251240014445,0.653695805055118,1.52753912434144,1.05577546467385,0.0532827271554909
"Kotuku",44,"Event_44.csv","2023-04-11 16:30:00","2023-04-12 07:00:00",24,"2023-04-11 22:15:00",1.23891055352983,5.75,8.75,0.396551724137931,0.0155352809612447,1.30454339184274,0.84431673603655,0.0933678758331897,1,49087.1084694682,1.51202416391653,2158.03663237924,0.664737369243093,14.5,59,900,-0.319463748985397,0.531415048931267,-0.249258765164508,4,0.15,0.9,"2023-03-22 06:30:00",490,20.4166666666667,1.16461454913105,3091.01141874911,52501.570798729,FALSE,2,0,0,0.373143867527539,0.469696367526403,0.970928299169815,0.14657193376377,-0.438346294251114,66.5104922336606,7.66956483244056,25.8120429173726,-0.0291094256209833,0.411251240014445,0.653695805055118,1.52753912434144,1.05577546467385,0.0532827271554909
"Kotuku",45,"Event_45.csv","2023-04-22 07:00:00","2023-04-23 00:45:00",32,"2023-04-22 14:45:00",1.9960804076074,7.75,10,0.436619718309859,0.0227446568345326,1.61908247168046,0.690190709285563,0.117084892115828,1,82205.0689930985,2.53215262804289,4996.75224447038,1.53914344729485,17.75,72,900,-0.109688984229483,0.990151241355498,-0.087217417540693,4,0.15,0.95,"2023-04-12 07:00:00",240,10,1.23891055352983,2158.03663237924,49087.1084694682,FALSE,1,1,0,0.373143867527539,0.469696367526403,0.970928299169815,0.14657193376377,-0.438346294251114,66.5104922336606,7.66956483244056,25.8120429173726,-0.0291094256209833,0.411251240014445,0.653695805055118,1.52753912434144,1.05577546467385,0.0532827271554909
"Kotuku",46,"Event_46.csv","2023-04-30 16:30:00","2023-05-02 20:15:00",116,"2023-05-01 21:15:00",3.29811630062636,28.75,23,0.555555555555556,0.0166463934535011,1.9175678474215,0.608699938276942,0.0957302335531903,1,339224.492002673,10.4490902987162,33895.3646582898,10.440747480568,51.75,208,900,-0.0677477920371884,0.699846657747313,-0.04583349733051,3,0.2,0.95,"2023-04-23 00:45:00",183.75,7.65625,1.9960804076074,4996.75224447038,82205.0689930985,FALSE,2,1,0,0.373143867527539,0.469696367526403,0.970928299169815,0.14657193376377,-0.438346294251114,66.5104922336606,7.66956483244056,25.8120429173726,-0.0291094256209833,0.411251240014445,0.653695805055118,1.52753912434144,1.05577546467385,0.0532827271554909
"Kotuku",47,"Event_47.csv","2023-05-02 19:30:00","2023-05-04 02:45:00",46,"2023-05-03 06:45:00",2.75420875143199,11.25,20,0.36,0.0148685549518461,1.59634934974405,0.756442579352816,0.0758685154593881,3,204493.799291844,6.29899734454079,17799.6858466214,5.48281533571175,31.25,126,900,-0.0413694055157351,0.685770311965374,-0.0326213076386615,3,0.1,0.95,"2023-05-02 20:15:00",-0.75,-0.03125,3.29811630062636,33895.3646582898,339224.492002673,TRUE,2,1,0,0.373143867527539,0.469696367526403,0.970928299169815,0.14657193376377,-0.438346294251114,66.5104922336606,7.66956483244056,25.8120429173726,-0.0291094256209833,0.411251240014445,0.653695805055118,1.52753912434144,1.05577546467385,0.0532827271554909
"Kotuku",48,"Event_48.csv","2023-05-09 16:30:00","2023-05-10 14:30:00",32,"2023-05-10 00:15:00",8.64916495788639,7.75,14.25,0.352272727272727,0.0504142438365993,1.54200623794177,0.310940811945936,0.193972536695161,2,334521.211606057,10.3042157312159,92476.9456510519,28.4855598118104,22,89,900,-0.0247028293929987,0.919994390884344,0.000260965068184731,2,0.1,0.95,"2023-05-04 02:45:00",133.75,5.57291666666667,2.75420875143199,17799.6858466214,204493.799291844,FALSE,4,2,2,0.373143867527539,0.469696367526403,0.970928299169815,0.14657193376377,-0.438346294251114,66.5104922336606,7.66956483244056,25.8120429173726,-0.0291094256209833,0.411251240014445,0.653695805055118,1.52753912434144,1.05577546467385,0.0532827271554909
"Kotuku",49,"Event_49.csv","2023-05-19 07:15:00","2023-05-20 00:45:00",38,"2023-05-19 16:30:00",5.10360878249962,9.25,8.25,0.528571428571429,0.0430050154202306,1.94791073368731,0.376141461689603,0.243252927006306,1,159995.191208961,4.92831219359487,38658.9871983366,11.9080802717851,17.5,71,900,-0.0335731936841276,0.886668931518852,-0.00583869622728183,3,0.1,0.95,"2023-05-10 14:30:00",208.75,8.69791666666667,8.64916495788639,92476.9456510519,334521.211606057,FALSE,4,1,0,0.373143867527539,0.469696367526403,0.970928299169815,0.14657193376377,-0.438346294251114,66.5104922336606,7.66956483244056,25.8120429173726,-0.0291094256209833,0.411251240014445,0.653695805055118,1.52753912434144,1.05577546467385,0.0532827271554909
"Kotuku",50,"Event_50.csv","2023-05-23 03:15:00","2023-05-23 15:15:00",23,"2023-05-23 08:45:00",4.5427625407522,5.5,6.5,0.458333333333333,0.0710812720044636,2.52304406210529,0.45468787850815,0.312810021583806,1,86603.0238148427,2.66762228941899,22389.2669631831,6.89653836134336,12,49,900,-0.0736129179169801,0.951833490924979,-0.046612609439109,3,0.1,0.95,"2023-05-20 00:45:00",74.5,3.10416666666667,5.10360878249962,38658.9871983366,159995.191208961,FALSE,4,2,1,0.373143867527539,0.469696367526403,0.970928299169815,0.14657193376377,-0.438346294251114,66.5104922336606,7.66956483244056,25.8120429173726,-0.0291094256209833,0.411251240014445,0.653695805055118,1.52753912434144,1.05577546467385,0.0532827271554909
"Kotuku",51,"Event_51.csv","2023-05-29 12:30:00","2023-05-30 04:45:00",34,"2023-05-29 20:45:00",8.81484303074938,8.25,8,0.507692307692308,0.0725303996496946,2.11634431991757,0.226591263433259,0.471446972294906,1,205136.007910028,6.31877921760778,62125.6087388147,19.1364748383048,16.25,66,900,-0.0951401194090812,1,-0.0575181832494382,4,0.1,0.95,"2023-05-23 15:15:00",141.25,5.88541666666667,4.5427625407522,22389.2669631831,86603.0238148427,FALSE,5,2,1,0.373143867527539,0.469696367526403,0.970928299169815,0.14657193376377,-0.438346294251114,66.5104922336606,7.66956483244056,25.8120429173726,-0.0291094256209833,0.411251240014445,0.653695805055118,1.52753912434144,1.05577546467385,0.0532827271554909
"Kotuku",52,"Event_52.csv","2023-06-04 21:00:00","2023-06-06 00:30:00",45,"2023-06-05 08:00:00",1.23258778558554,11,16.5,0.4,0.0188664146596458,1.50765691488811,0.745726175044138,0.113892546449089,2,82421.5939854721,2.53882222074796,6407.4441745113,1.97367714719503,27.5,111,900,0.096982945377466,0.889491408502695,0.0931582986715552,1,0.15,0.95,"2023-05-30 04:45:00",136.25,5.67708333333333,8.81484303074938,62125.6087388147,205136.007910028,FALSE,4,2,1,0.373143867527539,0.469696367526403,0.970928299169815,0.14657193376377,-0.438346294251114,66.5104922336606,7.66956483244056,25.8120429173726,-0.0291094256209833,0.411251240014445,0.653695805055118,1.52753912434144,1.05577546467385,0.0532827271554909
"Kotuku",54,"Event_53a.csv","2023-06-18 09:45:00","2023-06-18 18:45:00",15,"2023-06-18 13:15:00",2.72586801718008,3.5,5.5,0.388888888888889,0.0986643460627911,1.79412815552742,0.45307745332585,0.24592026769127,1,47716.9682171431,1.46981990226688,9374.96616976673,2.88775929700649,9,37,900,0.0389029335179098,0.995985864120741,0.0338689214928109,2,0.1,0.8,"2023-06-06 00:30:00",297.25,12.3854166666667,1.23258778558554,6407.4441745113,82421.5939854721,FALSE,4,1,0,0.373143867527539,0.469696367526403,0.970928299169815,0.14657193376377,-0.438346294251114,66.5104922336606,7.66956483244056,25.8120429173726,-0.0291094256209833,0.411251240014445,0.653695805055118,1.52753912434144,1.05577546467385,0.0532827271554909
"Kotuku",53,"Event_53.csv","2023-06-18 19:45:00","2023-06-19 12:45:00",47,"2023-06-19 07:15:00",1.78803721257181,11.5,5.5,0.676470588235294,0.039625383799042,1.26726177402197,0.541635739760564,0.229363889009963,4,80398.5239607881,2.47650584363807,16661.3296414637,5.13216887414367,17,69,900,0.0193192796797033,0.688297536346545,0.0243174593810414,2,0.1,0.95,"2023-06-18 18:45:00",1,0.0416666666666667,2.72586801718008,9374.96616976673,47716.9682171431,FALSE,5,2,1,0.373143867527539,0.469696367526403,0.970928299169815,0.14657193376377,-0.438346294251114,66.5104922336606,7.66956483244056,25.8120429173726,-0.0291094256209833,0.411251240014445,0.653695805055118,1.52753912434144,1.05577546467385,0.0532827271554909
"Kotuku",55,"Event_54.csv","2023-06-19 22:30:00","2023-06-20 11:45:00",24,"2023-06-20 04:15:00",11.267653297855,5.75,7.5,0.433962264150943,0.0704124629688063,2.0206086303096,0.13267036478667,0.185461825753713,1,262184.939868007,8.07605045104675,91998.6205746536,28.3382219269213,13.25,54,900,0.000191999878965921,0.913709443348072,0.00386131886180254,2,0.1,0.95,"2023-06-19 12:45:00",9.75,0.40625,1.78803721257181,16661.3296414637,80398.5239607881,FALSE,5,3,2,0.373143867527539,0.469696367526403,0.970928299169815,0.14657193376377,-0.438346294251114,66.5104922336606,7.66956483244056,25.8120429173726,-0.0291094256209833,0.411251240014445,0.653695805055118,1.52753912434144,1.05577546467385,0.0532827271554909
"Kotuku",56,"Event_54a.csv","2023-06-22 00:30:00","2023-06-23 14:45:00",20,"2023-06-22 05:15:00",11.3768512167467,4.75,33.5,0.124183006535948,0.0794393847884843,6.5036421810388,0.3495792048387,0.399443667821399,1,293248.607796271,9.03290079305922,93815.5902960917,28.897900875138,38.25,154,900,0.0622741889717142,0.841193108022433,0.0534565329269669,2,0.1,0.95,"2023-06-20 11:45:00",36.75,1.53125,11.267653297855,91998.6205746536,262184.939868007,FALSE,6,3,3,0.373143867527539,0.469696367526403,0.970928299169815,0.14657193376377,-0.438346294251114,66.5104922336606,7.66956483244056,25.8120429173726,-0.0291094256209833,0.411251240014445,0.653695805055118,1.52753912434144,1.05577546467385,0.0532827271554909
"Kotuku",57,"Event_55.csv","2023-07-08 00:15:00","2023-07-09 02:30:00",36,"2023-07-08 09:00:00",1.93932842105107,8.75,17.5,0.333333333333333,0.030116590343411,2.12625453562722,0.590382284883977,0.172853688854742,1,93188.9716302581,2.8704884298313,14644.6365522929,4.51096938264656,26.25,106,900,0.0523461925280004,0.855018642221249,0.0418458506231771,2,0.1,0.95,"2023-06-23 14:45:00",345.5,14.3958333333333,11.3768512167467,93815.5902960917,293248.607796271,FALSE,4,0,0,0.373143867527539,0.469696367526403,0.970928299169815,0.14657193376377,-0.438346294251114,66.5104922336606,7.66956483244056,25.8120429173726,-0.0291094256209833,0.411251240014445,0.653695805055118,1.52753912434144,1.05577546467385,0.0532827271554909
"Kotuku",58,"Event_56.csv","2023-08-19 16:15:00","2023-08-21 01:00:00",65,"2023-08-20 08:15:00",1.11274182115942,16,16.75,0.488549618320611,0.0149864682321928,1.71956671977507,0.743031553378318,0.125684940482166,1,79127.909549116,2.43736726421525,7215.28798384222,2.22251628204415,32.75,132,900,-0.0213986095237102,0.975165280603094,-0.0143796985701506,3,0.15,0.999,"2023-07-09 02:30:00",997.75,41.5729166666667,1.93932842105107,14644.6365522929,93188.9716302581,FALSE,0,0,0,0.373143867527539,0.469696367526403,0.970928299169815,0.14657193376377,-0.438346294251114,66.5104922336606,7.66956483244056,25.8120429173726,-0.0291094256209833,0.411251240014445,0.653695805055118,1.52753912434144,1.05577546467385,0.0532827271554909
"Kotuku",59,"Event_57.csv","2023-09-11 18:00:00","2023-09-12 05:45:00",18,"2023-09-11 22:15:00",2.40311625042329,4.25,7.5,0.361702127659574,0.0717768782802271,2.52032745628035,0.500552085890897,0.314576468997976,1,44818.3570276174,1.38053433835782,9220.40275082064,2.84014931719898,11.75,48,900,0.0233512420534103,0.934341309059121,0.0247950487541563,2,0.1,0.95,"2023-08-21 01:00:00",521,21.7083333333333,1.11274182115942,7215.28798384222,79127.909549116,FALSE,1,0,0,0.373143867527539,0.469696367526403,0.970928299169815,0.14657193376377,-0.438346294251114,66.5104922336606,7.66956483244056,25.8120429173726,-0.0291094256209833,0.411251240014445,0.653695805055118,1.52753912434144,1.05577546467385,0.0532827271554909
"Kotuku",60,"Event_58.csv","2023-09-24 22:00:00","2023-09-25 19:15:00",49,"2023-09-25 10:00:00",1.27997014441568,12,9.25,0.564705882352941,0.0199658823997135,1.44815700304642,0.658217352015031,0.120079252169087,2,67237.5313470558,2.07110940710794,5848.42297511857,1.80148253480527,21.25,86,900,0.161744757942404,0.701820919061005,0.139492872828978,2,0.15,0.95,"2023-09-12 05:45:00",304.25,12.6770833333333,2.40311625042329,9220.40275082064,44818.3570276174,FALSE,1,1,0,0.373143867527539,0.469696367526403,0.970928299169815,0.14657193376377,-0.438346294251114,66.5104922336606,7.66956483244056,25.8120429173726,-0.0291094256209833,0.411251240014445,0.653695805055118,1.52753912434144,1.05577546467385,0.0532827271554909
"Kotuku",61,"Event_59.csv","2023-09-25 20:15:00","2023-09-26 16:15:00",45,"2023-09-26 07:15:00",4.11739772393283,11,9,0.55,0.0670891807755207,1.96632435861731,0.347722351225551,0.348820938640625,2,132895.235169912,4.09355558132457,35993.1229214361,11.0869173778854,20,81,900,-0.19203333908973,0.96584906311175,-0.133161194810974,4,0.1,0.9,"2023-09-25 19:15:00",1,0.0416666666666667,1.27997014441568,5848.42297511857,67237.5313470558,FALSE,2,2,1,0.373143867527539,0.469696367526403,0.970928299169815,0.14657193376377,-0.438346294251114,66.5104922336606,7.66956483244056,25.8120429173726,-0.0291094256209833,0.411251240014445,0.653695805055118,1.52753912434144,1.05577546467385,0.0532827271554909
"Kotuku",62,"Event_60.csv","2023-11-03 08:15:00","2023-11-04 06:30:00",32,"2023-11-03 16:00:00",0.807206258292893,7.75,14.5,0.348314606741573,0.0154021229662964,1.36859823570187,0.761530471496175,0.0310592437521597,2,47666.7543031889,1.46827316925223,2282.08184926305,0.702946864810193,22.25,90,900,-0.0160107278883361,0.629045979548477,-0.0105384198466716,3,0.15,0.95,"2023-09-26 16:15:00",904,37.6666666666667,4.11739772393283,35993.1229214361,132895.235169912,FALSE,0,0,0,0.373143867527539,0.469696367526403,0.970928299169815,0.14657193376377,-0.438346294251114,66.5104922336606,7.66956483244056,25.8120429173726,-0.0291094256209833,0.411251240014445,0.653695805055118,1.52753912434144,1.05577546467385,0.0532827271554909
"Kotuku",63,"Event_61.csv","2023-11-18 23:45:00","2023-11-20 11:00:00",84,"2023-11-19 20:30:00",0.981368077150203,20.75,14.5,0.588652482269504,0.0146337052760515,1.32005257823741,0.7024112276504,0.0654459744330769,5,90567.7460456073,2.78974714058763,3466.48824352507,1.06777810948115,35.25,142,900,-0.0265496376084845,0.694618113037011,-0.0361737702245509,3,0.1,0.95,"2023-11-04 06:30:00",353.25,14.71875,0.807206258292893,2282.08184926305,47666.7543031889,FALSE,1,0,0,0.373143867527539,0.469696367526403,0.970928299169815,0.14657193376377,-0.438346294251114,66.5104922336606,7.66956483244056,25.8120429173726,-0.0291094256209833,0.411251240014445,0.653695805055118,1.52753912434144,1.05577546467385,0.0532827271554909
"Kotuku",64,"Event_62.csv","2023-12-26 10:45:00","2023-12-27 00:45:00",25,"2023-12-26 16:45:00",0.809005758454886,6,8,0.428571428571429,0.0182831861939446,1.2991991522221,0.828074094438367,0.100988838168991,1,30772.9148541262,0.947894310835719,871.208320886075,0.26835722739795,14,57,900,-0.316272186771496,0.899295805552913,-0.277580103734788,4,0.1,0.95,"2023-11-20 11:00:00",863.75,35.9895833333333,0.981368077150203,3466.48824352507,90567.7460456073,FALSE,0,0,0,0.373143867527539,0.469696367526403,0.970928299169815,0.14657193376377,-0.438346294251114,66.5104922336606,7.66956483244056,25.8120429173726,-0.0291094256209833,0.411251240014445,0.653695805055118,1.52753912434144,1.05577546467385,0.0532827271554909
"Kotuku",65,"Event_63.csv","2023-12-30 01:30:00","2023-12-30 18:45:00",14,"2023-12-30 04:45:00",1.23033384440992,3.25,14,0.188405797101449,0.0252414446226713,1.45943839926762,0.725339869552476,0.119887627383499,1,46686.7763598998,1.43808702921344,1848.71447429925,0.569457245390887,17.25,70,900,0.00758780967774063,0.999647739073352,0.00678331356202411,2,0.1,0.95,"2023-12-27 00:45:00",72.75,3.03125,0.809005758454886,871.208320886075,30772.9148541262,FALSE,1,1,1,0.373143867527539,0.469696367526403,0.970928299169815,0.14657193376377,-0.438346294251114,66.5104922336606,7.66956483244056,25.8120429173726,-0.0291094256209833,0.411251240014445,0.653695805055118,1.52753912434144,1.05577546467385,0.0532827271554909
"Kotuku",66,"Event_64.csv","2024-01-15 12:45:00","2024-01-16 07:45:00",38,"2024-01-15 22:00:00",1.20657757273605,9.25,9.75,0.486842105263158,0.0246796719600066,1.65591747484862,0.711968731208341,0.179958865329648,2,49346.9961435595,1.52002945197245,2831.576813269,0.872207122632105,19,77,900,-0.206847216979635,0.665174720299764,-0.180441698465933,3,0.1,0.95,"2023-12-30 18:45:00",378,15.75,1.23033384440992,1848.71447429925,46686.7763598998,FALSE,2,0,0,0.373143867527539,0.469696367526403,0.970928299169815,0.14657193376377,-0.438346294251114,66.5104922336606,7.66956483244056,25.8120429173726,-0.0291094256209833,0.411251240014445,0.653695805055118,1.52753912434144,1.05577546467385,0.0532827271554909
"Kotuku",67,"Event_65.csv","2024-01-28 17:45:00","2024-01-29 06:30:00",28,"2024-01-29 00:30:00",2.24489249817902,6.75,6,0.529411764705882,0.0554087722917771,1.94896748262501,0.492032970180093,0.347954653392845,1,51501.7572931492,1.58640229460331,7279.90310692458,2.24241959892331,12.75,52,900,-0.19367864385627,0.982945663585966,-0.168238964124274,3,0.1,0.95,"2024-01-16 07:45:00",298,12.4166666666667,1.20657757273605,2831.576813269,49346.9961435595,FALSE,2,1,0,0.373143867527539,0.469696367526403,0.970928299169815,0.14657193376377,-0.438346294251114,66.5104922336606,7.66956483244056,25.8120429173726,-0.0291094256209833,0.411251240014445,0.653695805055118,1.52753912434144,1.05577546467385,0.0532827271554909
"Kotuku",68,"Event_66.csv","2024-02-26 08:45:00","2024-02-27 00:45:00",23,"2024-02-26 14:15:00",1.51612480214563,5.5,10.5,0.34375,0.0240705426804012,1.32006199629344,0.605855753507597,0.11228737380289,2,61079.1159564877,1.88141249538689,2812.41583454893,0.866304989927129,16,65,900,0.178217985130311,0.524293895312214,0.142976048295955,1,0.2,0.95,"2024-01-29 06:30:00",674.25,28.09375,2.24489249817902,7279.90310692458,51501.7572931492,FALSE,1,0,0,0.373143867527539,0.469696367526403,0.970928299169815,0.14657193376377,-0.438346294251114,66.5104922336606,7.66956483244056,25.8120429173726,-0.0291094256209833,0.411251240014445,0.653695805055118,1.52753912434144,1.05577546467385,0.0532827271554909
"Kotuku",69,"Event_67.csv","2024-03-04 15:30:00","2024-03-05 04:00:00",29,"2024-03-04 22:30:00",1.49904774877235,7,5.5,0.56,0.0279569316240435,1.38064781081159,0.646670404308171,0.170661653613962,2,47958.2904312825,1.47725332074366,2315.32886811445,0.713187903129404,12.5,51,900,0.0143355079967102,0.363382551394939,0.0160727960991077,2,0.15,0.95,"2024-02-27 00:45:00",158.75,6.61458333333333,1.51612480214563,2812.41583454893,61079.1159564877,FALSE,1,1,1,0.373143867527539,0.469696367526403,0.970928299169815,0.14657193376377,-0.438346294251114,66.5104922336606,7.66956483244056,25.8120429173726,-0.0291094256209833,0.411251240014445,0.653695805055118,1.52753912434144,1.05577546467385,0.0532827271554909
"Kotuku",70,"Event_68.csv","2024-04-12 08:15:00","2024-04-13 06:30:00",46,"2024-04-12 19:30:00",1.79574923514898,11.25,11,0.50561797752809,0.0162197380623718,1.52504636567992,0.704094483811797,0.0506771653239206,1,97765.774141599,3.01146711458975,3019.37504975727,0.930054382404556,22.25,90,900,0.0500098726427595,0.727448814575083,0.0387065338014012,2,0.15,0.95,"2024-03-05 04:00:00",916.25,38.1770833333333,1.49904774877235,2315.32886811445,47958.2904312825,FALSE,0,0,0,0.373143867527539,0.469696367526403,0.970928299169815,0.14657193376377,-0.438346294251114,66.5104922336606,7.66956483244056,25.8120429173726,-0.0291094256209833,0.411251240014445,0.653695805055118,1.52753912434144,1.05577546467385,0.0532827271554909
"Kotuku",71,"Event_69.csv","2024-04-20 14:30:00","2024-04-21 11:00:00",44,"2024-04-21 01:15:00",1.73617394159748,10.75,9.75,0.524390243902439,0.0151566998775585,1.42483592147469,0.732162790897302,0.102013468748939,1,90018.8477785342,2.77283949478767,2478.19086623152,0.763354084070761,20.5,83,900,-0.075845905361318,0.643339166426495,-0.0562068193261145,3,0.1,0.95,"2024-04-13 06:30:00",176,7.33333333333333,1.79574923514898,3019.37504975727,97765.774141599,FALSE,1,1,0,0.373143867527539,0.469696367526403,0.970928299169815,0.14657193376377,-0.438346294251114,66.5104922336606,7.66956483244056,25.8120429173726,-0.0291094256209833,0.411251240014445,0.653695805055118,1.52753912434144,1.05577546467385,0.0532827271554909
"Kotuku",72,"Event_70.csv","2024-05-06 23:30:00","2024-05-07 14:00:00",30,"2024-05-07 06:45:00",1.26895094298503,7.25,7.25,0.5,0.0110406790700521,1.22043909203265,0.839209551905376,0.0610909005504294,1,55154.1087261414,1.69890522651331,1712.00403576728,0.527346497179158,14.5,59,900,0.0528296143978496,0.561171709638239,0.061918226462175,2,0.2,0.95,"2024-04-21 11:00:00",372.5,15.5208333333333,1.73617394159748,2478.19086623152,90018.8477785342,FALSE,2,0,0,0.373143867527539,0.469696367526403,0.970928299169815,0.14657193376377,-0.438346294251114,66.5104922336606,7.66956483244056,25.8120429173726,-0.0291094256209833,0.411251240014445,0.653695805055118,1.52753912434144,1.05577546467385,0.0532827271554909
"Kotuku",73,"Event_71.csv","2024-05-15 07:00:00","2024-05-16 02:00:00",33,"2024-05-15 15:00:00",4.54548010205504,8,11,0.421052631578947,0.0419235627791328,2.01890338561826,0.390750211255193,0.0539502999824988,2,162310.975511231,4.9996450125901,32118.5823452564,9.89344741032709,19,77,900,-0.0479902816913997,0.866889652100701,-0.030254399462308,3,0.1,0.95,"2024-05-07 14:00:00",185,7.70833333333333,1.26895094298503,1712.00403576728,55154.1087261414,FALSE,2,1,0,0.373143867527539,0.469696367526403,0.970928299169815,0.14657193376377,-0.438346294251114,66.5104922336606,7.66956483244056,25.8120429173726,-0.0291094256209833,0.411251240014445,0.653695805055118,1.52753912434144,1.05577546467385,0.0532827271554909
"Kotuku",74,"Event_72.csv","2024-05-20 22:00:00","2024-05-21 16:00:00",25,"2024-05-21 04:00:00",5.15289202155288,6,12,0.333333333333333,0.0478851235261776,2.51074691515927,0.411553651699002,0.135715660870642,1,150527.570578518,4.63668223993956,18113.0593587887,5.57934339317984,18,73,900,0.351934003269115,0.661197045789432,0.298130527461734,1,0.1,0.95,"2024-05-16 02:00:00",116,4.83333333333333,4.54548010205504,32118.5823452564,162310.975511231,FALSE,3,2,1,0.373143867527539,0.469696367526403,0.970928299169815,0.14657193376377,-0.438346294251114,66.5104922336606,7.66956483244056,25.8120429173726,-0.0291094256209833,0.411251240014445,0.653695805055118,1.52753912434144,1.05577546467385,0.0532827271554909
"Kotuku",75,"Event_73.csv","2024-06-09 18:00:00","2024-06-10 16:30:00",33,"2024-06-10 02:00:00",3.15331222253767,8,14.5,0.355555555555556,0.0244422583426172,1.69691173526068,0.50450460965194,0.0740350863657687,1,153412.36972111,4.72554235306596,13175.6593517871,4.05848214258255,22.5,91,900,0.239522856981048,0.976762275206184,0.205476333455662,1,0.15,0.95,"2024-05-21 16:00:00",458,19.0833333333333,5.15289202155288,18113.0593587887,150527.570578518,FALSE,2,0,0,0.373143867527539,0.469696367526403,0.970928299169815,0.14657193376377,-0.438346294251114,66.5104922336606,7.66956483244056,25.8120429173726,-0.0291094256209833,0.411251240014445,0.653695805055118,1.52753912434144,1.05577546467385,0.0532827271554909
"Kotuku",76,"Event_74.csv","2024-06-14 02:30:00","2024-06-15 06:30:00",66,"2024-06-14 18:45:00",4.53190098197436,16.25,11.75,0.580357142857143,0.0318172085739043,2.631412803755,0.501151819836156,0.118510412700246,1,203588.931660367,6.27112481819734,34444.3068281,10.6098374618737,28,113,900,-0.242281451675106,0.817126196169846,-0.217602436625909,3,0.1,0.95,"2024-06-10 16:30:00",82,3.41666666666667,3.15331222253767,13175.6593517871,153412.36972111,FALSE,3,1,1,0.373143867527539,0.469696367526403,0.970928299169815,0.14657193376377,-0.438346294251114,66.5104922336606,7.66956483244056,25.8120429173726,-0.0291094256209833,0.411251240014445,0.653695805055118,1.52753912434144,1.05577546467385,0.0532827271554909
"Kotuku",77,"Event_75.csv","2024-06-16 19:45:00","2024-06-17 14:30:00",31,"2024-06-17 03:15:00",1.81677132674323,7.5,11.25,0.4,0.0147221115457815,1.33920606670972,0.789288422173194,0.0967623433889527,1,90216.9609408933,2.77894195015766,4714.73471239109,1.45227393380187,18.75,76,900,0.184488604156756,0.236657212742613,0.163305827356668,1,0.15,0.95,"2024-06-15 06:30:00",37.25,1.55208333333333,4.53190098197436,34444.3068281,203588.931660367,FALSE,3,2,2,0.373143867527539,0.469696367526403,0.970928299169815,0.14657193376377,-0.438346294251114,66.5104922336606,7.66956483244056,25.8120429173726,-0.0291094256209833,0.411251240014445,0.653695805055118,1.52753912434144,1.05577546467385,0.0532827271554909
"Kotuku",78,"Event_76.csv","2024-06-23 04:45:00","2024-06-23 22:45:00",32,"2024-06-23 12:30:00",2.78688974294424,7.75,10.25,0.430555555555556,0.0266972794636876,1.72816290677282,0.622721827873795,0.12161489576918,1,107890.105129724,3.32332563660994,8748.49497954831,2.6947881469138,18,73,900,0.234874484743962,0.691906801082418,0.224772194782077,2,0.1,0.95,"2024-06-17 14:30:00",134.25,5.59375,1.81677132674323,4714.73471239109,90216.9609408933,FALSE,3,3,1,0.373143867527539,0.469696367526403,0.970928299169815,0.14657193376377,-0.438346294251114,66.5104922336606,7.66956483244056,25.8120429173726,-0.0291094256209833,0.411251240014445,0.653695805055118,1.52753912434144,1.05577546467385,0.0532827271554909
"Kotuku",79,"Event_77.csv","2024-07-01 18:15:00","2024-07-02 09:00:00",28,"2024-07-02 01:00:00",2.33532597797948,6.75,8,0.457627118644068,0.0286146861674477,1.61637579829116,0.677704980578071,0.146238092072385,1,78848.4211272619,2.42875821673711,7157.30339339851,2.20465535997736,14.75,60,900,0.132142139893247,0.672138250482204,0.128169135553989,2,0.1,0.95,"2024-06-23 22:45:00",187.5,7.8125,2.78688974294424,8748.49497954831,107890.105129724,FALSE,4,1,0,0.373143867527539,0.469696367526403,0.970928299169815,0.14657193376377,-0.438346294251114,66.5104922336606,7.66956483244056,25.8120429173726,-0.0291094256209833,0.411251240014445,0.653695805055118,1.52753912434144,1.05577546467385,0.0532827271554909
"Kotuku",80,"Event_78.csv","2024-07-15 19:15:00","2024-07-16 10:00:00",22,"2024-07-16 00:30:00",8.72473169469416,5.25,9.5,0.355932203389831,0.068050566863461,2.4540120941353,0.278923279782596,0.234169929237657,1,193107.919420414,5.94827948745287,47599.7013022224,14.6620774391173,14.75,60,900,-0.0915966413668978,0.921238923312744,-0.0406915095155955,3,0.1,0.95,"2024-07-02 09:00:00",322.25,13.4270833333333,2.33532597797948,7157.30339339851,78848.4211272619,FALSE,3,1,0,0.373143867527539,0.469696367526403,0.970928299169815,0.14657193376377,-0.438346294251114,66.5104922336606,7.66956483244056,25.8120429173726,-0.0291094256209833,0.411251240014445,0.653695805055118,1.52753912434144,1.05577546467385,0.0532827271554909
"Kotuku",81,"Event_79.csv","2024-07-19 09:15:00","2024-07-21 02:30:00",80,"2024-07-20 05:00:00",1.92842669911381,19.75,21.5,0.478787878787879,0.0113706076687764,1.46318919689111,0.768690275023775,0.0345430930555443,3,208652.790765422,6.42710624729849,12356.6092204506,3.8061911381511,41.25,166,900,0.240258451884494,0.652880615148475,0.177467855199312,2,0.2,0.95,"2024-07-16 10:00:00",71.25,2.96875,8.72473169469416,47599.7013022224,193107.919420414,FALSE,3,1,1,0.373143867527539,0.469696367526403,0.970928299169815,0.14657193376377,-0.438346294251114,66.5104922336606,7.66956483244056,25.8120429173726,-0.0291094256209833,0.411251240014445,0.653695805055118,1.52753912434144,1.05577546467385,0.0532827271554909
"Kotuku",82,"Event_81.csv","2024-07-29 17:45:00","2024-07-30 14:30:00",47,"2024-07-30 05:15:00",1.48755423667181,11.5,9.25,0.55421686746988,0.00847643998876749,1.2204074153212,0.820947133029041,0.0349264198368494,2,92837.0261158778,2.85964749544511,3573.51460154852,1.10074530688861,20.75,84,900,0.152419119471267,0.702257499163383,0.0955768346625082,1,0.3,0.95,"2024-07-21 02:30:00",207.25,8.63541666666667,1.92842669911381,12356.6092204506,208652.790765422,FALSE,3,2,0,0.373143867527539,0.469696367526403,0.970928299169815,0.14657193376377,-0.438346294251114,66.5104922336606,7.66956483244056,25.8120429173726,-0.0291094256209833,0.411251240014445,0.653695805055118,1.52753912434144,1.05577546467385,0.0532827271554909
"Matata",1,"Event_2.csv","2021-12-14 15:45:00","2021-12-16 18:15:00",80,"2021-12-15 11:45:00",6.458457608,20,30.5,0.396039603960396,0.00393086651676238,1.22103863571032,0.841496565091624,0.0168119906399929,2,954365.3705619,9.56626913114656,36801.8193263992,3.68890279395706,50.5,201,909,0.292068233802314,0.732714006740098,0.269229219374239,2,0.1,0.95,NA,NA,NA,NA,NA,NA,NA,0,0,0,0.389221872992597,0.451520113749325,0.974263641249116,0.154610936496299,-0.0966708537468383,54.0875389968848,25.3603800106813,20.4131396437412,-0.336874384668391,-0.355532406457467,0.177368755167043,1.67658147732735,0.862531800585907,0.0638926341343523
"Matata",2,"Event_3.csv","2021-12-14 16:30:00","2021-12-16 21:30:00",77,"2021-12-15 11:45:00",6.458457608,19.25,33.75,0.363207547169811,0.00381709648266529,1.21261802396671,0.84681250813754,0.0168119906399929,2,994895.2852695,9.97252870836387,37265.0575854676,3.73533639260579,53,211,908.571428571429,0.287759224119067,0.737010994453963,0.270808109141901,2,0.1,0.95,"2021-12-16 18:15:00",-49.75,-2.07291666666667,6.458457608,36801.8193263992,954365.3705619,TRUE,0,0,0,0.389221872992597,0.451520113749325,0.974263641249116,0.154610936496299,-0.0966708537468383,54.0875389968848,25.3603800106813,20.4131396437412,-0.336874384668391,-0.355532406457467,0.177368755167043,1.67658147732735,0.862531800585907,0.0638926341343523
"Matata",3,"Event_4.csv","2022-02-04 09:30:00","2022-02-05 11:00:00",70,"2022-02-05 03:00:00",4.454639528,17.5,8,0.686274509803922,0.00148214346480091,1.01186783084245,0.970159880076925,0.00682285638114243,11,402163.7720319,4.03116772331032,5762.92744374509,0.577658374985645,25.5,102,908.910891089109,-0.00140588099254913,0.0896718951759249,-0.0057554941737396,3,0.1,0.95,"2021-12-16 21:30:00",1188,49.5,6.458457608,37265.0575854676,994895.2852695,FALSE,0,0,0,0.389221872992597,0.451520113749325,0.974263641249116,0.154610936496299,-0.0966708537468383,54.0875389968848,25.3603800106813,20.4131396437412,-0.336874384668391,-0.355532406457467,0.177368755167043,1.67658147732735,0.862531800585907,0.0638926341343523
"Matata",4,"Event_5.csv","2022-02-07 04:45:00","2022-02-08 02:45:00",33,"2022-02-07 12:45:00",4.935009072,8,14,0.363636363636364,0.00337155633667315,1.06234871948592,0.927769811034711,0.0107099482965789,2,361326.8701719,3.62183099994936,7713.62747688896,0.773190632198664,22,88,910.344827586207,0.215427108586473,0.4286007758571,0.214003835942914,2,0.1,0.999,"2022-02-05 11:00:00",41.75,1.73958333333333,4.454639528,5762.92744374509,402163.7720319,FALSE,1,1,1,0.389221872992597,0.451520113749325,0.974263641249116,0.154610936496299,-0.0966708537468383,54.0875389968848,25.3603800106813,20.4131396437412,-0.336874384668391,-0.355532406457467,0.177368755167043,1.67658147732735,0.862531800585907,0.0638926341343523
"Matata",5,"Event_6.csv","2022-02-21 10:15:00","2022-02-21 19:45:00",17,"2022-02-21 14:15:00",6.600190072,4,5.5,0.421052631578947,0.021333830330068,1.21586282417127,0.774936260066431,0.0710347592687348,1,187245.1540719,1.87688865565205,11529.8907826771,1.15572129586885,9.5,39,900,0.483522739922015,-0.20107873461128,0.420240462718512,5,0.1,0.95,"2022-02-08 02:45:00",319.5,13.3125,4.935009072,7713.62747688896,361326.8701719,FALSE,2,1,0,0.389221872992597,0.451520113749325,0.974263641249116,0.154610936496299,-0.0966708537468383,54.0875389968848,25.3603800106813,20.4131396437412,-0.336874384668391,-0.355532406457467,0.177368755167043,1.67658147732735,0.862531800585907,0.0638926341343523
"Matata",6,"Event_7.csv","2022-03-02 00:15:00","2022-03-02 12:00:00",22,"2022-03-02 05:30:00",4.547397958,5.25,6.5,0.446808510638298,0.00314853966555451,1.03667738970849,0.968594292799834,0.0220906191009836,2,184213.7935623,1.84650321694812,3529.94225115229,0.353830709218278,11.75,48,900,0.0544115030894942,0.080012418954553,0.0551561791891039,2,0.1,0.9,"2022-02-21 19:45:00",196.5,8.1875,6.600190072,11529.8907826771,187245.1540719,FALSE,3,1,0,0.389221872992597,0.451520113749325,0.974263641249116,0.154610936496299,-0.0966708537468383,54.0875389968848,25.3603800106813,20.4131396437412,-0.336874384668391,-0.355532406457467,0.177368755167043,1.67658147732735,0.862531800585907,0.0638926341343523
"Matata",7,"Event_8.csv","2022-03-21 09:15:00","2022-03-22 13:15:00",32,"2022-03-21 17:00:00",4.839010525,7.75,20.25,0.276785714285714,0.00268759473614742,1.0646501931514,0.936376070760591,0.0121386231772748,5,455383.7118,4.56462826438727,15640.5963966674,1.56776596382651,28,112,908.108108108108,-0.100096582229623,0.282073372907319,-0.080750199064352,3,0.1,0.95,"2022-03-02 12:00:00",453.25,18.8854166666667,4.547397958,3529.94225115229,184213.7935623,FALSE,2,0,0,0.389221872992597,0.451520113749325,0.974263641249116,0.154610936496299,-0.0966708537468383,54.0875389968848,25.3603800106813,20.4131396437412,-0.336874384668391,-0.355532406457467,0.177368755167043,1.67658147732735,0.862531800585907,0.0638926341343523
"Matata",8,"Event_9.csv","2022-03-23 07:15:00","2022-03-24 13:00:00",33,"2022-03-23 15:15:00",5.155279818,8,21.75,0.26890756302521,0.00386329532944888,1.11240226633046,0.91058743855138,0.00655080019422137,3,493032.4637355,4.94200793948458,10938.2064597471,1.09641265319988,29.75,102,1060.39603960396,0.0142294802713498,0.265640856133373,0.00625547647615657,2,0.1,0.95,"2022-03-22 13:15:00",18,0.75,4.839010525,15640.5963966674,455383.7118,FALSE,3,1,1,0.389221872992597,0.451520113749325,0.974263641249116,0.154610936496299,-0.0966708537468383,54.0875389968848,25.3603800106813,20.4131396437412,-0.336874384668391,-0.355532406457467,0.177368755167043,1.67658147732735,0.862531800585907,0.0638926341343523
"Matata",9,"Event_11.csv","2022-05-19 16:15:00","2022-05-20 04:15:00",10,"2022-05-19 18:30:00",4.682649851,2.25,9.75,0.1875,0.00440962721678718,1.05122875547186,0.953508876510721,0.00902090498406211,1,191143.4412078,1.91596390402423,6404.57545800752,0.641975226594439,12,48,919.148936170213,0.679968642314464,0.665081699498693,0.614681898364417,1,0.1,0.95,"2022-03-24 13:00:00",1347.25,56.1354166666667,5.155279818,10938.2064597471,493032.4637355,FALSE,0,0,0,0.389221872992597,0.451520113749325,0.974263641249116,0.154610936496299,-0.0966708537468383,54.0875389968848,25.3603800106813,20.4131396437412,-0.336874384668391,-0.355532406457467,0.177368755167043,1.67658147732735,0.862531800585907,0.0638926341343523
"Matata",10,"Event_12.csv","2022-05-30 13:45:00","2022-05-31 12:30:00",30,"2022-05-30 23:00:00",4.85248231,9.25,13.5,0.406593406593407,0.00413237319644381,1.07198031257841,0.944182299820618,0.00968062191081402,4,372765.1438071,3.73648478702631,190687.423172813,19.1139291749653,22.75,70,1186.95652173913,-0.247755316546082,1,-0.234205186295781,4,0.1,0.95,"2022-05-20 04:15:00",249.5,10.3958333333333,4.682649851,6404.57545800752,191143.4412078,FALSE,1,1,0,0.389221872992597,0.451520113749325,0.974263641249116,0.154610936496299,-0.0966708537468383,54.0875389968848,25.3603800106813,20.4131396437412,-0.336874384668391,-0.355532406457467,0.177368755167043,1.67658147732735,0.862531800585907,0.0638926341343523
"Matata",11,"Event_13_1.csv","2022-06-06 22:45:00","2022-06-09 08:15:00",106,"2022-06-08 01:30:00",5.169638504,26.75,30.75,0.465217391304348,0.0022908656672991,1.12404779656845,0.931938435425557,0.00452505095151967,14,960969.5072253,9.63246699482613,304419.099855496,30.5140476352832,57.5,207,1004.85436893204,-0.296070620555315,0.00624984513645862,-0.249008630895203,4,0.15,0.95,"2022-05-31 12:30:00",154.25,6.42708333333333,4.85248231,190687.423172813,372765.1438071,FALSE,2,1,1,0.389221872992597,0.451520113749325,0.974263641249116,0.154610936496299,-0.0966708537468383,54.0875389968848,25.3603800106813,20.4131396437412,-0.336874384668391,-0.355532406457467,0.177368755167043,1.67658147732735,0.862531800585907,0.0638926341343523
"Matata",12,"Event_14.csv","2022-06-18 19:00:00","2022-06-19 23:00:00",42,"2022-06-19 05:30:00",5.991789753,10.5,17.5,0.375,0.00661190927932293,1.11878810202574,0.844963638457496,0.0334233572229915,3,510561.3320307,5.11771200089407,52485.7603040675,5.2610134871715,28,112,908.108108108108,0.284051852194529,0.658547896130842,0.270880589055731,1,0.1,0.95,"2022-06-09 08:15:00",226.75,9.44791666666667,5.169638504,304419.099855496,960969.5072253,FALSE,3,1,0,0.389221872992597,0.451520113749325,0.974263641249116,0.154610936496299,-0.0966708537468383,54.0875389968848,25.3603800106813,20.4131396437412,-0.336874384668391,-0.355532406457467,0.177368755167043,1.67658147732735,0.862531800585907,0.0638926341343523
"Matata",13,"Event_15.csv","2022-06-29 18:30:00","2022-06-30 14:45:00",34,"2022-06-30 03:00:00",4.579716885,8.5,11.75,0.419753086419753,0.00186854171626836,1.04118630695853,0.963353441714132,0.00840123843125113,2,320110.7555322,3.20869316265397,14458.0720808358,1.4492333115708,20.25,81,911.25,0.0885609766315521,0.889178875111556,0.0668764751071403,2,0.1,0.95,"2022-06-19 23:00:00",235.5,9.8125,5.991789753,52485.7603040675,510561.3320307,FALSE,3,1,0,0.389221872992597,0.451520113749325,0.974263641249116,0.154610936496299,-0.0966708537468383,54.0875389968848,25.3603800106813,20.4131396437412,-0.336874384668391,-0.355532406457467,0.177368755167043,1.67658147732735,0.862531800585907,0.0638926341343523
"Matata",14,"Event_16.csv","2022-07-05 16:45:00","2022-07-06 14:45:00",35,"2022-07-06 01:30:00",4.725833167,8.75,13.25,0.397727272727273,0.00251691057256857,1.07040994160821,0.955033071090718,0.0082485396122278,3,350522.5850073,3.51353212108983,26565.5229188914,2.66284747635103,22,88,910.344827586207,0.0117082069859684,0.0683322363714958,0.00913785538031727,6,0.1,0.95,"2022-06-30 14:45:00",122,5.08333333333333,4.579716885,14458.0720808358,320110.7555322,FALSE,3,1,1,0.389221872992597,0.451520113749325,0.974263641249116,0.154610936496299,-0.0966708537468383,54.0875389968848,25.3603800106813,20.4131396437412,-0.336874384668391,-0.355532406457467,0.177368755167043,1.67658147732735,0.862531800585907,0.0638926341343523
"Matata",15,"Event_17.csv","2022-07-08 05:15:00","2022-07-09 22:15:00",33,"2022-07-08 13:15:00",5.670766158,8,33,0.195121951219512,0.00427146480890696,1.18824980610009,0.882165488204641,0.0247903031396814,6,718158.7633707,7.19860571350218,200931.414657874,20.1407558238153,41,151,984,-0.0748574322333456,0.0439326711819714,-0.0700058461177401,3,0.1,0.95,"2022-07-06 14:45:00",38.5,1.60416666666667,4.725833167,26565.5229188914,350522.5850073,FALSE,4,2,1,0.389221872992597,0.451520113749325,0.974263641249116,0.154610936496299,-0.0966708537468383,54.0875389968848,25.3603800106813,20.4131396437412,-0.336874384668391,-0.355532406457467,0.177368755167043,1.67658147732735,0.862531800585907,0.0638926341343523
"Matata",16,"Event_18.csv","2022-07-12 00:15:00","2022-07-13 13:15:00",79,"2022-07-12 19:45:00",7.172848981,19.5,17.5,0.527027027027027,0.00780013361770608,1.27114411676518,0.796335068475887,0.0437181034215893,2,742865.1470496,7.44625501304724,131683.16105466,13.1995208286667,37,148,906.122448979592,-0.0937406482724587,0.0819688304570426,-0.0793495546454822,3,0.1,0.95,"2022-07-09 22:15:00",50,2.08333333333333,5.670766158,200931.414657874,718158.7633707,FALSE,4,3,2,0.389221872992597,0.451520113749325,0.974263641249116,0.154610936496299,-0.0966708537468383,54.0875389968848,25.3603800106813,20.4131396437412,-0.336874384668391,-0.355532406457467,0.177368755167043,1.67658147732735,0.862531800585907,0.0638926341343523
"Matata",17,"Event_20.csv","2022-07-19 16:30:00","2022-07-21 11:45:00",96,"2022-07-20 16:30:00",4.655917584,24,19.25,0.554913294797688,0.00129358723635753,1.04840565206452,0.966981421566912,0.00357339317067656,13,692715.2969538,6.94356812005927,37413.715998799,3.75023746125731,43.25,172,910.526315789474,0.557938565165694,0.551275907187742,0.505031232982318,5,0.1,0.999,"2022-07-13 13:15:00",147.25,6.13541666666667,7.172848981,131683.16105466,742865.1470496,FALSE,5,3,1,0.389221872992597,0.451520113749325,0.974263641249116,0.154610936496299,-0.0966708537468383,54.0875389968848,25.3603800106813,20.4131396437412,-0.336874384668391,-0.355532406457467,0.177368755167043,1.67658147732735,0.862531800585907,0.0638926341343523
"Matata",18,"Event_21.csv","2022-07-25 13:45:00","2022-07-27 17:45:00",81,"2022-07-26 10:00:00",6.256354822,20.25,31.75,0.389423076923077,0.00319241580497564,1.17490207332806,0.845401694891052,0.0127486190891243,5,999486.7040367,10.0185516980654,97748.158241338,9.79797903039999,52,207,908.73786407767,-0.118160094283752,0.462245010371521,-0.0737110461633406,3,0.35,0.95,"2022-07-21 11:45:00",98,4.08333333333333,4.655917584,37413.715998799,692715.2969538,FALSE,5,2,1,0.389221872992597,0.451520113749325,0.974263641249116,0.154610936496299,-0.0966708537468383,54.0875389968848,25.3603800106813,20.4131396437412,-0.336874384668391,-0.355532406457467,0.177368755167043,1.67658147732735,0.862531800585907,0.0638926341343523
"Matata",19,"Event_22.csv","2022-08-18 03:00:00","2022-08-19 11:30:00",48,"2022-08-18 14:45:00",4.928759724,11.75,20.75,0.361538461538462,0.00201452184227338,1.06435289657852,0.93942434329702,0.00710938905548997,5,539937.4568094,5.41216936945695,28052.2209551078,2.81186958014782,32.5,130,906.976744186047,0.206076184950224,0.774557618095072,0.185366389564961,2,0.1,0.95,"2022-07-27 17:45:00",513.25,21.3854166666667,6.256354822,97748.158241338,999486.7040367,FALSE,2,0,0,0.389221872992597,0.451520113749325,0.974263641249116,0.154610936496299,-0.0966708537468383,54.0875389968848,25.3603800106813,20.4131396437412,-0.336874384668391,-0.355532406457467,0.177368755167043,1.67658147732735,0.862531800585907,0.0638926341343523
"Matata",20,"Event_23.csv","2022-08-25 16:15:00","2022-08-26 13:30:00",33,"2022-08-26 00:30:00",4.795349929,8.25,13,0.388235294117647,0.00255501803345917,1.04926068539736,0.955614373780415,0.0198834558122613,4,346293.9956835,3.47114602372677,22840.8497690848,2.28949753223448,21.25,85,910.714285714286,0.10403608895229,0.299148776461726,0.0931584147627773,2,0.1,0.95,"2022-08-19 11:30:00",148.75,6.19791666666667,4.928759724,28052.2209551078,539937.4568094,FALSE,2,1,1,0.389221872992597,0.451520113749325,0.974263641249116,0.154610936496299,-0.0966708537468383,54.0875389968848,25.3603800106813,20.4131396437412,-0.336874384668391,-0.355532406457467,0.177368755167043,1.67658147732735,0.862531800585907,0.0638926341343523
"Matata",21,"Event_24.csv","2022-09-05 14:45:00","2022-09-06 21:15:00",74,"2022-09-06 09:15:00",4.96614355,18.5,12,0.60655737704918,0.00257516235246119,1.05688597752276,0.936078221717777,0.0219125435842232,4,509211.8007543,5.10418470852874,34090.9219426279,3.41717065907449,30.5,122,907.438016528926,-0.257240558248371,0.497683705585537,-0.183223700131253,4,0.1,0.95,"2022-08-26 13:30:00",241.25,10.0520833333333,4.795349929,22840.8497690848,346293.9956835,FALSE,2,1,0,0.389221872992597,0.451520113749325,0.974263641249116,0.154610936496299,-0.0966708537468383,54.0875389968848,25.3603800106813,20.4131396437412,-0.336874384668391,-0.355532406457467,0.177368755167043,1.67658147732735,0.862531800585907,0.0638926341343523
"Matata",22,"Event_25.csv","2022-09-10 08:00:00","2022-09-11 15:45:00",40,"2022-09-10 17:45:00",4.618478318,9.75,22,0.307086614173228,0.00145938801061621,1.03998557777169,0.974809225096735,0.00312820749740141,7,509511.3349059,5.10718714805197,19223.1846886479,1.92687375256576,31.75,127,907.142857142857,0.0841867922938569,0.268022187190963,0.0208005936949254,2,0.1,0.95,"2022-09-06 21:15:00",82.75,3.44791666666667,4.96614355,34090.9219426279,509211.8007543,FALSE,3,1,1,0.389221872992597,0.451520113749325,0.974263641249116,0.154610936496299,-0.0966708537468383,54.0875389968848,25.3603800106813,20.4131396437412,-0.336874384668391,-0.355532406457467,0.177368755167043,1.67658147732735,0.862531800585907,0.0638926341343523
"Matata",23,"Event_26.csv","2022-09-21 00:15:00","2022-09-21 19:30:00",18,"2022-09-21 04:30:00",5.047606457,4.25,15,0.220779220779221,0.00344007994722224,1.05741365103816,0.927329605784595,0.00448090367792718,3,328514.6789496,3.29293154309841,21659.3297995357,2.17106555260517,19.25,78,900,-0.142989087648339,0.26840836324357,-0.0891532795913923,7,0.1,0.95,"2022-09-11 15:45:00",224.5,9.35416666666667,4.618478318,19223.1846886479,509511.3349059,FALSE,3,1,0,0.389221872992597,0.451520113749325,0.974263641249116,0.154610936496299,-0.0966708537468383,54.0875389968848,25.3603800106813,20.4131396437412,-0.336874384668391,-0.355532406457467,0.177368755167043,1.67658147732735,0.862531800585907,0.0638926341343523
"Matata",24,"Event_27.csv","2022-09-30 05:00:00","2022-10-03 12:00:00",198,"2022-10-02 06:45:00",6.64610047,49.75,29.25,0.629746835443038,0.00302143836305683,1.24581161850808,0.873234131070358,0.0196216094162395,4,1549372.4495991,15.5304396978719,192812.678699233,19.326958345609,79,314,908.626198083067,-0.0648568850416918,0.352936256606348,-0.0676832785070456,3,0.35,0.95,"2022-09-21 19:30:00",201.5,8.39583333333333,5.047606457,21659.3297995357,328514.6789496,FALSE,3,1,0,0.389221872992597,0.451520113749325,0.974263641249116,0.154610936496299,-0.0966708537468383,54.0875389968848,25.3603800106813,20.4131396437412,-0.336874384668391,-0.355532406457467,0.177368755167043,1.67658147732735,0.862531800585907,0.0638926341343523
"Matata",25,"Event_28.csv","2022-10-03 14:30:00","2022-10-04 19:45:00",11,"2022-10-03 17:00:00",5.574935742,2.5,26.75,0.0854700854700855,0.00189748532154294,1.04036576545991,0.944645099556803,0.00680136076402478,9,549076.5747963,5.50377711737063,57200.4997815486,5.73360467830274,29.25,117,907.758620689655,0.0344123389668941,-0.0133407415330126,0.0218911345997904,1,0.4,0.95,"2022-10-03 12:00:00",2.5,0.104166666666667,6.64610047,192812.678699233,1549372.4495991,FALSE,4,2,1,0.389221872992597,0.451520113749325,0.974263641249116,0.154610936496299,-0.0966708537468383,54.0875389968848,25.3603800106813,20.4131396437412,-0.336874384668391,-0.355532406457467,0.177368755167043,1.67658147732735,0.862531800585907,0.0638926341343523
"Matata",26,"Event_30.csv","2022-11-11 18:45:00","2022-11-12 21:15:00",60,"2022-11-12 09:45:00",5.96437816,15,11.5,0.566037735849057,0.00420477404446903,1.08557016884386,0.895152008819352,0.0196200278136627,4,521526.3269022,5.22762178513179,37969.2433973413,3.80592184344579,26.5,106,908.571428571429,-0.255335256824779,0.423202076712814,-0.238121965025711,3,0.1,0.95,"2022-10-04 19:45:00",911,37.9583333333333,5.574935742,57200.4997815486,549076.5747963,FALSE,0,0,0,0.389221872992597,0.451520113749325,0.974263641249116,0.154610936496299,-0.0966708537468383,54.0875389968848,25.3603800106813,20.4131396437412,-0.336874384668391,-0.355532406457467,0.177368755167043,1.67658147732735,0.862531800585907,0.0638926341343523
"Matata",27,"Event_31.csv","2022-11-18 17:45:00","2022-11-19 06:30:00",16,"2022-11-18 21:30:00",5.457927689,3.75,9,0.294117647058824,0.00323072407718951,1.05257621833758,0.948167374278898,0.0111199048595524,2,240204.4182135,2.4077362632803,10601.1488843371,1.06262702372796,12.75,51,918,0.00799478869906901,-0.192882111881252,-0.0321141448699035,3,0.1,0.95,"2022-11-12 21:15:00",140.5,5.85416666666667,5.96437816,37969.2433973413,521526.3269022,FALSE,1,1,1,0.389221872992597,0.451520113749325,0.974263641249116,0.154610936496299,-0.0966708537468383,54.0875389968848,25.3603800106813,20.4131396437412,-0.336874384668391,-0.355532406457467,0.177368755167043,1.67658147732735,0.862531800585907,0.0638926341343523
"Matata",28,"Event_32.csv","2022-11-22 19:45:00","2022-11-23 19:00:00",45,"2022-11-23 07:00:00",5.467514481,11.25,12,0.483870967741935,0.00205934663932436,1.04326337834654,0.969329842205565,NA,6,439575.1241175,4.40616777428684,262903.898971254,26.3526897639425,23.25,75,1131.08108108108,-0.0854593706632251,0.999822510935516,-0.00286074269008115,4,0.15,0.2,"2022-11-19 06:30:00",85.25,3.55208333333333,5.457927689,10601.1488843371,240204.4182135,FALSE,2,2,1,0.389221872992597,0.451520113749325,0.974263641249116,0.154610936496299,-0.0966708537468383,54.0875389968848,25.3603800106813,20.4131396437412,-0.336874384668391,-0.355532406457467,0.177368755167043,1.67658147732735,0.862531800585907,0.0638926341343523
"Matata",29,"Event_33.csv","2022-12-15 02:30:00","2022-12-16 10:45:00",52,"2022-12-15 15:15:00",6.547101963,12.75,19.5,0.395348837209302,0.00366436214486301,1.07557278168526,0.874013136549661,0.00712772703436593,3,704210.7173562,7.05879472900495,58481.3659259076,5.86199481729844,32.25,129,907.03125,-0.0733927072528358,0.442267388244053,-0.0553425544082198,4,0.1,0.95,"2022-11-23 19:00:00",511.5,21.3125,5.467514481,262903.898971254,439575.1241175,FALSE,2,0,0,0.389221872992597,0.451520113749325,0.974263641249116,0.154610936496299,-0.0966708537468383,54.0875389968848,25.3603800106813,20.4131396437412,-0.336874384668391,-0.355532406457467,0.177368755167043,1.67658147732735,0.862531800585907,0.0638926341343523
"Matata",30,"Event_34.csv","2022-12-20 19:00:00","2022-12-21 11:45:00",18,"2022-12-20 23:15:00",8.37539968,4.25,12.5,0.253731343283582,0.0127141265885396,1.23235854594572,0.778657702073693,0.0358860776377071,2,421850.4544251,4.22850105903464,25247.2257290033,2.5307053628345,16.75,67,913.636363636364,0.5686810877155,0.714763466521724,0.469959591272668,1,0.1,0.95,"2022-12-16 10:45:00",104.25,4.34375,6.547101963,58481.3659259076,704210.7173562,FALSE,2,1,1,0.389221872992597,0.451520113749325,0.974263641249116,0.154610936496299,-0.0966708537468383,54.0875389968848,25.3603800106813,20.4131396437412,-0.336874384668391,-0.355532406457467,0.177368755167043,1.67658147732735,0.862531800585907,0.0638926341343523
"Matata",31,"Event_36.csv","2023-01-05 00:45:00","2023-01-08 19:45:00",206,"2023-01-07 04:30:00",6.143700489,51.75,39.25,0.568681318681319,0.00151187302311896,1.09493925879107,0.938973998104689,0.00594548064939717,24,1843213.9782555,18.4758180945961,28068.7975068435,2.81353116343721,91,362,907.479224376731,0.0439407225620662,0.394694652518099,0.0221081626873561,2,0.2,0.95,"2022-12-21 11:45:00",349,14.5416666666667,8.37539968,25247.2257290033,421850.4544251,FALSE,2,0,0,0.389221872992597,0.451520113749325,0.974263641249116,0.154610936496299,-0.0966708537468383,54.0875389968848,25.3603800106813,20.4131396437412,-0.336874384668391,-0.355532406457467,0.177368755167043,1.67658147732735,0.862531800585907,0.0638926341343523
"Matata",32,"Event_38.csv","2023-01-09 22:45:00","2023-01-13 21:45:00",131,"2023-01-11 07:45:00",5.493147535,33,62,0.347368421052632,0.000659841527219461,1.02493267220366,0.979521068289243,-1.98976857736709e-05,44,1837236.0923235,18.4158975783821,23272.415870025,2.33275640977573,95,377,909.574468085106,-0.109465475026249,0.0621038899214548,-0.0918658069897261,3,0.15,0.999,"2023-01-08 19:45:00",27,1.125,6.143700489,28068.7975068435,1843213.9782555,FALSE,3,1,1,0.389221872992597,0.451520113749325,0.974263641249116,0.154610936496299,-0.0966708537468383,54.0875389968848,25.3603800106813,20.4131396437412,-0.336874384668391,-0.355532406457467,0.177368755167043,1.67658147732735,0.862531800585907,0.0638926341343523
"Matata",33,"Event_39.csv","2023-01-22 23:00:00","2023-01-23 13:00:00",35,"2023-01-23 07:45:00",5.505443906,8.75,5.25,0.625,0.00222513748972166,1.03571232884229,0.97084660694077,0.0121598701584298,2,268351.5043161,2.68987412077244,6749.31508324521,0.676530881450741,14,56,916.363636363636,0.192205175962216,0.0252969311814484,0.161170464906525,1,0.1,0.95,"2023-01-13 21:45:00",217.25,9.05208333333333,5.493147535,23272.415870025,1837236.0923235,FALSE,2,1,0,0.389221872992597,0.451520113749325,0.974263641249116,0.154610936496299,-0.0966708537468383,54.0875389968848,25.3603800106813,20.4131396437412,-0.336874384668391,-0.355532406457467,0.177368755167043,1.67658147732735,0.862531800585907,0.0638926341343523
"Matata",34,"Event_40.csv","2023-01-27 13:00:00","2023-01-30 21:00:00",112,"2023-01-28 23:15:00",7.50045487,34.25,45.75,0.428125,0.00387360715501117,1.17709945938139,0.835112290041003,0.00203256832028933,5,1876841.3657988,18.8128888322185,1381416.65049152,138.469016882584,80,204,1418.71921182266,-0.121135464318846,0.255749263165876,-0.00825214522938976,3,0.35,0.95,"2023-01-23 13:00:00",96,4,5.505443906,6749.31508324521,268351.5043161,FALSE,3,2,1,0.389221872992597,0.451520113749325,0.974263641249116,0.154610936496299,-0.0966708537468383,54.0875389968848,25.3603800106813,20.4131396437412,-0.336874384668391,-0.355532406457467,0.177368755167043,1.67658147732735,0.862531800585907,0.0638926341343523
"Matata",35,"Event_41.csv","2023-02-01 06:15:00","2023-02-04 13:30:00",152,"2023-02-02 20:15:00",7.440378064,38,41.25,0.479495268138801,0.00198629588794334,1.16316630775871,0.910164547268607,0.00688620404891326,19,1871200.6065801,18.7563475719689,653043.640784179,65.4591146622085,79.25,298,960.606060606061,-0.169554117330816,0.0102694876526074,-0.0902406194364548,8,0.4,0.999,"2023-01-30 21:00:00",33.25,1.38541666666667,7.50045487,1381416.65049152,1876841.3657988,FALSE,4,2,1,0.389221872992597,0.451520113749325,0.974263641249116,0.154610936496299,-0.0966708537468383,54.0875389968848,25.3603800106813,20.4131396437412,-0.336874384668391,-0.355532406457467,0.177368755167043,1.67658147732735,0.862531800585907,0.0638926341343523
"Matata",36,"Event_42.csv","2023-02-05 07:30:00","2023-02-06 03:00:00",18,"2023-02-05 11:45:00",6.366766467,4.25,15.25,0.217948717948718,0.00122066449583887,1.01202188353255,0.975263019173343,0.00520183894598464,8,435693.2226885,4.36725677127283,68964.4336518355,6.91278574370452,19.5,78,911.688311688312,0.492761478510806,-0.683107305720993,0.288945208137089,5,0.4,0.95,"2023-02-04 13:30:00",18,0.75,7.440378064,653043.640784179,1871200.6065801,FALSE,5,3,2,0.389221872992597,0.451520113749325,0.974263641249116,0.154610936496299,-0.0966708537468383,54.0875389968848,25.3603800106813,20.4131396437412,-0.336874384668391,-0.355532406457467,0.177368755167043,1.67658147732735,0.862531800585907,0.0638926341343523
"Matata",37,"Event_44.csv","2023-02-13 12:45:00","2023-02-15 08:30:00",56,"2023-02-14 07:30:00",7.667982719,18.75,25,0.428571428571429,0.00325542403395735,1.1208796485565,0.870091377080692,0.0100333557943087,2,1056092.08599303,10.5859468852427,681439.339886707,68.3054134505008,43.75,156,1016.12903225806,0.252942077506608,0.557996139031229,0.212693844763878,1,0.15,0.95,"2023-02-06 03:00:00",177.75,7.40625,6.366766467,68964.4336518355,435693.2226885,FALSE,4,3,0,0.389221872992597,0.451520113749325,0.974263641249116,0.154610936496299,-0.0966708537468383,54.0875389968848,25.3603800106813,20.4131396437412,-0.336874384668391,-0.355532406457467,0.177368755167043,1.67658147732735,0.862531800585907,0.0638926341343523
"Matata",38,"Event_45.csv","2023-02-16 15:30:00","2023-02-17 11:30:00",20,"2023-02-16 20:15:00",6.551509043,4.75,15.25,0.2375,0.00240872586736634,1.06027119996679,0.968388411671795,0.0153470061667757,7,446603.786544922,4.47662095551774,65505.4630522945,6.56606901767275,20,81,900,0.131783320469095,0.233462977422333,0.0922271692752487,2,0.1,0.9,"2023-02-15 08:30:00",31,1.29166666666667,7.667982719,681439.339886707,1056092.08599303,FALSE,5,3,1,0.389221872992597,0.451520113749325,0.974263641249116,0.154610936496299,-0.0966708537468383,54.0875389968848,25.3603800106813,20.4131396437412,-0.336874384668391,-0.355532406457467,0.177368755167043,1.67658147732735,0.862531800585907,0.0638926341343523
"Matata",39,"Event_46.csv","2023-05-01 13:45:00","2023-05-02 15:15:00",50,"2023-05-02 02:00:00",7.226617707,12.25,13.25,0.480392156862745,0.00251034909361985,1.07694647100275,0.920489279954813,0.0103941362086086,3,618134.294179438,6.1959907596294,136639.236029932,13.6963027584183,25.5,103,900,0.0497014046012196,0.840097483562784,0.0253712873263437,2,0.25,0.95,"2023-02-17 11:30:00",1754.25,73.09375,6.551509043,65505.4630522945,446603.786544922,FALSE,0,0,0,0.389221872992597,0.451520113749325,0.974263641249116,0.154610936496299,-0.0966708537468383,54.0875389968848,25.3603800106813,20.4131396437412,-0.336874384668391,-0.355532406457467,0.177368755167043,1.67658147732735,0.862531800585907,0.0638926341343523
"Matata",40,"Event_47.csv","2023-05-08 19:00:00","2023-05-11 21:00:00",114,"2023-05-09 23:15:00",7.11925311,28.25,45.75,0.381756756756757,0.000494290407358205,1.05421659583787,0.978396868968008,NA,22,1833471.15934299,18.3781590316334,1154593.52291407,115.732954253899,74,246,1087.34693877551,-0.418893579336796,0.817562910177121,-0.0411815833510843,4,0.5,0.6,"2023-05-02 15:15:00",147.75,6.15625,7.226617707,136639.236029932,618134.294179438,FALSE,1,1,1,0.389221872992597,0.451520113749325,0.974263641249116,0.154610936496299,-0.0966708537468383,54.0875389968848,25.3603800106813,20.4131396437412,-0.336874384668391,-0.355532406457467,0.177368755167043,1.67658147732735,0.862531800585907,0.0638926341343523
"Matata",41,"Event_49.csv","2023-05-19 05:15:00","2023-05-20 18:00:00",50,"2023-05-19 17:30:00",7.561359445,12.25,24.5,0.333333333333333,0.00171005133365931,1.07947169533275,0.977001111996266,NA,11,943721.054118387,9.45957373024808,752651.613408002,75.4435158477455,36.75,117,1140.51724137931,0.481323707171159,0.555910431121039,0.0209960072886037,1,0.25,0.3,"2023-05-11 21:00:00",176.25,7.34375,7.11925311,1154593.52291407,1833471.15934299,FALSE,2,1,0,0.389221872992597,0.451520113749325,0.974263641249116,0.154610936496299,-0.0966708537468383,54.0875389968848,25.3603800106813,20.4131396437412,-0.336874384668391,-0.355532406457467,0.177368755167043,1.67658147732735,0.862531800585907,0.0638926341343523
"Matata",42,"Event_50.csv","2023-06-21 12:30:00","2023-06-24 10:15:00",141,"2023-06-23 04:30:00",7.505589642,40,29.75,0.573476702508961,0.000416544836092906,1.0222757168919,0.979755315151071,0.000983344382232187,25,1854923.5372905,18.5931911642726,633960.872563975,63.5463158307266,69.75,260,969.49806949807,0.175551691010954,0.0995383701362568,0.0523008277151485,1,0.7,0.95,"2023-05-20 18:00:00",762.5,31.7708333333333,7.561359445,752651.613408002,943721.054118387,FALSE,0,0,0,0.389221872992597,0.451520113749325,0.974263641249116,0.154610936496299,-0.0966708537468383,54.0875389968848,25.3603800106813,20.4131396437412,-0.336874384668391,-0.355532406457467,0.177368755167043,1.67658147732735,0.862531800585907,0.0638926341343523
"Matata",43,"Event_51.csv","2023-09-23 12:30:00","2023-09-28 14:30:00",271,"2023-09-26 08:00:00",7.365833428,67.5,54.5,0.55327868852459,0.000287723384826122,1.02742881607651,0.984832826391719,0.00038373155216094,49,3172867.61318707,31.8038630083314,192434.429638529,19.2890438065351,122,489,900,-0.0207676539647848,0.889565850027345,-0.0041921184240981,4,0.75,0.95,"2023-06-24 10:15:00",2186.25,91.09375,7.505589642,633960.872563975,1854923.5372905,FALSE,0,0,0,0.389221872992597,0.451520113749325,0.974263641249116,0.154610936496299,-0.0966708537468383,54.0875389968848,25.3603800106813,20.4131396437412,-0.336874384668391,-0.355532406457467,0.177368755167043,1.67658147732735,0.862531800585907,0.0638926341343523
"Matata",44,"Event_52.csv","2024-01-19 00:15:00","2024-01-21 21:45:00",125,"2024-01-20 07:15:00",7.68955145,31,38.5,0.446043165467626,0.00137927919463326,1.02870015341771,0.936325695203402,0.0022401598364536,34,1865177.44193992,18.6959731957118,19279.3875114146,1.93250735312483,69.5,279,900,-0.199104662310436,-0.247711885907375,-0.147902153568659,8,0.2,0.999,"2023-09-28 14:30:00",2697.75,112.40625,7.365833428,192434.429638529,3172867.61318707,FALSE,0,0,0,0.389221872992597,0.451520113749325,0.974263641249116,0.154610936496299,-0.0966708537468383,54.0875389968848,25.3603800106813,20.4131396437412,-0.336874384668391,-0.355532406457467,0.177368755167043,1.67658147732735,0.862531800585907,0.0638926341343523
"Matata",45,"Event_53_1.csv","2024-01-21 20:00:00","2024-01-22 19:15:00",37,"2024-01-22 05:00:00",7.487526111,9,14.25,0.387096774193548,0.00154634822956728,1.01208970037163,0.979870944000077,0.000139752901182505,11,619273.677189426,6.20741158948473,6296.08785705132,0.631100758386017,23.25,94,900,0.0297334271952603,-0.338998586016554,0.0455098394222269,6,0.1,0.95,"2024-01-21 21:45:00",-1.75,-0.0729166666666667,7.68955145,19279.3875114146,1865177.44193992,TRUE,0,0,0,0.389221872992597,0.451520113749325,0.974263641249116,0.154610936496299,-0.0966708537468383,54.0875389968848,25.3603800106813,20.4131396437412,-0.336874384668391,-0.355532406457467,0.177368755167043,1.67658147732735,0.862531800585907,0.0638926341343523
"Matata",46,"Event_54.csv","2024-01-23 23:30:00","2024-01-24 18:00:00",25,"2024-01-24 05:30:00",7.66446973,6,12.5,0.324324324324324,0.00154900383991381,1.02596915428466,0.964125315812833,0.000767525996849396,7,498722.347964769,4.99904161394639,5885.47928253101,0.589942599754328,18.5,75,900,0.236239780603382,-0.83324233114515,0.20741915810863,5,0.1,0.95,"2024-01-22 19:15:00",28.25,1.17708333333333,7.487526111,6296.08785705132,619273.677189426,FALSE,2,2,2,0.389221872992597,0.451520113749325,0.974263641249116,0.154610936496299,-0.0966708537468383,54.0875389968848,25.3603800106813,20.4131396437412,-0.336874384668391,-0.355532406457467,0.177368755167043,1.67658147732735,0.862531800585907,0.0638926341343523
"Matata",47,"Event_55.csv","2024-01-27 18:00:00","2024-01-30 22:45:00",138,"2024-01-29 04:15:00",7.708412418,34.25,42.5,0.446254071661238,0.00113917244716875,1.03948617244851,0.966419419290886,0.00182586153295109,34,2060455.32287529,20.6533794700905,31696.0413930641,3.17711509355678,76.75,308,900,0.00815709271255438,0.385857439107836,0.012162045431569,2,0.1,0.95,"2024-01-24 18:00:00",72,3,7.66446973,5885.47928253101,498722.347964769,FALSE,3,3,3,0.389221872992597,0.451520113749325,0.974263641249116,0.154610936496299,-0.0966708537468383,54.0875389968848,25.3603800106813,20.4131396437412,-0.336874384668391,-0.355532406457467,0.177368755167043,1.67658147732735,0.862531800585907,0.0638926341343523
"Matata",48,"Event_56.csv","2024-01-31 22:30:00","2024-02-01 18:45:00",39,"2024-02-01 08:00:00",7.266927957,9.5,10.75,0.469135802469136,0.00145274529579367,1.01419584877175,0.978844745884499,0.000139699193502822,10,524381.475510765,5.25624092916347,7415.88594355311,0.743345923586343,20.25,82,900,-0.35214433982055,-0.0564955905625018,-0.231795885005183,4,0.3,0.999,"2024-01-30 22:45:00",23.75,0.989583333333333,7.708412418,31696.0413930641,2060455.32287529,FALSE,4,4,1,0.389221872992597,0.451520113749325,0.974263641249116,0.154610936496299,-0.0966708537468383,54.0875389968848,25.3603800106813,20.4131396437412,-0.336874384668391,-0.355532406457467,0.177368755167043,1.67658147732735,0.862531800585907,0.0638926341343523
"Matata",49,"Event_57_1.csv","2024-02-04 21:30:00","2024-02-05 17:15:00",44,"2024-02-05 08:15:00",7.216310938,10.75,9,0.544303797468354,0.00168682945264265,1.01226931784302,0.966908156309048,0.00115873041832756,9,504611.063155651,5.05806830968607,7137.91743591493,0.715483203122331,19.75,80,900,0.459445802906879,-0.928433760499056,0.23603532690251,5,0.45,0.999,"2024-02-01 18:45:00",74.75,3.11458333333333,7.266927957,7415.88594355311,524381.475510765,FALSE,5,5,2,0.389221872992597,0.451520113749325,0.974263641249116,0.154610936496299,-0.0966708537468383,54.0875389968848,25.3603800106813,20.4131396437412,-0.336874384668391,-0.355532406457467,0.177368755167043,1.67658147732735,0.862531800585907,0.0638926341343523
"Matata",50,"Event_58_2.csv","2024-02-06 20:00:00","2024-02-07 18:45:00",57,"2024-02-07 10:00:00",7.239239018,14,8.75,0.615384615384615,0.00161285534251461,1.01763984523021,0.968210782711005,0.00811055112816369,11,580732.426324187,5.82108577570249,12490.4800355609,1.25200785027477,22.75,92,900,0.137338051586854,-0.126236380727837,0.0509270906845392,2,0.2,0.9,"2024-02-05 17:15:00",26.75,1.11458333333333,7.216310938,7137.91743591493,504611.063155651,FALSE,6,4,3,0.389221872992597,0.451520113749325,0.974263641249116,0.154610936496299,-0.0966708537468383,54.0875389968848,25.3603800106813,20.4131396437412,-0.336874384668391,-0.355532406457467,0.177368755167043,1.67658147732735,0.862531800585907,0.0638926341343523
"Matata",51,"Event_58_3.csv","2024-02-07 19:00:00","2024-02-08 16:45:00",55,"2024-02-08 08:30:00",7.186090947,13.5,8.25,0.620689655172414,0.00165296478052134,1.01937397944278,0.978688210508558,0.00589890605935123,10,551461.011935007,5.5276779923382,7204.23157325583,0.722130331198964,21.75,88,900,0.00219700375118123,-0.0226476866094859,0.0221218339063999,2,0.1,0.999,"2024-02-07 18:45:00",0.25,0.0104166666666667,7.239239018,12490.4800355609,580732.426324187,FALSE,7,4,3,0.389221872992597,0.451520113749325,0.974263641249116,0.154610936496299,-0.0966708537468383,54.0875389968848,25.3603800106813,20.4131396437412,-0.336874384668391,-0.355532406457467,0.177368755167043,1.67658147732735,0.862531800585907,0.0638926341343523
"Matata",52,"Event_58_4.csv","2024-02-08 22:00:00","2024-02-09 17:45:00",47,"2024-02-09 09:30:00",7.185557528,11.5,8.25,0.582278481012658,0.0017406057327923,1.012554722037,0.973927550747914,0.00842542147284331,9,502487.897201249,5.03678633785809,6650.22429214721,0.666598320973367,19.75,80,900,-0.0486537660070265,-0.104425633739054,-0.0215438221799039,7,0.1,0.95,"2024-02-08 16:45:00",5.25,0.21875,7.186090947,7204.23157325583,551461.011935007,FALSE,8,5,3,0.389221872992597,0.451520113749325,0.974263641249116,0.154610936496299,-0.0966708537468383,54.0875389968848,25.3603800106813,20.4131396437412,-0.336874384668391,-0.355532406457467,0.177368755167043,1.67658147732735,0.862531800585907,0.0638926341343523
"Matata",53,"Event_59_1.csv","2024-02-10","2024-02-10 19:30:00",39,"2024-02-10 09:30:00",7.142486284,9.5,10,0.487179487179487,0.00172763540392501,1.01291413307146,0.980264551527905,0.00105436809346037,10,494329.431865129,4.95500835480271,6400.7008605972,0.641586848696987,19.5,79,900,-0.043133964933097,-0.0863540429970574,-0.0167712510570654,3,0.2,0.95,"2024-02-09 17:45:00",6.25,0.260416666666667,7.185557528,6650.22429214721,502487.897201249,FALSE,9,6,4,0.389221872992597,0.451520113749325,0.974263641249116,0.154610936496299,-0.0966708537468383,54.0875389968848,25.3603800106813,20.4131396437412,-0.336874384668391,-0.355532406457467,0.177368755167043,1.67658147732735,0.862531800585907,0.0638926341343523
"Matata",55,"Event_59_2.csv","2024-02-24 05:00:00","2024-02-24 21:30:00",21,"2024-02-24 10:00:00",7.188031763,5,11.5,0.303030303030303,0.00150498699943773,1.01320884552546,0.978214701251136,0.00236517881239554,7,421170.5260737,4.22168566338008,4536.08257384835,0.454683164760983,16.5,67,900,0.0955095538635674,-0.136646848720133,0.0659629922043555,6,0.2,0.95,"2024-02-10 19:30:00",321.5,13.3958333333333,7.142486284,6400.7008605972,494329.431865129,FALSE,7,1,0,0.389221872992597,0.451520113749325,0.974263641249116,0.154610936496299,-0.0966708537468383,54.0875389968848,25.3603800106813,20.4131396437412,-0.336874384668391,-0.355532406457467,0.177368755167043,1.67658147732735,0.862531800585907,0.0638926341343523
"Matata",54,"Event_60.csv","2024-02-24 21:15:00","2024-03-01 04:15:00",177,"2024-02-26 17:15:00",7.259471479,44,83,0.346456692913386,0.000600105191374198,1.01525498024469,0.976985469409533,0.00050745362538727,48,3275063.36483053,32.8282422392182,37767.002425069,3.78564982153699,127,509,900,0.0363964304917271,0.117996982235912,0.0222246754181396,2,0.1,0.999,"2024-02-24 21:30:00",-0.25,-0.0104166666666667,7.188031763,4536.08257384835,421170.5260737,TRUE,7,0,0,0.389221872992597,0.451520113749325,0.974263641249116,0.154610936496299,-0.0966708537468383,54.0875389968848,25.3603800106813,20.4131396437412,-0.336874384668391,-0.355532406457467,0.177368755167043,1.67658147732735,0.862531800585907,0.0638926341343523
"Matata",56,"Event_61.csv","2024-03-01 02:30:00","2024-03-01 23:15:00",33,"2024-03-01 10:30:00",7.072619092,8,12.75,0.385542168674699,0.00151630194525895,1.01644070900757,0.982256104169534,0.00171725553899475,10,520153.6592295,5.21386258054441,5496.33646248594,0.550936103271616,20.75,84,900,-0.0512693299477141,-0.503582789207801,-0.0519817975129555,7,0.25,0.95,"2024-03-01 04:15:00",-1.75,-0.0729166666666667,7.259471479,37767.002425069,3275063.36483053,TRUE,7,1,1,0.389221872992597,0.451520113749325,0.974263641249116,0.154610936496299,-0.0966708537468383,54.0875389968848,25.3603800106813,20.4131396437412,-0.336874384668391,-0.355532406457467,0.177368755167043,1.67658147732735,0.862531800585907,0.0638926341343523
"Matata",57,"Event_63.csv","2024-03-04 04:00:00","2024-03-07 01:45:00",80,"2024-03-04 23:45:00",7.213264289,19.75,50,0.283154121863799,0.00101092901935989,1.0213521751965,0.973753987652233,0.000407547989834626,31,1778430.54384695,17.8264485890499,29382.5002127466,2.94521273980859,69.75,280,900,-0.052452947143064,0.0837895567016689,-0.0306934267858987,3,0.1,0.95,"2024-03-01 23:15:00",52.75,2.19791666666667,7.072619092,5496.33646248594,520153.6592295,FALSE,8,3,2,0.389221872992597,0.451520113749325,0.974263641249116,0.154610936496299,-0.0966708537468383,54.0875389968848,25.3603800106813,20.4131396437412,-0.336874384668391,-0.355532406457467,0.177368755167043,1.67658147732735,0.862531800585907,0.0638926341343523
"Matata",58,"Event_64.csv","2024-03-10 21:45:00","2024-03-12 02:15:00",50,"2024-03-11 10:00:00",6.903545249,12.25,16.25,0.429824561403509,0.00188948665364552,1.02728874292519,0.984058896694539,0.00187851999356684,14,692744.514401412,6.94386098689602,7340.8022201984,0.735819758795212,28.5,115,900,-0.0304835334177549,-0.113702472307711,-0.0513993871482929,3,0.1,0.9,"2024-03-07 01:45:00",92,3.83333333333333,7.213264289,29382.5002127466,1778430.54384695,FALSE,5,3,1,0.389221872992597,0.451520113749325,0.974263641249116,0.154610936496299,-0.0966708537468383,54.0875389968848,25.3603800106813,20.4131396437412,-0.336874384668391,-0.355532406457467,0.177368755167043,1.67658147732735,0.862531800585907,0.0638926341343523
"Matata",59,"Event_66.csv","2024-04-12 01:45:00","2024-04-13 19:45:00",66,"2024-04-12 18:00:00",7.684150475,16.25,25.75,0.386904761904762,0.00153305941534686,1.08972898230465,0.949073302822991,0.0092373225802313,9,1073692.14258733,10.7623645165797,15386.4620160482,1.54229230399484,42,169,900,-0.337549176638642,0.973987715386452,-0.239776508725538,4,0.25,0.95,"2024-03-12 02:15:00",743.5,30.9791666666667,6.903545249,7340.8022201984,692744.514401412,FALSE,0,0,0,0.389221872992597,0.451520113749325,0.974263641249116,0.154610936496299,-0.0966708537468383,54.0875389968848,25.3603800106813,20.4131396437412,-0.336874384668391,-0.355532406457467,0.177368755167043,1.67658147732735,0.862531800585907,0.0638926341343523
"Matata",60,"Event_67.csv","2024-04-20 13:30:00","2024-04-21 15:30:00",37,"2024-04-20 22:30:00",6.983560326,9,17,0.346153846153846,0.000894704483293901,1.03320181776187,0.985154946600341,0.00510861338164452,8,634882.281304587,6.36386750493694,7825.80504872199,0.78443497190057,26,105,900,-0.219378369904005,0.143789272135976,-0.160725705645569,3,0.1,0.95,"2024-04-13 19:45:00",161.75,6.73958333333333,7.684150475,15386.4620160482,1073692.14258733,FALSE,1,1,1,0.389221872992597,0.451520113749325,0.974263641249116,0.154610936496299,-0.0966708537468383,54.0875389968848,25.3603800106813,20.4131396437412,-0.336874384668391,-0.355532406457467,0.177368755167043,1.67658147732735,0.862531800585907,0.0638926341343523
"Pipi",1,"Event_1.csv","2022-02-14 15:30:00","2022-02-15 07:15:00",25,"2022-02-14 21:30:00",0.444901716157318,6,9.75,0.380952380952381,0.0671751614649395,2.58430404532694,0.378642264910957,0.311696047158526,1,9881.6453237304,0.749065289100944,1477.55876960834,1.12004423419489,15.75,63,914.516129032258,0.573469489514722,-0.154369998642301,0.470407020442447,1,0.15,0.95,NA,NA,NA,NA,NA,NA,NA,0,0,0,0.407286914038105,0.302360399759474,0.864686045884875,0.163643457019053,1.72889465743604,88.5886433509131,7.55926554338918,3.85209110569772,1.83171967730278,1.77398398949701,-1.28375677225393,1.19656038374718,1.08240873938127,0.041721454313702
"Pipi",2,"Event_2.csv","2022-02-21 08:30:00","2022-02-22 03:15:00",16,"2022-02-21 12:15:00",1.74811513268335,3.75,15,0.2,0.0874447600616901,2.99963226284477,0.112192623315299,-0.00695891611679343,2,43339.5768140147,3.28530032926207,13328.6615599692,10.1036187777056,18.75,75,912.162162162162,0.0332691119993144,-0.0491942061437391,0.0348040606776787,6,0.1,0.95,"2022-02-15 07:15:00",145.25,6.05208333333333,0.444901716157318,1477.55876960834,9881.6453237304,FALSE,1,1,1,0.407286914038105,0.302360399759474,0.864686045884875,0.163643457019053,1.72889465743604,88.5886433509131,7.55926554338918,3.85209110569772,1.83171967730278,1.77398398949701,-1.28375677225393,1.19656038374718,1.08240873938127,0.041721454313702
"Pipi",3,"Event_4.csv","2022-03-21 06:45:00","2022-03-22 08:45:00",44,"2022-03-21 17:30:00",0.945198018500327,10.75,15.25,0.413461538461538,0.0440330564229609,2.5333515453735,0.187161422746337,0.234334726496172,1,36958.5869008988,2.80159767677566,4686.62150591002,3.55263256089616,26,104,908.73786407767,0.45969759164436,-0.177424551836228,0.409878065664315,1,0.1,0.95,"2022-02-22 03:15:00",651.5,27.1458333333333,1.74811513268335,13328.6615599692,43339.5768140147,FALSE,1,0,0,0.407286914038105,0.302360399759474,0.864686045884875,0.163643457019053,1.72889465743604,88.5886433509131,7.55926554338918,3.85209110569772,1.83171967730278,1.77398398949701,-1.28375677225393,1.19656038374718,1.08240873938127,0.041721454313702
"Pipi",4,"Event_5.csv","2022-03-23 07:30:00","2022-03-24 03:45:00",30,"2022-03-23 14:45:00",0.947631932759868,7.25,13,0.358024691358025,0.0438174522773485,2.27366426977377,0.202840853521568,0.0677062734382099,1,33014.9991779559,2.50265913152275,4414.31540168757,3.34621445540769,20.25,81,911.25,0.320500700757895,0.0569905503959486,0.28400516210633,1,0.1,0.95,"2022-03-22 08:45:00",22.75,0.947916666666667,0.945198018500327,4686.62150591002,36958.5869008988,FALSE,2,1,1,0.407286914038105,0.302360399759474,0.864686045884875,0.163643457019053,1.72889465743604,88.5886433509131,7.55926554338918,3.85209110569772,1.83171967730278,1.77398398949701,-1.28375677225393,1.19656038374718,1.08240873938127,0.041721454313702
"Pipi",5,"Event_6.csv","2022-06-02 09:30:00","2022-06-03 03:45:00",10,"2022-06-02 11:45:00",1.30605165791745,2.25,16,0.123287671232877,0.0952150526456111,2.34837914384894,0.371215068822975,0.474635765697481,1,21898.3991217624,1.65997970293457,7981.74471129907,6.05045790840235,18.25,73,912.5,0.178954266736024,0.615942957766328,0.168881406730773,1,0.1,0.95,"2022-03-24 03:45:00",1685.75,70.2395833333333,0.947631932759868,4414.31540168757,33014.9991779559,FALSE,0,0,0,0.407286914038105,0.302360399759474,0.864686045884875,0.163643457019053,1.72889465743604,88.5886433509131,7.55926554338918,3.85209110569772,1.83171967730278,1.77398398949701,-1.28375677225393,1.19656038374718,1.08240873938127,0.041721454313702
"Pipi",6,"Event_7.csv","2022-06-06 10:45:00","2022-06-07 17:00:00",31,"2022-06-06 18:15:00",2.3320522052333,7.5,22.75,0.247933884297521,0.0411880849658707,2.19828608946059,0.188407846485623,0.0876324885558376,2,104579.973020121,7.92754902226268,36885.3806708667,27.9604837359117,30.25,121,907.5,0.154673979506989,0.601860888839074,0.130540249572429,2,0.1,0.95,"2022-06-03 03:45:00",79,3.29166666666667,1.30605165791745,7981.74471129907,21898.3991217624,FALSE,1,1,1,0.407286914038105,0.302360399759474,0.864686045884875,0.163643457019053,1.72889465743604,88.5886433509131,7.55926554338918,3.85209110569772,1.83171967730278,1.77398398949701,-1.28375677225393,1.19656038374718,1.08240873938127,0.041721454313702
"Pipi",7,"Event_8_1.csv","2022-06-07 18:00:00","2022-06-08 16:15:00",51,"2022-06-08 06:45:00",1.93323214719376,12.75,9.5,0.573033707865168,0.0626988328029557,2.38698034233244,0.315654123832224,0.420503466532608,1,58292.4012146446,4.41877976164319,22105.2597472402,16.7566050397031,22.25,89,910.227272727273,-0.00300736683635029,0.715055529524664,-0.0044845749332745,3,0.1,0.95,"2022-06-07 17:00:00",1,0.0416666666666667,2.3320522052333,36885.3806708667,104579.973020121,FALSE,2,2,2,0.407286914038105,0.302360399759474,0.864686045884875,0.163643457019053,1.72889465743604,88.5886433509131,7.55926554338918,3.85209110569772,1.83171967730278,1.77398398949701,-1.28375677225393,1.19656038374718,1.08240873938127,0.041721454313702
"Pipi",8,"Event_8_2.csv","2022-06-25 01:00:00","2022-06-26 04:15:00",35,"2022-06-25 09:30:00",0.629427039785642,8.5,18.75,0.311926605504587,0.0401044775058323,2.4156934417528,0.524283940404597,0.273513413055624,1,22578.794789239,1.71155621278334,5865.32160051335,4.44613085819595,27.25,109,908.333333333333,0.139066081279585,0.799845261040601,0.116154619127637,2,0.1,0.95,"2022-06-08 16:15:00",392.75,16.3645833333333,1.93323214719376,22105.2597472402,58292.4012146446,FALSE,3,0,0,0.407286914038105,0.302360399759474,0.864686045884875,0.163643457019053,1.72889465743604,88.5886433509131,7.55926554338918,3.85209110569772,1.83171967730278,1.77398398949701,-1.28375677225393,1.19656038374718,1.08240873938127,0.041721454313702
"Pipi",9,"Event_9.csv","2022-06-29 14:45:00","2022-06-30 20:00:00",44,"2022-06-30 01:45:00",0.28467465413247,11,18.25,0.376068376068376,0.0151184986417875,1.566090023399,0.638270179862069,0.0583901678334364,1,19381.7827649639,1.46921086868646,1364.80186194279,1.03457032486949,29.25,117,907.758620689655,0.348453533340713,0.618836167300147,0.277461802659926,1,0.15,0.95,"2022-06-26 04:15:00",82.5,3.4375,0.629427039785642,5865.32160051335,22578.794789239,FALSE,4,1,1,0.407286914038105,0.302360399759474,0.864686045884875,0.163643457019053,1.72889465743604,88.5886433509131,7.55926554338918,3.85209110569772,1.83171967730278,1.77398398949701,-1.28375677225393,1.19656038374718,1.08240873938127,0.041721454313702
"Pipi",10,"Event_10_1.csv","2022-07-05 17:00:00","2022-07-07 02:00:00",28,"2022-07-05 23:45:00",0.575801307795209,6.75,26.25,0.204545454545455,0.0309015021465933,2.06678463038687,0.516688811987545,0.141723347112649,1,27112.7081837004,2.05524362882781,4400.61146425733,3.33582636363076,33,131,913.846153846154,0.186000872453785,0.965502831687304,0.165729299361533,1,0.1,0.95,"2022-06-30 20:00:00",117,4.875,0.28467465413247,1364.80186194279,19381.7827649639,FALSE,4,2,1,0.407286914038105,0.302360399759474,0.864686045884875,0.163643457019053,1.72889465743604,88.5886433509131,7.55926554338918,3.85209110569772,1.83171967730278,1.77398398949701,-1.28375677225393,1.19656038374718,1.08240873938127,0.041721454313702
"Pipi",11,"Event_10_2.csv","2022-07-08 03:00:00","2022-07-09 19:00:00",63,"2022-07-08 18:30:00",1.49194483364883,15.5,24.5,0.3875,0.0456551751321986,1.99667470615713,0.267978673524792,0.189516475877105,4,88439.4034703504,6.70403411154048,37858.6529256725,28.6982601274294,40,160,905.660377358491,-0.141066724212245,0.729606502311236,-0.147059583199507,3,0.1,0.95,"2022-07-07 02:00:00",25,1.04166666666667,0.575801307795209,4400.61146425733,27112.7081837004,FALSE,4,3,1,0.407286914038105,0.302360399759474,0.864686045884875,0.163643457019053,1.72889465743604,88.5886433509131,7.55926554338918,3.85209110569772,1.83171967730278,1.77398398949701,-1.28375677225393,1.19656038374718,1.08240873938127,0.041721454313702
"Pipi",12,"Event_12_1.csv","2022-07-11 19:30:00","2022-07-13 12:30:00",84,"2022-07-12 16:30:00",2.33231784772186,21,20,0.51219512195122,0.0410652935954964,2.88010540967606,0.281773480110288,0.285305736535231,1,101305.64889278,7.67934313460884,42537.1258675237,32.2447157751775,41,163,911.111111111111,-0.237760804446871,0.954380155593178,-0.2258209194442,4,0.1,0.95,"2022-07-09 19:00:00",48.5,2.02083333333333,1.49194483364883,37858.6529256725,88439.4034703504,FALSE,4,3,2,0.407286914038105,0.302360399759474,0.864686045884875,0.163643457019053,1.72889465743604,88.5886433509131,7.55926554338918,3.85209110569772,1.83171967730278,1.77398398949701,-1.28375677225393,1.19656038374718,1.08240873938127,0.041721454313702
"Pipi",13,"Event_11.csv","2022-07-11 21:00:00","2022-07-13 06:45:00",78,"2022-07-12 16:30:00",2.33231784772186,19.5,14.25,0.577777777777778,0.0430139193638396,2.72146059940643,0.24752955063214,0.285305736535231,1,95438.4276967419,7.2345860524178,42176.5863561278,31.9714134813909,33.75,134,913.533834586466,-0.247042846824726,0.953231859249557,-0.233755884937607,4,0.1,0.95,"2022-07-13 12:30:00",-39.5,-1.64583333333333,2.33231784772186,42537.1258675237,101305.64889278,TRUE,4,3,2,0.407286914038105,0.302360399759474,0.864686045884875,0.163643457019053,1.72889465743604,88.5886433509131,7.55926554338918,3.85209110569772,1.83171967730278,1.77398398949701,-1.28375677225393,1.19656038374718,1.08240873938127,0.041721454313702
"Pipi",14,"Event_12_2.csv","2022-07-13 16:30:00","2022-07-14 12:30:00",17,"2022-07-13 20:30:00",0.306636665017926,4,16,0.2,0.0142728815119311,1.32483223789418,0.865530250986799,0.124203799166186,1,15055.4850296911,1.1412614880275,1397.10976138166,1.05906090841159,20,80,911.392405063291,-0.181544716167659,0.952225117520758,-0.135760388715266,4,0.25,0.95,"2022-07-13 06:45:00",9.75,0.40625,2.33231784772186,42176.5863561278,95438.4276967419,FALSE,6,5,4,0.407286914038105,0.302360399759474,0.864686045884875,0.163643457019053,1.72889465743604,88.5886433509131,7.55926554338918,3.85209110569772,1.83171967730278,1.77398398949701,-1.28375677225393,1.19656038374718,1.08240873938127,0.041721454313702
"Pipi",15,"Event_12_3.csv","2022-07-14 13:30:00","2022-07-16 14:30:00",42,"2022-07-14 23:45:00",0.255396538950904,10.25,38.75,0.209183673469388,0.00548491654531231,1.24026846600214,0.839478347679309,0.0292954785287482,3,34553.7055046652,2.61929876608745,1270.96961569281,0.96344200932932,49,195,909.278350515464,0.190554873226168,0.74039491882395,0.152598273400535,1,0.2,0.95,"2022-07-14 12:30:00",1,0.0416666666666667,0.306636665017926,1397.10976138166,15055.4850296911,FALSE,7,6,4,0.407286914038105,0.302360399759474,0.864686045884875,0.163643457019053,1.72889465743604,88.5886433509131,7.55926554338918,3.85209110569772,1.83171967730278,1.77398398949701,-1.28375677225393,1.19656038374718,1.08240873938127,0.041721454313702
"Pipi",16,"Event_13.csv","2022-07-18 23:00:00","2022-07-22 06:45:00",171,"2022-07-20 18:00:00",0.283408322544691,43,36.75,0.539184952978056,0.0087024853961687,1.49831499774781,0.788656470327819,0.0941704724703036,3,52704.3085949411,3.99518165863813,2646.57633714266,2.00620281761043,79.75,316,911.428571428571,0.122266230511855,0.81873788537635,0.109184410737915,2,0.1,0.95,"2022-07-16 14:30:00",56.5,2.35416666666667,0.255396538950904,1270.96961569281,34553.7055046652,FALSE,8,6,4,0.407286914038105,0.302360399759474,0.864686045884875,0.163643457019053,1.72889465743604,88.5886433509131,7.55926554338918,3.85209110569772,1.83171967730278,1.77398398949701,-1.28375677225393,1.19656038374718,1.08240873938127,0.041721454313702
"Pipi",17,"Event_15.csv","2022-07-25 17:00:00","2022-07-26 23:45:00",54,"2022-07-26 06:30:00",2.19606342954735,13.5,17.25,0.439024390243902,0.031453292303422,1.66369807551357,0.183313414258864,0.0913079540114602,1,114547.036336044,8.68308931131759,47330.0268949474,35.8779121469575,30.75,123,907.377049180328,-0.0719921941035971,0.943739957001905,-0.0899225004276675,3,0.1,0.95,"2022-07-22 06:45:00",82.25,3.42708333333333,0.283408322544691,2646.57633714266,52704.3085949411,FALSE,9,5,1,0.407286914038105,0.302360399759474,0.864686045884875,0.163643457019053,1.72889465743604,88.5886433509131,7.55926554338918,3.85209110569772,1.83171967730278,1.77398398949701,-1.28375677225393,1.19656038374718,1.08240873938127,0.041721454313702
"Pipi",18,"Event_16.csv","2022-07-28 07:30:00","2022-07-29 09:00:00",33,"2022-07-28 15:30:00",0.289906175547297,8,17.5,0.313725490196078,0.0111782431735035,1.29182833286898,0.824215581779347,0.0751890366819793,2,19324.792988873,1.46489083273042,1800.20897950471,1.36462503510069,25.5,102,908.910891089109,-0.255310381046571,0.924009167084187,-0.225869635761539,4,0.1,0.95,"2022-07-26 23:45:00",31.75,1.32291666666667,2.19606342954735,47330.0268949474,114547.036336044,FALSE,9,4,2,0.407286914038105,0.302360399759474,0.864686045884875,0.163643457019053,1.72889465743604,88.5886433509131,7.55926554338918,3.85209110569772,1.83171967730278,1.77398398949701,-1.28375677225393,1.19656038374718,1.08240873938127,0.041721454313702
"Pipi",19,"Event_17.csv","2022-08-07 20:45:00","2022-08-09 01:00:00",35,"2022-08-08 05:30:00",0.205608198008736,8.75,19.5,0.309734513274336,0.00999455045680162,1.37991576271095,0.816821867436552,0.0543216494993635,3,15598.4594928044,1.18242096196749,437.942601577297,0.331976700957201,28.25,112,916.216216216216,0.421305310536486,0.492710722677274,0.36590953903003,1,0.15,0.999,"2022-07-29 09:00:00",227.75,9.48958333333333,0.289906175547297,1800.20897950471,19324.792988873,FALSE,8,2,0,0.407286914038105,0.302360399759474,0.864686045884875,0.163643457019053,1.72889465743604,88.5886433509131,7.55926554338918,3.85209110569772,1.83171967730278,1.77398398949701,-1.28375677225393,1.19656038374718,1.08240873938127,0.041721454313702
"Pipi",20,"Event_18.csv","2022-08-09 05:45:00","2022-08-10 17:15:00",43,"2022-08-09 16:15:00",0.18566715471116,10.5,25,0.295774647887324,0.00632615285880827,1.16261003788508,0.842485030228254,0.0150931722658941,6,20068.4659250444,1.52126399374562,599.376618135277,0.454349660441321,35.5,142,906.382978723404,0.0987172314340306,0.421595834742983,0.0905921151037242,1,0.1,0.95,"2022-08-09 01:00:00",4.75,0.197916666666667,0.205608198008736,437.942601577297,15598.4594928044,FALSE,8,3,1,0.407286914038105,0.302360399759474,0.864686045884875,0.163643457019053,1.72889465743604,88.5886433509131,7.55926554338918,3.85209110569772,1.83171967730278,1.77398398949701,-1.28375677225393,1.19656038374718,1.08240873938127,0.041721454313702
"Pipi",21,"Event_19.csv","2022-08-18 01:00:00","2022-08-19 09:45:00",45,"2022-08-18 12:00:00",0.567557293309014,11,21.75,0.33587786259542,0.0222240495558066,2.16761809590385,0.476042729235619,0.104260544518518,1,33531.1043660878,2.54178181497164,9069.35794917136,6.87490899702862,32.75,131,906.923076923077,0.0702705669100851,0.630462803608833,0.0500633327444269,2,0.15,0.95,"2022-08-10 17:15:00",175.75,7.32291666666667,0.18566715471116,599.376618135277,20068.4659250444,FALSE,5,2,0,0.407286914038105,0.302360399759474,0.864686045884875,0.163643457019053,1.72889465743604,88.5886433509131,7.55926554338918,3.85209110569772,1.83171967730278,1.77398398949701,-1.28375677225393,1.19656038374718,1.08240873938127,0.041721454313702
"Pipi",22,"Event_20.csv","2022-08-22 18:15:00","2022-08-23 15:30:00",23,"2022-08-22 23:45:00",0.200328524130308,5.5,15.75,0.258823529411765,0.0119336164054159,1.33244474517802,0.896855855371761,0.0784508548292011,1,11409.1378512893,0.864854876185969,882.313457776149,0.668826256837607,21.25,85,910.714285714286,-0.0721521799288457,0.818433690566262,-0.0590024719294082,3,0.1,0.85,"2022-08-19 09:45:00",80.5,3.35416666666667,0.567557293309014,9069.35794917136,33531.1043660878,FALSE,5,3,1,0.407286914038105,0.302360399759474,0.864686045884875,0.163643457019053,1.72889465743604,88.5886433509131,7.55926554338918,3.85209110569772,1.83171967730278,1.77398398949701,-1.28375677225393,1.19656038374718,1.08240873938127,0.041721454313702
"Pipi",23,"Event_21.csv","2022-08-25 15:00:00","2022-08-26 15:30:00",28,"2022-08-25 21:45:00",0.482803291464812,6.75,17.75,0.275510204081633,0.0293633180979391,1.92941044038467,0.565848744934523,0.152415519180661,1,20941.4405543041,1.58743870166332,5328.16465605436,4.03894601325167,24.5,98,909.278350515464,0.0827549064169852,0.851194266382259,0.0706339812631619,2,0.1,0.999,"2022-08-23 15:30:00",47.5,1.97916666666667,0.200328524130308,882.313457776149,11409.1378512893,FALSE,6,2,2,0.407286914038105,0.302360399759474,0.864686045884875,0.163643457019053,1.72889465743604,88.5886433509131,7.55926554338918,3.85209110569772,1.83171967730278,1.77398398949701,-1.28375677225393,1.19656038374718,1.08240873938127,0.041721454313702
"Pipi",24,"Event_22.csv","2022-09-05 11:00:00","2022-09-06 19:15:00",69,"2022-09-06 04:15:00",0.528859711381905,17.25,15,0.534883720930233,0.0296042612713665,1.81476719522445,0.451356718065853,0.139935227285203,1,32318.8404932268,2.44988772662478,6945.63165412989,5.26504586285374,32.25,129,907.03125,0.125537506484204,0.214546151242422,0.14551203155843,2,0.15,0.95,"2022-08-26 15:30:00",235.5,9.8125,0.482803291464812,5328.16465605436,20941.4405543041,FALSE,5,2,0,0.407286914038105,0.302360399759474,0.864686045884875,0.163643457019053,1.72889465743604,88.5886433509131,7.55926554338918,3.85209110569772,1.83171967730278,1.77398398949701,-1.28375677225393,1.19656038374718,1.08240873938127,0.041721454313702
"Pipi",25,"Event_23.csv","2022-09-11 03:45:00","2022-09-12 02:15:00",39,"2022-09-11 13:15:00",0.532087146675292,9.5,13,0.422222222222222,0.0175296469732631,1.24514574541198,0.586917565049861,0.124451166635355,2,29832.7160630296,2.26143029326857,3710.21449259423,2.81247990640535,22.5,90,910.112359550562,-0.414711322775647,0.712811454771275,-0.318833333087704,4,0.2,0.95,"2022-09-06 19:15:00",104.5,4.35416666666667,0.528859711381905,6945.63165412989,32318.8404932268,FALSE,4,1,1,0.407286914038105,0.302360399759474,0.864686045884875,0.163643457019053,1.72889465743604,88.5886433509131,7.55926554338918,3.85209110569772,1.83171967730278,1.77398398949701,-1.28375677225393,1.19656038374718,1.08240873938127,0.041721454313702
"Pipi",26,"Event_25.csv","2022-09-22 18:00:00","2022-09-23 21:30:00",34,"2022-09-23 02:30:00",0.386189678843926,8.5,19,0.309090909090909,0.0166784908131448,1.61732589213078,0.660593699398305,0.055498910233758,1,23997.9212031756,1.81913124737535,2513.02156289806,1.90496335565555,27.5,110,908.256880733945,0.160339675032295,0.919964509002817,0.141456211148781,1,0.1,0.95,"2022-09-12 02:15:00",255.75,10.65625,0.532087146675292,3710.21449259423,29832.7160630296,FALSE,3,1,0,0.407286914038105,0.302360399759474,0.864686045884875,0.163643457019053,1.72889465743604,88.5886433509131,7.55926554338918,3.85209110569772,1.83171967730278,1.77398398949701,-1.28375677225393,1.19656038374718,1.08240873938127,0.041721454313702
"Pipi",27,"Event_26_2.csv","2022-09-30 03:30:00","2022-10-01 15:30:00",76,"2022-09-30 22:15:00",1.08725594334398,18.75,17.25,0.520833333333333,0.0255198027527655,2.31187857065058,0.383069503745985,0.218414919373523,1,64542.8674679313,4.89258823762545,20426.0478032023,15.4837002357816,36,144,906.293706293706,-0.200783177638684,0.181105604444528,-0.14729822123977,3,0.25,0.95,"2022-09-23 21:30:00",150,6.25,0.386189678843926,2513.02156289806,23997.9212031756,FALSE,3,1,1,0.407286914038105,0.302360399759474,0.864686045884875,0.163643457019053,1.72889465743604,88.5886433509131,7.55926554338918,3.85209110569772,1.83171967730278,1.77398398949701,-1.28375677225393,1.19656038374718,1.08240873938127,0.041721454313702
"Pipi",28,"Event_26_1.csv","2022-10-01 14:30:00","2022-10-03 00:30:00",45,"2022-10-02 01:45:00",2.78091372502147,11.25,22.75,0.330882352941176,0.0366477350158443,2.04033753610829,0.250543315052864,0.161194926587144,3,164105.236894874,12.4397843365656,73188.4409503357,55.4795470625275,34,135,913.432835820896,-0.265614766280257,0.730486048359219,-0.211874894986142,3,0.1,0.95,"2022-10-01 15:30:00",-1,-0.0416666666666667,1.08725594334398,20426.0478032023,64542.8674679313,TRUE,3,1,0,0.407286914038105,0.302360399759474,0.864686045884875,0.163643457019053,1.72889465743604,88.5886433509131,7.55926554338918,3.85209110569772,1.83171967730278,1.77398398949701,-1.28375677225393,1.19656038374718,1.08240873938127,0.041721454313702
"Pipi",29,"Event_27.csv","2022-10-03 14:30:00","2022-10-04 11:45:00",10,"2022-10-03 16:45:00",0.99589108048171,2.25,19,0.105882352941176,0.0391701992193273,1.69210078462148,0.557381143663327,0.226281791163786,1,33945.2015392121,2.57317191333485,13034.7505207761,9.88082333187593,21.25,85,910.714285714286,0.132430086269945,0.991192805563062,0.120756365461675,2,0.1,0.95,"2022-10-03 00:30:00",14,0.583333333333333,2.78091372502147,73188.4409503357,164105.236894874,FALSE,5,3,2,0.407286914038105,0.302360399759474,0.864686045884875,0.163643457019053,1.72889465743604,88.5886433509131,7.55926554338918,3.85209110569772,1.83171967730278,1.77398398949701,-1.28375677225393,1.19656038374718,1.08240873938127,0.041721454313702
"Pipi",30,"Event_28.csv","2022-10-13 19:30:00","2022-10-14 23:15:00",28,"2022-10-14 02:30:00",0.216700425714574,7,20.75,0.252252252252252,0.00747284952291241,1.15869996717991,0.840948952989913,0.0334052239899812,2,17528.749830697,1.32874411389544,829.315560767488,0.628651889367446,27.75,111,908.181818181818,0.342040599748318,0.310750689171903,0.320629520418321,1,0.1,0.95,"2022-10-04 11:45:00",223.75,9.32291666666667,0.99589108048171,13034.7505207761,33945.2015392121,FALSE,4,3,0,0.407286914038105,0.302360399759474,0.864686045884875,0.163643457019053,1.72889465743604,88.5886433509131,7.55926554338918,3.85209110569772,1.83171967730278,1.77398398949701,-1.28375677225393,1.19656038374718,1.08240873938127,0.041721454313702
"Pipi",31,"Event_29.csv","2022-10-17 23:45:00","2022-10-18 21:30:00",36,"2022-10-18 08:45:00",0.199521879111591,9,12.75,0.413793103448276,0.0105331230266918,1.29900211440797,0.894421387044991,0.0727744036875182,1,12020.4377510744,0.911193671109145,699.548480429984,0.530283639582801,21.75,87,910.46511627907,-0.00995385447922115,-0.539559354964987,-0.0388281977384082,7,0.1,0.95,"2022-10-14 23:15:00",72.5,3.02083333333333,0.216700425714574,829.315560767488,17528.749830697,FALSE,5,2,1,0.407286914038105,0.302360399759474,0.864686045884875,0.163643457019053,1.72889465743604,88.5886433509131,7.55926554338918,3.85209110569772,1.83171967730278,1.77398398949701,-1.28375677225393,1.19656038374718,1.08240873938127,0.041721454313702
"Pipi",32,"Event_30.csv","2022-10-30 07:45:00","2022-10-31 14:00:00",28,"2022-10-30 14:30:00",0.798930005762644,6.75,23.5,0.223140495867769,0.0374543430756432,2.76402022833923,0.440108088564805,0.203935608934396,1,36964.4997024066,2.80204588901418,10531.2080939074,7.98304551216876,30.25,121,907.5,0.270805378548296,0.813443407377114,0.24506285076049,1,0.1,0.9,"2022-10-18 21:30:00",274.25,11.4270833333333,0.199521879111591,699.548480429984,12020.4377510744,FALSE,5,1,0,0.407286914038105,0.302360399759474,0.864686045884875,0.163643457019053,1.72889465743604,88.5886433509131,7.55926554338918,3.85209110569772,1.83171967730278,1.77398398949701,-1.28375677225393,1.19656038374718,1.08240873938127,0.041721454313702
"Pipi",33,"Event_31.csv","2022-11-09 00:15:00","2022-11-10 03:15:00",36,"2022-11-09 09:00:00",0.273168726291932,8.75,18.25,0.324074074074074,0.0145979876630503,1.50958319708484,0.709237908669418,0.0735974660360921,1,17553.8752050042,1.33064871026098,1319.26926964971,1.0000549346767,27,108,908.411214953271,0.088254103571081,0.998179382154921,0.0682271339354972,2,0.2,0.95,"2022-10-31 14:00:00",202.25,8.42708333333333,0.798930005762644,10531.2080939074,36964.4997024066,FALSE,3,1,0,0.407286914038105,0.302360399759474,0.864686045884875,0.163643457019053,1.72889465743604,88.5886433509131,7.55926554338918,3.85209110569772,1.83171967730278,1.77398398949701,-1.28375677225393,1.19656038374718,1.08240873938127,0.041721454313702
"Pipi",34,"Event_32.csv","2022-11-11 12:15:00","2022-11-12 19:45:00",36,"2022-11-11 21:00:00",1.91688916244233,8.75,22.75,0.277777777777778,0.0502670306456343,3.48979969946128,0.280894792055766,0.111508110723908,1,68269.7667215056,5.17510099490126,83869.2935016323,63.5760286119799,31.5,126,907.2,-0.103257128987948,0.99170825352929,-0.0879951986786306,3,0.1,0.9,"2022-11-10 03:15:00",33,1.375,0.273168726291932,1319.26926964971,17553.8752050042,FALSE,4,2,1,0.407286914038105,0.302360399759474,0.864686045884875,0.163643457019053,1.72889465743604,88.5886433509131,7.55926554338918,3.85209110569772,1.83171967730278,1.77398398949701,-1.28375677225393,1.19656038374718,1.08240873938127,0.041721454313702
"Pipi",35,"Event_33.csv","2022-11-18 00:15:00","2022-11-19 12:30:00",30,"2022-11-18 07:30:00",0.463619523901163,7.25,29,0.2,0.0202261583038081,1.77551945181553,0.621794743330677,0.105121931088058,1,33114.7674480741,2.51022193565616,3856.99317539397,2.9237435804832,36.25,145,906.25,0.176548545499053,0.247076448035775,0.152737526604573,1,0.15,0.95,"2022-11-12 19:45:00",124.5,5.1875,1.91688916244233,83869.2935016323,68269.7667215056,FALSE,3,2,1,0.407286914038105,0.302360399759474,0.864686045884875,0.163643457019053,1.72889465743604,88.5886433509131,7.55926554338918,3.85209110569772,1.83171967730278,1.77398398949701,-1.28375677225393,1.19656038374718,1.08240873938127,0.041721454313702
"Pipi",36,"Event_34.csv","2022-11-22 21:30:00","2022-11-23 17:00:00",24,"2022-11-23 03:30:00",2.96452066477539,6,13.5,0.307692307692308,0.0659026556949255,1.54806650640392,0.174556756724491,0.459559922148166,2,78546.7828774248,5.9541368564133,37635.8934524858,28.5294002020667,19.5,78,911.688311688312,-0.0756336842942739,0.148506284555233,-0.0830550592694661,3,0.1,0.95,"2022-11-19 12:30:00",81,3.375,0.463619523901163,3856.99317539397,33114.7674480741,FALSE,4,3,1,0.407286914038105,0.302360399759474,0.864686045884875,0.163643457019053,1.72889465743604,88.5886433509131,7.55926554338918,3.85209110569772,1.83171967730278,1.77398398949701,-1.28375677225393,1.19656038374718,1.08240873938127,0.041721454313702
"Pipi",37,"Event_35.csv","2022-11-24 07:15:00","2022-11-24 23:00:00",24,"2022-11-24 13:00:00",0.272886930463801,5.75,10,0.365079365079365,0.0114573284881945,1.11442929723611,0.80809111218426,0.0504705136274762,2,12944.5322451583,0.981243453983384,1184.91210688244,0.898207232523942,15.75,64,900,0.464007039040382,-0.0749530956722499,0.428938849395752,2,0.1,0.95,"2022-11-23 17:00:00",14.25,0.59375,2.96452066477539,37635.8934524858,78546.7828774248,FALSE,5,3,2,0.407286914038105,0.302360399759474,0.864686045884875,0.163643457019053,1.72889465743604,88.5886433509131,7.55926554338918,3.85209110569772,1.83171967730278,1.77398398949701,-1.28375677225393,1.19656038374718,1.08240873938127,0.041721454313702
"Pipi",38,"Event_36.csv","2022-11-27 14:00:00","2022-11-28 20:45:00",27,"2022-11-27 20:30:00",0.210787700030675,6.5,24.25,0.211382113821138,0.00533718030935457,1.15907677096669,0.89267481805569,0.0380182556722252,7,19335.016954986,1.46566584720233,2265.89029990972,1.71762871158399,30.75,123,907.377049180328,-0.0809011472841432,0.0725912650196778,-0.0200108245862203,3,0.25,0.95,"2022-11-24 23:00:00",63,2.625,0.272886930463801,1184.91210688244,12944.5322451583,FALSE,6,3,2,0.407286914038105,0.302360399759474,0.864686045884875,0.163643457019053,1.72889465743604,88.5886433509131,7.55926554338918,3.85209110569772,1.83171967730278,1.77398398949701,-1.28375677225393,1.19656038374718,1.08240873938127,0.041721454313702
"Pipi",39,"Event_37.csv","2022-11-30 10:15:00","2022-12-01 20:30:00",23,"2022-11-30 15:45:00",0.230052774837528,5.5,28.75,0.160583941605839,0.00753682709378006,1.28493266789362,0.847984547974916,0.0281530160596598,1,21568.874889823,1.63500054653127,1684.69263142397,1.27705936780924,34.25,137,906.617647058824,0.0819916052824938,-0.145177762724672,0.0952287804924088,6,0.15,0.95,"2022-11-28 20:45:00",37.5,1.5625,0.210787700030675,2265.89029990972,19335.016954986,FALSE,7,4,3,0.407286914038105,0.302360399759474,0.864686045884875,0.163643457019053,1.72889465743604,88.5886433509131,7.55926554338918,3.85209110569772,1.83171967730278,1.77398398949701,-1.28375677225393,1.19656038374718,1.08240873938127,0.041721454313702
"Pipi",40,"Event_38.csv","2023-01-23 22:15:00","2023-01-24 22:45:00",12,"2023-01-24 01:15:00",0.320151098626472,3,21.5,0.122448979591837,0.0159969846037859,1.3370799886482,0.711558728212151,0.0797364935209254,1,18748.8515758553,1.42123234197167,1689.35097621035,1.28059056557016,24.5,98,909.278350515464,0.0876841091095022,1,0.0742301387133583,2,0.15,0.95,"2022-12-01 20:30:00",1273.75,53.0729166666667,0.230052774837528,1684.69263142397,21568.874889823,FALSE,0,0,0,0.407286914038105,0.302360399759474,0.864686045884875,0.163643457019053,1.72889465743604,88.5886433509131,7.55926554338918,3.85209110569772,1.83171967730278,1.77398398949701,-1.28375677225393,1.19656038374718,1.08240873938127,0.041721454313702
"Pipi",41,"Event_40.csv","2023-01-27 11:45:00","2023-01-29 17:00:00",67,"2023-01-28 04:30:00",3.60924962698659,16.75,36.5,0.314553990610329,0.042162333966369,3.44188020900187,0.266996119340912,0.087392024312292,1,184198.182639124,13.9629039912107,63845.9253256435,48.3975744374482,53.25,211,912.857142857143,-0.0380549777367659,0.144626906740699,-0.0270777515763648,4,0.1,0.95,"2023-01-24 22:45:00",61,2.54166666666667,0.320151098626472,1689.35097621035,18748.8515758553,FALSE,1,1,1,0.407286914038105,0.302360399759474,0.864686045884875,0.163643457019053,1.72889465743604,88.5886433509131,7.55926554338918,3.85209110569772,1.83171967730278,1.77398398949701,-1.28375677225393,1.19656038374718,1.08240873938127,0.041721454313702
"Pipi",42,"Event_41_1.csv","2023-02-01 04:45:00","2023-02-02 11:15:00",45,"2023-02-01 15:45:00",0.752511441402248,11,19.5,0.360655737704918,0.0202002125739508,2.04573526786255,0.604531676353762,0.0217047769399831,2,44826.6656694209,3.39802716845742,6205.09688379733,4.70369309855613,30.5,122,907.438016528926,-0.0467089145103289,0.80993420665338,-0.0314704363137231,3,0.15,0.95,"2023-01-29 17:00:00",59.75,2.48958333333333,3.60924962698659,63845.9253256435,184198.182639124,FALSE,2,2,1,0.407286914038105,0.302360399759474,0.864686045884875,0.163643457019053,1.72889465743604,88.5886433509131,7.55926554338918,3.85209110569772,1.83171967730278,1.77398398949701,-1.28375677225393,1.19656038374718,1.08240873938127,0.041721454313702
"Pipi",43,"Event_41_2.csv","2023-02-02 11:45:00","2023-02-03 19:15:00",26,"2023-02-02 18:00:00",1.5099548420074,6.25,25.25,0.198412698412698,0.0377863557199736,2.04194157722967,0.499839897932108,0.212631196755123,1,66315.7266287799,5.02697752365529,12855.0531392844,9.74460606581554,31.5,126,907.2,-0.157029660704301,0.805706917735073,-0.169950368332423,3,0.1,0.95,"2023-02-02 11:15:00",0.5,0.0208333333333333,0.752511441402248,6205.09688379733,44826.6656694209,FALSE,3,3,2,0.407286914038105,0.302360399759474,0.864686045884875,0.163643457019053,1.72889465743604,88.5886433509131,7.55926554338918,3.85209110569772,1.83171967730278,1.77398398949701,-1.28375677225393,1.19656038374718,1.08240873938127,0.041721454313702
"Pipi",44,"Event_42_1.csv","2023-02-02 11:45:00","2023-02-04 03:00:00",26,"2023-02-02 18:00:00",1.5099548420074,6.25,33,0.159235668789809,0.0339281644081052,2.04194157722967,0.546077092103644,0.212631196755123,1,74743.8087830906,5.66585734464264,13194.4420996412,10.0018754590985,39.25,156,911.612903225806,-0.153562555447961,0.796259641329876,-0.167957623738254,3,0.1,0.95,"2023-02-03 19:15:00",-31.5,-1.3125,1.5099548420074,12855.0531392844,66315.7266287799,TRUE,3,3,2,0.407286914038105,0.302360399759474,0.864686045884875,0.163643457019053,1.72889465743604,88.5886433509131,7.55926554338918,3.85209110569772,1.83171967730278,1.77398398949701,-1.28375677225393,1.19656038374718,1.08240873938127,0.041721454313702
"Pipi",45,"Event_42_2.csv","2023-02-06 01:45:00","2023-02-07 22:00:00",27,"2023-02-06 08:15:00",0.304392906225035,6.5,37.75,0.146892655367232,0.00340976334572224,1.09476502814595,0.899683283428772,0.0178937817068319,13,41689.3345051041,3.16020585443386,1400.05560635308,1.0612939679304,44.25,177,905.113636363636,-0.0568696282980075,0.714752130257095,-0.0505968770184301,3,0.3,0.999,"2023-02-04 03:00:00",46.75,1.94791666666667,1.5099548420074,13194.4420996412,74743.8087830906,FALSE,5,5,3,0.407286914038105,0.302360399759474,0.864686045884875,0.163643457019053,1.72889465743604,88.5886433509131,7.55926554338918,3.85209110569772,1.83171967730278,1.77398398949701,-1.28375677225393,1.19656038374718,1.08240873938127,0.041721454313702
"Pipi",46,"Event_43.csv","2023-02-13 11:15:00","2023-02-14 23:00:00",57,"2023-02-14 01:30:00",1.28718670885275,14.25,21.5,0.398601398601399,0.0266823627000235,2.58391931977342,0.425065423225372,0.059630550642733,1,70199.2424112545,5.32136239348477,11722.1626713057,8.88583316098532,35.75,143,906.338028169014,0.17465590490189,0.837884996433352,0.163963638944936,1,0.1,0.95,"2023-02-07 22:00:00",133.25,5.55208333333333,0.304392906225035,1400.05560635308,41689.3345051041,FALSE,6,4,1,0.407286914038105,0.302360399759474,0.864686045884875,0.163643457019053,1.72889465743604,88.5886433509131,7.55926554338918,3.85209110569772,1.83171967730278,1.77398398949701,-1.28375677225393,1.19656038374718,1.08240873938127,0.041721454313702
"Pipi",47,"Event_44.csv","2023-02-16 18:45:00","2023-02-17 05:00:00",13,"2023-02-16 21:45:00",1.20067164111074,3,7.25,0.292682926829268,0.0950704255585871,1.94775371457147,0.4512953438513,0.413585106438557,1,18191.1201497797,1.37895423562123,11929.018340311,9.04263741415304,10.25,41,922.5,0.255722489861122,0.727789322540843,0.218455260058363,2,0.1,0.9,"2023-02-14 23:00:00",43.75,1.82291666666667,1.28718670885275,11722.1626713057,70199.2424112545,FALSE,7,4,1,0.407286914038105,0.302360399759474,0.864686045884875,0.163643457019053,1.72889465743604,88.5886433509131,7.55926554338918,3.85209110569772,1.83171967730278,1.77398398949701,-1.28375677225393,1.19656038374718,1.08240873938127,0.041721454313702
"Pipi",48,"Event_45.csv","2023-02-23 13:15:00","2023-02-24 22:00:00",47,"2023-02-24 01:00:00",0.305742223788735,11.75,21,0.358778625954198,0.00610973192467131,1.19841119349296,0.832521092703726,0.0313533331230845,2,29352.218734386,2.22500681735932,1355.53266755297,1.02754393245418,32.75,131,906.923076923077,0.217087218968758,0.623818122329542,0.161363295361015,1,0.2,0.95,"2023-02-17 05:00:00",152.25,6.34375,1.20067164111074,11929.018340311,18191.1201497797,FALSE,8,2,1,0.407286914038105,0.302360399759474,0.864686045884875,0.163643457019053,1.72889465743604,88.5886433509131,7.55926554338918,3.85209110569772,1.83171967730278,1.77398398949701,-1.28375677225393,1.19656038374718,1.08240873938127,0.041721454313702
"Pipi",49,"Event_46.csv","2023-02-24 18:45:00","2023-02-26 03:30:00",44,"2023-02-25 05:45:00",0.317114570245234,11,21.75,0.33587786259542,0.00645438564874769,1.26482212888121,0.855848245791391,0.0170135077524328,2,29402.1513528571,2.2287918946481,1142.96593272772,0.866410480019143,32.75,130,913.953488372093,0.0564716227472914,0.414925367831241,0.0549888418128311,2,0.1,0.95,"2023-02-24 22:00:00",-3.25,-0.135416666666667,0.305742223788735,1355.53266755297,29352.218734386,TRUE,7,2,0,0.407286914038105,0.302360399759474,0.864686045884875,0.163643457019053,1.72889465743604,88.5886433509131,7.55926554338918,3.85209110569772,1.83171967730278,1.77398398949701,-1.28375677225393,1.19656038374718,1.08240873938127,0.041721454313702
"Pipi",50,"Event_47.csv","2023-02-26 21:45:00","2023-02-28 09:15:00",19,"2023-02-27 02:30:00",1.50573619375073,4.75,30.75,0.133802816901408,0.038936007296613,2.48094712234672,0.468369662395917,0.306265203474983,1,66904.3923133184,5.0716005612899,26450.6027934061,20.0505358968473,35.5,141,912.857142857143,0.1525057672879,0.228458982666506,0.116561781602885,2,0.1,0.9,"2023-02-26 03:30:00",18.25,0.760416666666667,0.317114570245234,1142.96593272772,29402.1513528571,FALSE,9,4,2,0.407286914038105,0.302360399759474,0.864686045884875,0.163643457019053,1.72889465743604,88.5886433509131,7.55926554338918,3.85209110569772,1.83171967730278,1.77398398949701,-1.28375677225393,1.19656038374718,1.08240873938127,0.041721454313702
"Pipi",51,"Event_48.csv","2023-03-05 22:00:00","2023-03-06 21:45:00",28,"2023-03-06 05:00:00",0.354953267651445,7,16.75,0.294736842105263,0.0110190733574034,1.29125151702503,0.761156267539912,0.0414611268585307,1,23253.9564980737,1.76273596919533,1868.84205359462,1.41665144548154,23.75,95,909.574468085106,0.202999373962507,1,0.168033016358047,1,0.15,0.95,"2023-02-28 09:15:00",132.75,5.53125,1.50573619375073,26450.6027934061,66904.3923133184,FALSE,7,3,1,0.407286914038105,0.302360399759474,0.864686045884875,0.163643457019053,1.72889465743604,88.5886433509131,7.55926554338918,3.85209110569772,1.83171967730278,1.77398398949701,-1.28375677225393,1.19656038374718,1.08240873938127,0.041721454313702
"Pipi",52,"Event_49.csv","2023-03-17 05:15:00","2023-03-18 20:15:00",100,"2023-03-18 06:15:00",0.554579207742439,25,14,0.641025641025641,0.0182569359012627,1.95449355536813,0.675225401664523,0.13463159274248,1,41518.6466931895,3.14726708654762,7095.0640057341,5.37832111610193,39,156,905.806451612903,0.030630616878241,0.875004155422272,0.0406116115550792,2,0.1,0.95,"2023-03-06 21:45:00",247.5,10.3125,0.354953267651445,1868.84205359462,23253.9564980737,FALSE,5,1,0,0.407286914038105,0.302360399759474,0.864686045884875,0.163643457019053,1.72889465743604,88.5886433509131,7.55926554338918,3.85209110569772,1.83171967730278,1.77398398949701,-1.28375677225393,1.19656038374718,1.08240873938127,0.041721454313702
"Pipi",53,"Event_50.csv","2023-03-21 14:30:00","2023-03-22 19:15:00",31,"2023-03-21 22:00:00",0.376519596383735,7.5,21.25,0.260869565217391,0.0100225544701027,1.20975699988556,0.760383633647031,0.0583125577931768,1,28847.7355215753,2.18676512265458,2260.41921684227,1.71348142812525,28.75,115,907.894736842105,0.198986311151779,0.986371998121453,0.158919549693159,2,0.15,0.95,"2023-03-18 20:15:00",66.25,2.76041666666667,0.554579207742439,7095.0640057341,41518.6466931895,FALSE,5,1,1,0.407286914038105,0.302360399759474,0.864686045884875,0.163643457019053,1.72889465743604,88.5886433509131,7.55926554338918,3.85209110569772,1.83171967730278,1.77398398949701,-1.28375677225393,1.19656038374718,1.08240873938127,0.041721454313702
"Pipi",54,"Event_51.csv","2023-04-09 15:15:00","2023-04-10 23:30:00",65,"2023-04-10 07:30:00",0.269566308687424,16.25,16,0.503875968992248,0.00602182495657041,1.22103635743774,0.875032585330862,0.0561356181194835,4,25446.3067180673,1.92892423011239,1565.83240120889,1.18695891409749,32.25,129,907.03125,0.00385921766058877,0.605137292675725,0.000157014055831089,2,0.15,0.95,"2023-03-22 19:15:00",428,17.8333333333333,0.376519596383735,2260.41921684227,28847.7355215753,FALSE,2,0,0,0.407286914038105,0.302360399759474,0.864686045884875,0.163643457019053,1.72889465743604,88.5886433509131,7.55926554338918,3.85209110569772,1.83171967730278,1.77398398949701,-1.28375677225393,1.19656038374718,1.08240873938127,0.041721454313702
"Pipi",55,"Event_52.csv","2023-04-11 18:00:00","2023-04-12 06:00:00",24,"2023-04-11 23:45:00",0.324665019192741,5.75,6.25,0.479166666666667,0.0192319822418274,1.33935352784025,0.801959702237687,0.11586929377782,1,10676.6963175744,0.8093330970462,1904.2984757342,1.44352872576267,12,48,919.148936170213,-0.0913532714007987,0.786587779052768,-0.0696858509498738,3,0.2,0.9,"2023-04-10 23:30:00",18.5,0.770833333333333,0.269566308687424,1565.83240120889,25446.3067180673,FALSE,3,1,1,0.407286914038105,0.302360399759474,0.864686045884875,0.163643457019053,1.72889465743604,88.5886433509131,7.55926554338918,3.85209110569772,1.83171967730278,1.77398398949701,-1.28375677225393,1.19656038374718,1.08240873938127,0.041721454313702
"Pipi",56,"Event_53.csv","2023-04-22 10:00:00","2023-04-23 08:45:00",27,"2023-04-22 16:30:00",0.529795688849,6.5,16.25,0.285714285714286,0.0203947734696589,1.46452512324706,0.60962535639996,0.0986097708181924,1,27307.8489078277,2.07003601796394,5766.77816940499,4.37143129016459,22.75,91,910,0.241941690787957,0.911210694866134,0.209406476726479,2,0.1,0.95,"2023-04-12 06:00:00",244,10.1666666666667,0.324665019192741,1904.2984757342,10676.6963175744,FALSE,2,2,0,0.407286914038105,0.302360399759474,0.864686045884875,0.163643457019053,1.72889465743604,88.5886433509131,7.55926554338918,3.85209110569772,1.83171967730278,1.77398398949701,-1.28375677225393,1.19656038374718,1.08240873938127,0.041721454313702
"Pipi",57,"Event_54.csv","2023-04-30 16:15:00","2023-05-03 23:45:00",113,"2023-05-01 20:30:00",0.961372582536627,28.25,51.25,0.355345911949686,0.0197785665444589,2.19671900449872,0.565387010504712,0.076750170579817,3,139607.24752126,10.5827460710381,39872.0112226404,30.224460234167,79.5,316,908.571428571429,0.101457749769585,0.176072263618683,0.0965682005094093,2,0.2,0.95,"2023-04-23 08:45:00",175.5,7.3125,0.529795688849,5766.77816940499,27307.8489078277,FALSE,3,1,0,0.407286914038105,0.302360399759474,0.864686045884875,0.163643457019053,1.72889465743604,88.5886433509131,7.55926554338918,3.85209110569772,1.83171967730278,1.77398398949701,-1.28375677225393,1.19656038374718,1.08240873938127,0.041721454313702
"Pipi",58,"Event_55.csv","2023-05-04 06:30:00","2023-05-05 20:00:00",23,"2023-05-04 12:00:00",0.462558536341792,5.5,32,0.146666666666667,0.00935919863094061,1.18092479738377,0.837775619999215,0.0696677851549584,2,42584.5664511122,3.22806774933901,3537.87895797245,2.68184319274611,37.5,150,906.040268456376,0.0657533995072599,0.297425333844541,0.0483310104542494,2,0.25,0.95,"2023-05-03 23:45:00",6.75,0.28125,0.961372582536627,39872.0112226404,139607.24752126,FALSE,4,2,1,0.407286914038105,0.302360399759474,0.864686045884875,0.163643457019053,1.72889465743604,88.5886433509131,7.55926554338918,3.85209110569772,1.83171967730278,1.77398398949701,-1.28375677225393,1.19656038374718,1.08240873938127,0.041721454313702
"Pipi",59,"Event_56.csv","2023-05-09 16:45:00","2023-05-10 16:00:00",24,"2023-05-09 22:30:00",3.20742383095443,5.75,17.5,0.247311827956989,0.0389463173808139,1.34748534022843,0.196478015577079,0.0772924931002106,1,135543.370128469,10.2746891235992,84424.8059214459,63.9971275866087,23.25,93,909.782608695652,-0.00717355497830494,0.389700572007891,-0.0144941013021098,3,0.1,0.95,"2023-05-05 20:00:00",92.75,3.86458333333333,0.462558536341792,3537.87895797245,42584.5664511122,FALSE,5,2,2,0.407286914038105,0.302360399759474,0.864686045884875,0.163643457019053,1.72889465743604,88.5886433509131,7.55926554338918,3.85209110569772,1.83171967730278,1.77398398949701,-1.28375677225393,1.19656038374718,1.08240873938127,0.041721454313702
"Pipi",60,"Event_58.csv","2023-05-19 04:45:00","2023-05-20 05:00:00",40,"2023-05-19 14:30:00",1.14644535850423,9.75,14.5,0.402061855670103,0.0369119761638189,2.12098348511953,0.45076460343514,0.103136050925272,1,47495.3844706484,3.60032593094892,17901.7459683647,13.5701860164948,24.25,97,909.375,0.119665341850331,0.716276986708222,0.11199427308881,2,0.1,0.95,"2023-05-10 16:00:00",204.75,8.53125,3.20742383095443,84424.8059214459,135543.370128469,FALSE,4,2,0,0.407286914038105,0.302360399759474,0.864686045884875,0.163643457019053,1.72889465743604,88.5886433509131,7.55926554338918,3.85209110569772,1.83171967730278,1.77398398949701,-1.28375677225393,1.19656038374718,1.08240873938127,0.041721454313702
"Pipi",61,"Event_59.csv","2023-05-23 08:15:00","2023-05-23 22:15:00",10,"2023-05-23 10:30:00",1.23664337327431,2.25,11.75,0.160714285714286,0.0678148953704135,1.74792643944709,0.480658045436673,0.313834072403685,1,25526.6893774062,1.93501753319946,14998.7561763746,11.3696123098347,14,57,900,0.16306749938178,0.562772046229258,0.164146965305541,2,0.1,0.95,"2023-05-20 05:00:00",75.25,3.13541666666667,1.14644535850423,17901.7459683647,47495.3844706484,FALSE,5,2,1,0.407286914038105,0.302360399759474,0.864686045884875,0.163643457019053,1.72889465743604,88.5886433509131,7.55926554338918,3.85209110569772,1.83171967730278,1.77398398949701,-1.28375677225393,1.19656038374718,1.08240873938127,0.041721454313702
"Pipi",62,"Event_60.csv","2023-05-29 10:00:00","2023-05-30 10:45:00",46,"2023-05-29 21:15:00",3.20445564171357,11.25,13.5,0.454545454545455,0.0612848233865462,2.45741358594744,0.244645093900721,0.526543902689942,1,90831.2801302788,6.88534721508412,84282.7687028991,63.8894581179238,24.75,99,909.183673469388,-0.00668734908439469,0.254474949570781,-0.00534293963428595,3,0.1,0.95,"2023-05-23 22:15:00",131.75,5.48958333333333,1.23664337327431,14998.7561763746,25526.6893774062,FALSE,5,2,1,0.407286914038105,0.302360399759474,0.864686045884875,0.163643457019053,1.72889465743604,88.5886433509131,7.55926554338918,3.85209110569772,1.83171967730278,1.77398398949701,-1.28375677225393,1.19656038374718,1.08240873938127,0.041721454313702
"Pipi",63,"Event_61.csv","2023-06-04 22:45:00","2023-06-06 02:00:00",66,"2023-06-05 15:15:00",0.603258283442261,16.5,10.75,0.605504587155963,0.025990919729458,1.54131174739381,0.605802977284149,0.105698671544307,3,37914.2352211092,2.87403935645608,9974.73489168451,7.56121822891361,27.25,108,916.822429906542,0.306118486707413,0.872374573069783,0.259921365950639,1,0.2,0.95,"2023-05-30 10:45:00",132,5.5,3.20445564171357,84282.7687028991,90831.2801302788,FALSE,4,2,1,0.407286914038105,0.302360399759474,0.864686045884875,0.163643457019053,1.72889465743604,88.5886433509131,7.55926554338918,3.85209110569772,1.83171967730278,1.77398398949701,-1.28375677225393,1.19656038374718,1.08240873938127,0.041721454313702
"Pipi",64,"Event_62_1.csv","2023-06-17 15:30:00","2023-06-18 10:15:00",23,"2023-06-17 21:00:00",1.17002831437219,5.5,13.25,0.293333333333333,0.0457631071299,2.62291586202964,0.430611379478088,0.100565317795954,2,35851.4326395305,2.71767128600756,18031.4841411284,13.6685323532686,18.75,75,912.162162162162,0.291406832105692,0.692327709628089,0.276292228780964,1,0.1,0.999,"2023-06-06 02:00:00",277.5,11.5625,0.603258283442261,9974.73489168451,37914.2352211092,FALSE,4,1,0,0.407286914038105,0.302360399759474,0.864686045884875,0.163643457019053,1.72889465743604,88.5886433509131,7.55926554338918,3.85209110569772,1.83171967730278,1.77398398949701,-1.28375677225393,1.19656038374718,1.08240873938127,0.041721454313702
"Pipi",65,"Event_62_2.csv","2023-06-18 10:30:00","2023-06-18 22:15:00",15,"2023-06-18 14:00:00",2.00013735288082,3.5,8.25,0.297872340425532,0.074798627858933,1.83125939977483,0.2961116918834,0.316807891010018,1,39376.8363068415,2.98490993207696,44110.7981206131,33.437617587166,11.75,48,900,0.0674277209712505,0.327047965652944,0.0385678720473269,2,0.1,0.999,"2023-06-18 10:15:00",0.25,0.0104166666666667,1.17002831437219,18031.4841411284,35851.4326395305,FALSE,5,2,1,0.407286914038105,0.302360399759474,0.864686045884875,0.163643457019053,1.72889465743604,88.5886433509131,7.55926554338918,3.85209110569772,1.83171967730278,1.77398398949701,-1.28375677225393,1.19656038374718,1.08240873938127,0.041721454313702
"Pipi",66,"Event_63.csv","2023-06-18 20:30:00","2023-06-19 19:00:00",38,"2023-06-19 06:00:00",1.28995169964213,9.5,13,0.422222222222222,0.0382900503595813,1.98594596701453,0.538593541564462,0.235058804551139,1,47485.5940799792,3.59958378310038,26139.8592320497,19.8149807762191,22.5,90,910.112359550562,0.110567831493418,0.121240199099204,0.0854973228008645,2,0.15,0.999,"2023-06-18 22:15:00",-1.75,-0.0729166666666667,2.00013735288082,44110.7981206131,39376.8363068415,TRUE,5,2,1,0.407286914038105,0.302360399759474,0.864686045884875,0.163643457019053,1.72889465743604,88.5886433509131,7.55926554338918,3.85209110569772,1.83171967730278,1.77398398949701,-1.28375677225393,1.19656038374718,1.08240873938127,0.041721454313702
"Pipi",67,"Event_64.csv","2023-06-22 02:15:00","2023-06-23 19:00:00",29,"2023-06-22 09:15:00",4.19002714592373,7,33.75,0.171779141104294,0.0457097508119697,1.64218652610064,0.264239594549925,0.0632329320885656,1,212155.228653551,16.082151552638,287915.356188152,218.250496202046,40.75,163,905.555555555556,-0.163410758147561,0.60075226471176,-0.135613264635813,3,0.1,0.95,"2023-06-19 19:00:00",55.25,2.30208333333333,1.28995169964213,26139.8592320497,47485.5940799792,FALSE,6,3,3,0.407286914038105,0.302360399759474,0.864686045884875,0.163643457019053,1.72889465743604,88.5886433509131,7.55926554338918,3.85209110569772,1.83171967730278,1.77398398949701,-1.28375677225393,1.19656038374718,1.08240873938127,0.041721454313702
"Pipi",68,"Event_65.csv","2023-06-30 19:30:00","2023-07-01 19:30:00",27,"2023-07-01 02:15:00",0.316036333798119,6.75,17.25,0.28125,0.00553140108120481,1.15019963534137,0.905606168146055,0.030928742634599,4,23424.3321182282,1.77565107179067,1563.40061390355,1.18511552931568,24,96,909.473684210526,-0.0956599382766809,0.535017272221594,-0.0758445140786469,3,0.1,0.95,"2023-06-23 19:00:00",168.5,7.02083333333333,4.19002714592373,287915.356188152,212155.228653551,FALSE,5,4,0,0.407286914038105,0.302360399759474,0.864686045884875,0.163643457019053,1.72889465743604,88.5886433509131,7.55926554338918,3.85209110569772,1.83171967730278,1.77398398949701,-1.28375677225393,1.19656038374718,1.08240873938127,0.041721454313702
"Pipi",69,"Event_66.csv","2023-07-08 03:15:00","2023-07-09 02:15:00",22,"2023-07-08 08:30:00",1.3937376550352,5.25,17.75,0.228260869565217,0.0462173408463561,2.20620770472115,0.383505241619066,0.186558106586361,1,53247.4390872773,4.03635296017071,27618.3020502095,20.935695151936,23,92,909.89010989011,-0.0599771465871786,0.574097734715622,-0.0644711178131873,3,0.1,0.95,"2023-07-01 19:30:00",151.75,6.32291666666667,0.316036333798119,1563.40061390355,23424.3321182282,FALSE,5,1,1,0.407286914038105,0.302360399759474,0.864686045884875,0.163643457019053,1.72889465743604,88.5886433509131,7.55926554338918,3.85209110569772,1.83171967730278,1.77398398949701,-1.28375677225393,1.19656038374718,1.08240873938127,0.041721454313702
"Pipi",70,"Event_67.csv","2023-08-30 23:45:00","2023-08-31 20:45:00",24,"2023-08-31 05:45:00",0.260235840745274,6,15,0.285714285714286,0.00733788293126165,1.12852825742967,0.899717483374039,0.0561070816846388,6,16679.4476499348,1.26436386518939,5440.28261864281,4.12393557856023,21,84,910.843373493976,-0.187563607325867,0.595237808160588,-0.169131004514979,3,0.1,0.95,"2023-07-09 02:15:00",1269.5,52.8958333333333,1.3937376550352,27618.3020502095,53247.4390872773,FALSE,0,0,0,0.407286914038105,0.302360399759474,0.864686045884875,0.163643457019053,1.72889465743604,88.5886433509131,7.55926554338918,3.85209110569772,1.83171967730278,1.77398398949701,-1.28375677225393,1.19656038374718,1.08240873938127,0.041721454313702
"Pipi",71,"Event_68_1.csv","2023-09-05 03:45:00","2023-09-06 03:45:00",38,"2023-09-05 13:00:00",0.269393174657396,9.25,14.75,0.385416666666667,0.00675179704908488,1.18783456190748,0.870458931841984,0.0194043531427488,6,19794.3651874423,1.50048614334437,7895.43812852827,5.98503432431634,24,96,909.473684210526,-0.072539473913951,0.611175780404236,-0.0643467281219284,3,0.2,0.95,"2023-08-31 20:45:00",103,4.29166666666667,0.260235840745274,5440.28261864281,16679.4476499348,FALSE,1,1,1,0.407286914038105,0.302360399759474,0.864686045884875,0.163643457019053,1.72889465743604,88.5886433509131,7.55926554338918,3.85209110569772,1.83171967730278,1.77398398949701,-1.28375677225393,1.19656038374718,1.08240873938127,0.041721454313702
"Pipi",72,"Event_69.csv","2023-09-11 20:00:00","2023-09-12 09:45:00",12,"2023-09-11 22:45:00",1.00696467941772,2.75,11,0.2,0.0575695054384348,1.84351880351811,0.428429875587574,0.182459366890228,1,24594.5872790199,1.86436074428166,36972.4793046892,28.0265077240099,13.75,55,916.666666666667,-0.0251437920288555,0.177396062888795,-0.00149718863119177,3,0.1,0.95,"2023-09-06 03:45:00",136.25,5.67708333333333,0.269393174657396,7895.43812852827,19794.3651874423,FALSE,2,2,1,0.407286914038105,0.302360399759474,0.864686045884875,0.163643457019053,1.72889465743604,88.5886433509131,7.55926554338918,3.85209110569772,1.83171967730278,1.77398398949701,-1.28375677225393,1.19656038374718,1.08240873938127,0.041721454313702
"Pipi",73,"Event_70_1.csv","2023-09-23 22:45:00","2023-09-24 15:15:00",20,"2023-09-24 03:45:00",0.505817710670706,5,11.5,0.303030303030303,0.0263180530095985,1.74925530563215,0.608219833222178,0.0779973184101411,2,19839.1841175534,1.50388358412887,27513.7828239442,20.8564657100019,16.5,66,913.846153846154,0.476650707272467,0.729332414248352,0.386559645744887,2,0.15,0.95,"2023-09-12 09:45:00",277,11.5416666666667,1.00696467941772,36972.4793046892,24594.5872790199,FALSE,3,1,0,0.407286914038105,0.302360399759474,0.864686045884875,0.163643457019053,1.72889465743604,88.5886433509131,7.55926554338918,3.85209110569772,1.83171967730278,1.77398398949701,-1.28375677225393,1.19656038374718,1.08240873938127,0.041721454313702
"Pipi",74,"Event_70_2.csv","2023-09-24 16:00:00","2023-09-25 21:15:00",70,"2023-09-25 09:30:00",0.968670011061685,17.5,11.75,0.598290598290598,0.0355427339618645,1.92081385555501,0.493688328740395,0.1549710022238,2,52746.7262787983,3.99839707606919,46490.3719569794,35.241422626995,29.25,117,907.758620689655,0.0115100123598636,-0.87067859114876,0.0301836191784858,6,0.1,0.95,"2023-09-24 15:15:00",0.75,0.03125,0.505817710670706,27513.7828239442,19839.1841175534,FALSE,4,2,1,0.407286914038105,0.302360399759474,0.864686045884875,0.163643457019053,1.72889465743604,88.5886433509131,7.55926554338918,3.85209110569772,1.83171967730278,1.77398398949701,-1.28375677225393,1.19656038374718,1.08240873938127,0.041721454313702
"Pipi",75,"Event_71_1.csv","2023-09-24 23:30:00","2023-09-25 20:15:00",40,"2023-09-25 09:30:00",0.968670011061685,10,10.75,0.481927710843373,0.0357379785637031,1.56206727872233,0.452200272586436,0.1549710022238,2,42156.3096606718,3.19560429957621,33241.571686257,25.1983416623334,20.75,83,910.975609756098,0.147148092864801,-0.866354658893155,0.091789178688597,6,0.1,0.95,"2023-09-25 21:15:00",-21.75,-0.90625,0.968670011061685,46490.3719569794,52746.7262787983,TRUE,4,2,1,0.407286914038105,0.302360399759474,0.864686045884875,0.163643457019053,1.72889465743604,88.5886433509131,7.55926554338918,3.85209110569772,1.83171967730278,1.77398398949701,-1.28375677225393,1.19656038374718,1.08240873938127,0.041721454313702
"Pipi",76,"Event_71_2.csv","2023-09-25 20:30:00","2023-09-26 22:15:00",24,"2023-09-26 02:30:00",2.09106872565644,6,19.75,0.233009708737864,0.0472003756469257,2.27637906928836,0.347479566343995,0.104909133929114,2,73124.3115025586,5.54309345675782,95251.4579211109,72.2041305141969,25.75,103,908.823529411765,-0.545537807958941,0.232707844761316,-0.462765005563174,4,0.1,0.95,"2023-09-25 20:15:00",0.25,0.0104166666666667,0.968670011061685,33241.571686257,42156.3096606718,FALSE,5,3,2,0.407286914038105,0.302360399759474,0.864686045884875,0.163643457019053,1.72889465743604,88.5886433509131,7.55926554338918,3.85209110569772,1.83171967730278,1.77398398949701,-1.28375677225393,1.19656038374718,1.08240873938127,0.041721454313702
"Pipi",77,"Event_74.csv","2023-11-06 17:45:00","2023-11-07 21:30:00",25,"2023-11-06 23:45:00",0.506062781264986,6,21.75,0.216216216216216,0.0198136341196724,1.61266530427877,0.638565156084789,0.078149720602915,1,29421.5711347694,2.2302639859928,22909.7730716471,17.3664559159385,27.75,111,908.181818181818,-0.36057903258026,0.135016522819853,-0.308339572557029,3,0.15,0.95,"2023-09-26 22:15:00",979.5,40.8125,2.09106872565644,95251.4579211109,73124.3115025586,FALSE,0,0,0,0.407286914038105,0.302360399759474,0.864686045884875,0.163643457019053,1.72889465743604,88.5886433509131,7.55926554338918,3.85209110569772,1.83171967730278,1.77398398949701,-1.28375677225393,1.19656038374718,1.08240873938127,0.041721454313702
"Pipi",78,"Event_73.csv","2023-11-06 18:45:00","2023-11-07 19:30:00",21,"2023-11-06 23:45:00",0.506062781264986,5,19.75,0.202020202020202,0.0210885610077376,1.48941752921843,0.61523336928242,0.078149720602915,1,27220.8014676887,2.06343749982479,22568.3075986924,17.1076124492512,24.75,99,909.183673469388,-0.366393403560571,0.133398859549056,-0.313957743499835,3,0.15,0.95,"2023-11-07 21:30:00",-26.75,-1.11458333333333,0.506062781264986,22909.7730716471,29421.5711347694,TRUE,0,0,0,0.407286914038105,0.302360399759474,0.864686045884875,0.163643457019053,1.72889465743604,88.5886433509131,7.55926554338918,3.85209110569772,1.83171967730278,1.77398398949701,-1.28375677225393,1.19656038374718,1.08240873938127,0.041721454313702
"Pipi",79,"Event_75.csv","2023-11-18 22:30:00","2023-11-20 15:00:00",86,"2023-11-19 20:00:00",0.51623629480787,21.5,19,0.530864197530864,0.015399268549221,1.51355086550283,0.612733311804615,0.0127359317875439,2,48851.1781355639,3.70310010876041,20856.0247341254,15.8096386635606,40.5,161,911.25,0.00852420326747936,0.0673382076155774,0.034083198444067,2,0.1,0.95,"2023-11-07 19:30:00",267,11.125,0.506062781264986,22568.3075986924,27220.8014676887,FALSE,2,2,0,0.407286914038105,0.302360399759474,0.864686045884875,0.163643457019053,1.72889465743604,88.5886433509131,7.55926554338918,3.85209110569772,1.83171967730278,1.77398398949701,-1.28375677225393,1.19656038374718,1.08240873938127,0.041721454313702
"Pipi",80,"Event_76.csv","2023-11-20 15:15:00","2023-11-21 08:00:00",8,"2023-11-20 17:00:00",0.338252393524085,1.75,15,0.104477611940299,0.0146448500674697,1.19475385109927,0.808092811956917,0.0506619057514827,2,15254.3398250135,1.15633541750659,6460.16556793034,4.8970446016321,16.75,67,913.636363636364,-0.0810063456432792,0.394178981562802,-0.06201229834159,3,0.1,0.9,"2023-11-20 15:00:00",0.25,0.0104166666666667,0.51623629480787,20856.0247341254,48851.1781355639,FALSE,3,3,1,0.407286914038105,0.302360399759474,0.864686045884875,0.163643457019053,1.72889465743604,88.5886433509131,7.55926554338918,3.85209110569772,1.83171967730278,1.77398398949701,-1.28375677225393,1.19656038374718,1.08240873938127,0.041721454313702
"Pipi",81,"Event_77.csv","2023-12-03 14:30:00","2023-12-04 14:45:00",38,"2023-12-03 23:45:00",0.265335827446274,9.25,15,0.381443298969072,0.00969720175811433,1.28165621865376,0.832404018817008,0.0687314504501599,1,17982.2754837976,1.36312303697201,1388.98599621223,1.05290279373952,24.25,97,909.375,-0.332123440190451,0.731038581258559,-0.312861232421097,4,0.1,0.95,"2023-11-21 08:00:00",294.5,12.2708333333333,0.338252393524085,6460.16556793034,15254.3398250135,FALSE,4,2,0,0.407286914038105,0.302360399759474,0.864686045884875,0.163643457019053,1.72889465743604,88.5886433509131,7.55926554338918,3.85209110569772,1.83171967730278,1.77398398949701,-1.28375677225393,1.19656038374718,1.08240873938127,0.041721454313702
"Pipi",82,"Event_78.csv","2023-12-23 09:30:00","2023-12-24 02:45:00",22,"2023-12-23 14:45:00",0.199893729199774,5.25,12,0.304347826086957,0.0109355612137073,1.18266247228057,0.857071773218485,0.00463630846845329,6,10902.6194117194,0.826458903760179,504.202211079264,0.382203937334644,17.25,69,913.235294117647,-0.148941990352955,0.902158826332436,-0.0985983490839687,3,0.25,0.9,"2023-12-04 14:45:00",450.75,18.78125,0.265335827446274,1388.98599621223,17982.2754837976,FALSE,1,0,0,0.407286914038105,0.302360399759474,0.864686045884875,0.163643457019053,1.72889465743604,88.5886433509131,7.55926554338918,3.85209110569772,1.83171967730278,1.77398398949701,-1.28375677225393,1.19656038374718,1.08240873938127,0.041721454313702
"Pipi",83,"Event_79_1.csv","2023-12-26 13:15:00","2023-12-27 19:15:00",13,"2023-12-26 16:15:00",0.255188259163499,3,27,0.1,0.00983239968089046,1.22145737755751,0.854476242000604,0.0193264999026081,3,20885.6577265765,1.58321015686033,5855.73565294625,4.43886435514872,30,120,907.563025210084,-0.260860007095499,0.155039538490944,-0.197699026545544,3,0.15,0.95,"2023-12-24 02:45:00",58.5,2.4375,0.199893729199774,504.202211079264,10902.6194117194,FALSE,2,1,1,0.407286914038105,0.302360399759474,0.864686045884875,0.163643457019053,1.72889465743604,88.5886433509131,7.55926554338918,3.85209110569772,1.83171967730278,1.77398398949701,-1.28375677225393,1.19656038374718,1.08240873938127,0.041721454313702
"Pipi",84,"Event_79_2.csv","2023-12-29 04:15:00","2023-12-30 19:15:00",104,"2023-12-30 06:15:00",0.47481937419531,26,13,0.666666666666667,0.0177959342196026,1.86821592278335,0.645212257864679,0.065582312475571,1,38319.0950659837,2.90472923114911,37367.0965544854,28.3256422047759,39,156,905.806451612903,0.262703310338628,0.650200647629249,0.177345221041632,2,0.15,0.95,"2023-12-27 19:15:00",33,1.375,0.255188259163499,5855.73565294625,20885.6577265765,FALSE,3,2,2,0.407286914038105,0.302360399759474,0.864686045884875,0.163643457019053,1.72889465743604,88.5886433509131,7.55926554338918,3.85209110569772,1.83171967730278,1.77398398949701,-1.28375677225393,1.19656038374718,1.08240873938127,0.041721454313702
"Pipi",85,"Event_80_1.csv","2023-12-30 00:15:00","2023-12-31 16:30:00",25,"2023-12-30 06:15:00",0.47481937419531,6,34.25,0.149068322981366,0.0148757906834473,1.43099470745884,0.726698215237359,0.065582312475571,1,36343.1728660319,2.7549470151862,21137.8675822616,16.023285973906,40.25,161,905.625,0.208428770347613,0.598198245621783,0.203774540841168,2,0.15,0.95,"2023-12-30 19:15:00",-19,-0.791666666666667,0.47481937419531,37367.0965544854,38319.0950659837,TRUE,3,2,2,0.407286914038105,0.302360399759474,0.864686045884875,0.163643457019053,1.72889465743604,88.5886433509131,7.55926554338918,3.85209110569772,1.83171967730278,1.77398398949701,-1.28375677225393,1.19656038374718,1.08240873938127,0.041721454313702
"Pipi",86,"Event_80_2.csv","2023-12-31 16:15:00","2024-01-01 20:30:00",34,"2024-01-01 00:45:00",0.360995795800943,8.5,19.75,0.300884955752212,0.01355491047312,1.25958522825954,0.710337605853147,0.0758175703907958,2,25492.2945910655,1.93241028109419,35687.5847351515,27.0525100842812,28.25,113,908.035714285714,-0.458560643846962,0.0367762505704459,-0.404764440542085,3,0.1,0.95,"2023-12-31 16:30:00",-0.25,-0.0104166666666667,0.47481937419531,21137.8675822616,36343.1728660319,TRUE,4,3,2,0.407286914038105,0.302360399759474,0.864686045884875,0.163643457019053,1.72889465743604,88.5886433509131,7.55926554338918,3.85209110569772,1.83171967730278,1.77398398949701,-1.28375677225393,1.19656038374718,1.08240873938127,0.041721454313702
"Pipi",87,"Event_81.csv","2024-01-15 14:00:00","2024-01-16 09:00:00",35,"2024-01-15 22:30:00",0.364571747083707,8.5,10.5,0.447368421052632,0.0247629106561717,1.76149129120302,0.672735641931027,0.135806225970221,1,15116.5629567309,1.14589142095636,10453.7958781779,7.92436418749489,19,76,912,-0.132598137843964,0.278192470673446,-0.0935844347523183,3,0.15,0.95,"2024-01-01 20:30:00",329.5,13.7291666666667,0.360995795800943,35687.5847351515,25492.2945910655,FALSE,5,1,0,0.407286914038105,0.302360399759474,0.864686045884875,0.163643457019053,1.72889465743604,88.5886433509131,7.55926554338918,3.85209110569772,1.83171967730278,1.77398398949701,-1.28375677225393,1.19656038374718,1.08240873938127,0.041721454313702
"Pipi",88,"Event_82.csv","2024-01-28 15:00:00","2024-01-29 17:30:00",42,"2024-01-29 01:30:00",0.493976991718259,10.5,16,0.39622641509434,0.02781639921173,2.15570400109121,0.590126688141274,0.220208725174445,1,22585.3494313331,1.71205307891386,13051.0884856069,9.89320811391211,26.5,106,908.571428571429,-0.181942498442139,0.284874350229127,-0.18064886087436,3,0.1,0.95,"2024-01-16 09:00:00",294,12.25,0.364571747083707,10453.7958781779,15116.5629567309,FALSE,4,1,0,0.407286914038105,0.302360399759474,0.864686045884875,0.163643457019053,1.72889465743604,88.5886433509131,7.55926554338918,3.85209110569772,1.83171967730278,1.77398398949701,-1.28375677225393,1.19656038374718,1.08240873938127,0.041721454313702
"Pipi",89,"Event_83.csv","2024-02-26 07:45:00","2024-02-28 00:15:00",38,"2024-02-26 17:00:00",0.380670807091358,9.25,31.25,0.228395061728395,0.0178513551598668,1.50597904714806,0.646278311036577,0.137141794948714,1,32410.1785194293,2.45681148706768,33399.5630715431,25.3181049798962,40.5,161,911.25,-0.382524837412211,0.272467617884714,-0.302216308285468,4,0.1,0.95,"2024-01-29 17:30:00",662.25,27.59375,0.493976991718259,13051.0884856069,22585.3494313331,FALSE,1,0,0,0.407286914038105,0.302360399759474,0.864686045884875,0.163643457019053,1.72889465743604,88.5886433509131,7.55926554338918,3.85209110569772,1.83171967730278,1.77398398949701,-1.28375677225393,1.19656038374718,1.08240873938127,0.041721454313702
"Pipi",90,"Event_84.csv","2024-03-04 15:30:00","2024-03-05 07:45:00",35,"2024-03-05 00:15:00",0.315919760905677,8.75,7.5,0.538461538461538,0.0246568040493506,1.3381098521607,0.594011729735475,0.124241376206012,2,13544.2424170444,1.02670370463636,1935.66755072161,1.46730764562316,16.25,65,914.0625,0.19616409419892,0.370820914649321,0.164192992306061,2,0.2,0.999,"2024-02-28 00:15:00",135.25,5.63541666666667,0.380670807091358,33399.5630715431,32410.1785194293,FALSE,1,1,1,0.407286914038105,0.302360399759474,0.864686045884875,0.163643457019053,1.72889465743604,88.5886433509131,7.55926554338918,3.85209110569772,1.83171967730278,1.77398398949701,-1.28375677225393,1.19656038374718,1.08240873938127,0.041721454313702
"Pipi",91,"Event_85.csv","2024-04-12 10:30:00","2024-04-13 11:45:00",43,"2024-04-12 21:00:00",0.26947419053606,10.5,14.75,0.415841584158416,0.0132638402654185,1.39111089514729,0.679225635783537,0.0226712631568113,2,17957.9294496454,1.36127751747468,4482.83186574825,3.39815247107046,25.25,101,909,-0.129260285914707,0.0507047695632731,-0.12015457711705,3,0.2,0.95,"2024-03-05 07:45:00",914.75,38.1145833333333,0.315919760905677,1935.66755072161,13544.2424170444,FALSE,0,0,0,0.407286914038105,0.302360399759474,0.864686045884875,0.163643457019053,1.72889465743604,88.5886433509131,7.55926554338918,3.85209110569772,1.83171967730278,1.77398398949701,-1.28375677225393,1.19656038374718,1.08240873938127,0.041721454313702
"Pipi",92,"Event_86.csv","2024-04-20 16:15:00","2024-04-21 22:00:00",46,"2024-04-21 03:45:00",0.301914050829284,11.5,18.25,0.38655462184874,0.0143020558802299,1.43627942858715,0.686163084253148,0.0820297438138735,2,21680.8101017761,1.64348564988758,2256.48477182801,1.7104989731843,29.75,119,907.627118644068,-0.147665801228751,0.180830727505149,-0.124888905829286,4,0.15,0.95,"2024-04-13 11:45:00",172.5,7.1875,0.26947419053606,4482.83186574825,17957.9294496454,FALSE,1,1,0,0.407286914038105,0.302360399759474,0.864686045884875,0.163643457019053,1.72889465743604,88.5886433509131,7.55926554338918,3.85209110569772,1.83171967730278,1.77398398949701,-1.28375677225393,1.19656038374718,1.08240873938127,0.041721454313702
"Pipi",93,"Event_87.csv","2024-05-06 23:15:00","2024-05-08 02:30:00",43,"2024-05-07 10:00:00",0.200049983795545,10.75,16.5,0.394495412844037,0.00882667182022957,1.23804763659954,0.845800539467519,0.0649006086689233,2,15467.7949708671,1.17251610759419,476.737768145033,0.361384873087194,27.25,108,916.822429906542,-0.0897256611169604,0.878545116107441,-0.075520446055332,3,0.15,0.95,"2024-04-21 22:00:00",361.25,15.0520833333333,0.301914050829284,2256.48477182801,21680.8101017761,FALSE,2,0,0,0.407286914038105,0.302360399759474,0.864686045884875,0.163643457019053,1.72889465743604,88.5886433509131,7.55926554338918,3.85209110569772,1.83171967730278,1.77398398949701,-1.28375677225393,1.19656038374718,1.08240873938127,0.041721454313702
"Pipi",94,"Event_88.csv","2024-05-15 07:00:00","2024-05-16 10:45:00",35,"2024-05-15 15:30:00",1.08528694638421,8.5,19.25,0.306306306306306,0.0417731327190275,2.70561116473404,0.359190179779873,0.079593794185224,1,40777.0033832532,3.09104777871302,32333.762885832,24.5101889921443,27.75,111,908.181818181818,0.103356349188228,0.999251048364648,0.107058210297843,2,0.1,0.95,"2024-05-08 02:30:00",172.5,7.1875,0.200049983795545,476.737768145033,15467.7949708671,FALSE,2,1,0,0.407286914038105,0.302360399759474,0.864686045884875,0.163643457019053,1.72889465743604,88.5886433509131,7.55926554338918,3.85209110569772,1.83171967730278,1.77398398949701,-1.28375677225393,1.19656038374718,1.08240873938127,0.041721454313702
"Pipi",95,"Event_89.csv","2024-05-21 01:30:00","2024-05-21 22:45:00",15,"2024-05-21 05:00:00",1.72391761006435,3.5,17.75,0.164705882352941,0.0563684924997953,1.74928885555373,0.242304715087268,0.192778864559222,1,48657.2186682263,3.68839726326097,14933.6918919523,11.3202911741086,21.25,86,900,-0.310411268322974,0.61890840900007,-0.299127967719937,3,0.1,0.95,"2024-05-16 10:45:00",110.75,4.61458333333333,1.08528694638421,32333.762885832,40777.0033832532,FALSE,3,2,1,0.407286914038105,0.302360399759474,0.864686045884875,0.163643457019053,1.72889465743604,88.5886433509131,7.55926554338918,3.85209110569772,1.83171967730278,1.77398398949701,-1.28375677225393,1.19656038374718,1.08240873938127,0.041721454313702
"Pipi",96,"Event_90.csv","2024-06-09 18:30:00","2024-06-10 23:30:00",30,"2024-06-10 02:00:00",0.661553570862252,7.5,21.5,0.258620689655172,0.0261667362792529,2.38264824804539,0.408477751981637,0.0635446243936722,2,36177.9407987439,2.74242181293526,12035.2954231723,9.1231993764481,29,116,907.826086956522,0.236340572415896,0.249776178672334,0.201423658809867,2,0.15,0.999,"2024-05-21 22:45:00",451.75,18.8229166666667,1.72391761006435,14933.6918919523,48657.2186682263,FALSE,2,0,0,0.407286914038105,0.302360399759474,0.864686045884875,0.163643457019053,1.72889465743604,88.5886433509131,7.55926554338918,3.85209110569772,1.83171967730278,1.77398398949701,-1.28375677225393,1.19656038374718,1.08240873938127,0.041721454313702
"Pipi",97,"Event_91.csv","2024-06-14 02:00:00","2024-06-15 15:15:00",75,"2024-06-14 20:30:00",1.05933583036113,18.5,18.75,0.496644295302013,0.0332233633728507,2.8536462479833,0.461155160402034,0.284181261722214,2,49451.6846735537,3.74862072691153,17658.8844330996,13.386087984067,37.25,149,906.081081081081,-0.128955692697029,0.338281229754398,-0.115413967392998,3,0.1,0.95,"2024-06-10 23:30:00",74.5,3.10416666666667,0.661553570862252,12035.2954231723,36177.9407987439,FALSE,3,1,1,0.407286914038105,0.302360399759474,0.864686045884875,0.163643457019053,1.72889465743604,88.5886433509131,7.55926554338918,3.85209110569772,1.83171967730278,1.77398398949701,-1.28375677225393,1.19656038374718,1.08240873938127,0.041721454313702
"Pipi",98,"Event_92.csv","2024-06-16 21:30:00","2024-06-17 21:45:00",26,"2024-06-17 04:00:00",0.414749005539787,6.5,17.75,0.268041237113402,0.0182290174985437,1.46692304538281,0.701617842935752,0.10693921151459,1,22600.3482434893,1.71319004438832,1529.83426041017,1.15967099102285,24.25,97,909.375,0.037787647258257,0.860589081111026,0.0249234677438783,2,0.1,0.95,"2024-06-15 15:15:00",30.25,1.26041666666667,1.05933583036113,17658.8844330996,49451.6846735537,FALSE,3,2,2,0.407286914038105,0.302360399759474,0.864686045884875,0.163643457019053,1.72889465743604,88.5886433509131,7.55926554338918,3.85209110569772,1.83171967730278,1.77398398949701,-1.28375677225393,1.19656038374718,1.08240873938127,0.041721454313702
"Pipi",99,"Event_93.csv","2024-06-18 04:15:00","2024-06-19 09:00:00",25,"2024-06-18 10:15:00",0.256821261491918,6,22.75,0.208695652173913,0.0061960827735866,1.14171832405586,0.864709196786436,0.0322730231199783,1,21522.5324826076,1.63148762054362,707.190427579869,0.536076518363195,28.75,115,907.894736842105,0.00520925518106856,0.663153001985865,-0.00226220910161503,3,0.15,0.95,"2024-06-17 21:45:00",6.5,0.270833333333333,0.414749005539787,1529.83426041017,22600.3482434893,FALSE,4,3,2,0.407286914038105,0.302360399759474,0.864686045884875,0.163643457019053,1.72889465743604,88.5886433509131,7.55926554338918,3.85209110569772,1.83171967730278,1.77398398949701,-1.28375677225393,1.19656038374718,1.08240873938127,0.041721454313702
"Pipi",100,"Event_94.csv","2024-06-23 01:15:00","2024-06-24 06:15:00",49,"2024-06-23 13:15:00",0.670058343303923,12,17,0.413793103448276,0.0269459394861373,2.31123086534528,0.53119224250423,0.100803539258653,2,32753.0874836136,2.48280525571421,6564.55446468828,4.97617524897596,29,116,907.826086956522,0.0292408647304379,0.320181822796181,0.0339697297536823,2,0.1,0.95,"2024-06-19 09:00:00",88.25,3.67708333333333,0.256821261491918,707.190427579869,21522.5324826076,FALSE,4,4,2,0.407286914038105,0.302360399759474,0.864686045884875,0.163643457019053,1.72889465743604,88.5886433509131,7.55926554338918,3.85209110569772,1.83171967730278,1.77398398949701,-1.28375677225393,1.19656038374718,1.08240873938127,0.041721454313702
"Pipi",101,"Event_95.csv","2024-07-01 17:30:00","2024-07-02 15:00:00",37,"2024-07-02 02:45:00",0.478786384599487,9.25,12.25,0.430232558139535,0.0287218718537482,1.8991669172271,0.603762010949539,0.20039646672912,1,19586.6358905677,1.48473949380166,9898.10455139528,7.50312959476197,21.5,86,910.588235294118,0.00104308121888393,0.10615702053383,0.00258489306903754,2,0.15,0.999,"2024-06-24 06:15:00",179.25,7.46875,0.670058343303923,6564.55446468828,32753.0874836136,FALSE,5,3,0,0.407286914038105,0.302360399759474,0.864686045884875,0.163643457019053,1.72889465743604,88.5886433509131,7.55926554338918,3.85209110569772,1.83171967730278,1.77398398949701,-1.28375677225393,1.19656038374718,1.08240873938127,0.041721454313702
"Pipi",102,"Event_96.csv","2024-07-15 15:30:00","2024-07-16 17:00:00",41,"2024-07-16 01:45:00",3.04484830626206,10.25,15.25,0.401960784313726,0.0677514100052665,3.44069406686736,0.208192999997763,0.356622699479526,1,76754.7419332789,5.81829352021464,45349.2473417067,34.3764079337569,25.5,102,908.910891089109,-0.153535479424195,0.0940569645318645,-0.169221874130337,4,0.1,0.95,"2024-07-02 15:00:00",312.5,13.0208333333333,0.478786384599487,9898.10455139528,19586.6358905677,FALSE,4,1,0,0.407286914038105,0.302360399759474,0.864686045884875,0.163643457019053,1.72889465743604,88.5886433509131,7.55926554338918,3.85209110569772,1.83171967730278,1.77398398949701,-1.28375677225393,1.19656038374718,1.08240873938127,0.041721454313702
"Pipi",103,"Event_97.csv","2024-07-19 10:00:00","2024-07-21 07:00:00",85,"2024-07-20 07:15:00",0.535484694042209,21.25,23.75,0.472222222222222,0.0154834134064551,1.84760945811536,0.623780412621798,0.0970138430803267,1,48407.2834993068,3.66945125240652,2838.06943577593,2.1513616738427,45,179,910.112359550562,0.103910249236075,0.70010925728034,0.0683241264822292,2,0.15,0.95,"2024-07-16 17:00:00",65,2.70833333333333,3.04484830626206,45349.2473417067,76754.7419332789,FALSE,3,1,1,0.407286914038105,0.302360399759474,0.864686045884875,0.163643457019053,1.72889465743604,88.5886433509131,7.55926554338918,3.85209110569772,1.83171967730278,1.77398398949701,-1.28375677225393,1.19656038374718,1.08240873938127,0.041721454313702
"Pipi",104,"Event_99.csv","2024-07-29 17:15:00","2024-07-31 09:45:00",51,"2024-07-30 06:00:00",0.307730018364083,12.75,27.75,0.314814814814815,0.0100536986892639,1.50792468544878,0.772787984939403,0.0445715607185765,1,30228.3047535096,2.29141738014446,27865.6972288383,21.123229853831,40.5,161,911.25,-0.356940303181984,0.567382144838087,-0.315492378480072,3,0.15,0.95,"2024-07-21 07:00:00",202.25,8.42708333333333,0.535484694042209,2838.06943577593,48407.2834993068,FALSE,3,2,0,0.407286914038105,0.302360399759474,0.864686045884875,0.163643457019053,1.72889465743604,88.5886433509131,7.55926554338918,3.85209110569772,1.83171967730278,1.77398398949701,-1.28375677225393,1.19656038374718,1.08240873938127,0.041721454313702
"Tuangi",1,"Event_2.csv","2021-12-14 15:15:00","2021-12-15 20:15:00",69,"2021-12-15 08:30:00",25.0684544173333,17.25,11.75,0.594827586206897,0.0398335967023803,2.82907768791372,0.191827061132798,0.346390946759577,1,965233.306433846,10.2014484715038,486304.807674233,51.3970394915424,29,116,907.826086956522,-0.356132781968362,0.653282270979729,-0.289413780009883,4,0.2,0.95,NA,NA,NA,NA,NA,NA,NA,0,0,0,0.44841559439062,0.515617650263148,0.935226785730899,0.18420779719531,1.02375000660901,47.7060482068409,24.9396845038883,27.2664359338384,-0.891591705969023,-0.749418037728405,0.782012001845402,1.70040430567929,1.01535024375668,0.0594558541278241
"Tuangi",2,"Event_3.csv","2021-12-28 08:30:00","2021-12-29 01:00:00",30,"2021-12-28 15:45:00",1.736852316,7.25,9.25,0.439393939393939,0.0100450459962926,1.23742706872419,0.826846962096544,0.0431440979195598,3,86043.2502813,0.909381989011943,2243.16090108371,0.237077297200227,16.5,66,913.846153846154,0.338792868141947,0.503002270577966,0.235408488527604,2,0.3,0.95,"2021-12-15 20:15:00",300.25,12.5104166666667,25.0684544173333,486304.807674233,965233.306433846,FALSE,1,1,0,0.44841559439062,0.515617650263148,0.935226785730899,0.18420779719531,1.02375000660901,47.7060482068409,24.9396845038883,27.2664359338384,-0.891591705969023,-0.749418037728405,0.782012001845402,1.70040430567929,1.01535024375668,0.0594558541278241
"Tuangi",3,"Event_4.csv","2022-01-06 15:00:00","2022-01-06 22:15:00",15,"2022-01-06 18:30:00",1.486025386,3.5,3.75,0.482758620689655,0.0192286679154899,1.20796674306189,0.845888189002127,0.0689049378740662,2,32990.8718034,0.348677026050633,530.170191800119,0.0560331254291097,7.25,30,900,-0.00173566845760893,0.0480441198840942,-0.00784234851326329,3,0.3,0.9,"2021-12-29 01:00:00",206,8.58333333333333,1.736852316,2243.16090108371,86043.2502813,FALSE,2,1,0,0.44841559439062,0.515617650263148,0.935226785730899,0.18420779719531,1.02375000660901,47.7060482068409,24.9396845038883,27.2664359338384,-0.891591705969023,-0.749418037728405,0.782012001845402,1.70040430567929,1.01535024375668,0.0594558541278241
"Tuangi",4,"Event_5.csv","2022-01-25 17:30:00","2022-01-26 21:00:00",50,"2022-01-26 06:00:00",1.55081466166667,12.5,15,0.454545454545455,0.0101599659213494,1.28888969897757,0.772417095762729,0.0200572311701843,6,124505.6935047,1.31588747324696,4141.65150830144,0.437726756497486,27.5,110,908.256880733945,-0.185127053383143,0.547104848533655,-0.118546167006536,4,0.3,0.95,"2022-01-06 22:15:00",451.25,18.8020833333333,1.486025386,530.170191800119,32990.8718034,FALSE,2,0,0,0.44841559439062,0.515617650263148,0.935226785730899,0.18420779719531,1.02375000660901,47.7060482068409,24.9396845038883,27.2664359338384,-0.891591705969023,-0.749418037728405,0.782012001845402,1.70040430567929,1.01535024375668,0.0594558541278241
"Tuangi",5,"Event_6.csv","2022-02-06 17:45:00","2022-02-08 12:45:00",76,"2022-02-07 12:45:00",8.81150630333333,19,24,0.441860465116279,0.0270672469995588,2.66817961710964,0.377642169627368,0.155579537563641,1,503349.911548563,5.31985184470071,57527.9051466002,6.08006329780355,43,171,910.588235294118,-0.126256824284537,0.740605937955212,-0.11918100456956,3,0.1,0.95,"2022-01-26 21:00:00",260.75,10.8645833333333,1.55081466166667,4141.65150830144,124505.6935047,FALSE,1,1,0,0.44841559439062,0.515617650263148,0.935226785730899,0.18420779719531,1.02375000660901,47.7060482068409,24.9396845038883,27.2664359338384,-0.891591705969023,-0.749418037728405,0.782012001845402,1.70040430567929,1.01535024375668,0.0594558541278241
"Tuangi",6,"Event_7.csv","2022-02-14 03:00:00","2022-02-15 06:45:00",7,"2022-02-14 21:15:00",5.55168847526667,18.25,9.5,0.657657657657658,0.0642910862385693,1.33125341747089,0.432507399047891,0.241047790701934,1,189075.72472692,1.99832128684021,2432.90909553686,0.257131582680972,27.75,44,2323.25581395349,0.304307224334064,-0.158904365007037,0.244290115546253,1,0.15,0.95,"2022-02-08 12:45:00",134.25,5.59375,8.81150630333333,57527.9051466002,503349.911548563,FALSE,2,1,1,0.44841559439062,0.515617650263148,0.935226785730899,0.18420779719531,1.02375000660901,47.7060482068409,24.9396845038883,27.2664359338384,-0.891591705969023,-0.749418037728405,0.782012001845402,1.70040430567929,1.01535024375668,0.0594558541278241
"Tuangi",7,"Event_8.csv","2022-02-21 04:00:00","2022-02-22 02:30:00",34,"2022-02-21 12:15:00",16.2427152006667,8.25,14.25,0.366666666666667,0.0680469569504407,4.44278754129909,0.212276547196771,-0.0197521515399835,2,478894.115018284,5.06138112423317,64146.6737556515,6.77959393417899,22.5,90,910.112359550562,-0.0305939078091962,0.812458230926417,-0.0693087309324781,3,0.1,0.95,"2022-02-15 06:45:00",141.25,5.88541666666667,5.55168847526667,2432.90909553686,189075.72472692,FALSE,3,2,1,0.44841559439062,0.515617650263148,0.935226785730899,0.18420779719531,1.02375000660901,47.7060482068409,24.9396845038883,27.2664359338384,-0.891591705969023,-0.749418037728405,0.782012001845402,1.70040430567929,1.01535024375668,0.0594558541278241
"Tuangi",8,"Event_11.csv","2022-03-21 01:15:00","2022-03-22 12:15:00",65,"2022-03-21 17:15:00",10.0635335637333,16,19,0.457142857142857,0.0328330600675016,2.98915911820291,0.324486636714919,0.18394843451376,1,502862.17392066,5.31469699742647,28691.191998008,3.03234166084757,35,140,906.474820143885,-0.00899168068119293,0.0301550485652518,-0.00839490973714893,3,0.1,0.95,"2022-02-22 02:30:00",646.75,26.9479166666667,16.2427152006667,64146.6737556515,478894.115018284,FALSE,1,0,0,0.44841559439062,0.515617650263148,0.935226785730899,0.18420779719531,1.02375000660901,47.7060482068409,24.9396845038883,27.2664359338384,-0.891591705969023,-0.749418037728405,0.782012001845402,1.70040430567929,1.01535024375668,0.0594558541278241
"Tuangi",9,"Event_12.csv","2022-03-23 00:15:00","2022-03-24 23:45:00",58,"2022-03-23 14:30:00",10.0560266719333,14.25,33.25,0.3,0.0246264672993922,3.03063050738722,0.505895073538487,0.0481315693392981,1,626188.36072302,6.61811838940012,13442.1233487618,1.42068376397649,47.5,190,904.761904761905,-0.0281985131298837,0.48745853452854,-0.0326255914200758,3,0.1,0.95,"2022-03-22 12:15:00",12,0.5,10.0635335637333,28691.191998008,502862.17392066,FALSE,2,1,1,0.44841559439062,0.515617650263148,0.935226785730899,0.18420779719531,1.02375000660901,47.7060482068409,24.9396845038883,27.2664359338384,-0.891591705969023,-0.749418037728405,0.782012001845402,1.70040430567929,1.01535024375668,0.0594558541278241
"Tuangi",10,"Event_13.csv","2022-04-12 20:45:00","2022-04-14 12:30:00",73,"2022-04-13 15:00:00",1.51471107233333,18.25,21.5,0.459119496855346,0.00700765158340894,1.2280460793164,0.870963555410455,0.0160993346451769,14,182589.7062648,1.92977124543001,1883.77549815469,0.199094235022893,39.75,158,911.464968152866,0.06889657037708,0.054486078011909,0.0471337382610936,1,0.3,0.95,"2022-03-24 23:45:00",453,18.875,10.0560266719333,13442.1233487618,626188.36072302,FALSE,2,0,0,0.44841559439062,0.515617650263148,0.935226785730899,0.18420779719531,1.02375000660901,47.7060482068409,24.9396845038883,27.2664359338384,-0.891591705969023,-0.749418037728405,0.782012001845402,1.70040430567929,1.01535024375668,0.0594558541278241
"Tuangi",11,"Event_14.csv","2022-04-19 15:45:00","2022-04-20 18:15:00",47,"2022-04-20 03:30:00",2.105111257,11.75,14.75,0.443396226415094,0.00772598118328104,1.25619220116533,0.77501609999291,0.0225003929422805,5,166967.3180601,1.76465988094458,2072.22922888632,0.219011710005437,26.5,106,908.571428571429,-0.276944289524035,0.163714626147165,-0.170481428943692,4,0.35,0.95,"2022-04-14 12:30:00",123.25,5.13541666666667,1.51471107233333,1883.77549815469,182589.7062648,FALSE,3,1,1,0.44841559439062,0.515617650263148,0.935226785730899,0.18420779719531,1.02375000660901,47.7060482068409,24.9396845038883,27.2664359338384,-0.891591705969023,-0.749418037728405,0.782012001845402,1.70040430567929,1.01535024375668,0.0594558541278241
"Tuangi",12,"Event_15.csv","2022-04-22 01:00:00","2022-04-23 13:00:00",55,"2022-04-22 14:30:00",16.542129818,13.5,22.5,0.375,0.0416498799440771,3.21576603879692,0.368875397564914,0.307049088946523,1,628099.21483824,6.63831400393501,15317.2685003934,1.61886586682617,36,144,906.293706293706,0.0929115916741641,0.194990241063199,0.0906249163601227,2,0.1,0.95,"2022-04-20 18:15:00",30.75,1.28125,2.105111257,2072.22922888632,166967.3180601,FALSE,3,2,1,0.44841559439062,0.515617650263148,0.935226785730899,0.18420779719531,1.02375000660901,47.7060482068409,24.9396845038883,27.2664359338384,-0.891591705969023,-0.749418037728405,0.782012001845402,1.70040430567929,1.01535024375668,0.0594558541278241
"Tuangi",13,"Event_16.csv","2022-05-01 15:00:00","2022-05-02 23:45:00",46,"2022-05-02 02:30:00",1.96539327833333,11.5,21.25,0.351145038167939,0.00748614390643041,1.20820148072293,0.879961938199446,0.0419568454059198,7,190371.1749639,2.01201276303758,3406.32238302137,0.360010600919976,32.75,131,906.923076923077,-0.00877483482077617,-0.185949692625205,-0.00561366496881698,3,0.1,0.95,"2022-04-23 13:00:00",194,8.08333333333333,16.542129818,15317.2685003934,628099.21483824,FALSE,3,2,0,0.44841559439062,0.515617650263148,0.935226785730899,0.18420779719531,1.02375000660901,47.7060482068409,24.9396845038883,27.2664359338384,-0.891591705969023,-0.749418037728405,0.782012001845402,1.70040430567929,1.01535024375668,0.0594558541278241
"Tuangi",14,"Event_17.csv","2022-05-19 07:30:00","2022-05-20 09:30:00",44,"2022-05-19 18:15:00",6.4201652682,10.75,15.25,0.413461538461538,0.0349917324753286,2.91065445342796,0.459194764996798,0.0877088165504039,2,263724.56176047,2.78727693039231,5826.04610318553,0.61574863525833,26,104,908.73786407767,-0.413728300453267,0.296920941166127,-0.356470477111722,4,0.15,0.999,"2022-05-02 23:45:00",391.75,16.3229166666667,1.96539327833333,3406.32238302137,190371.1749639,FALSE,3,0,0,0.44841559439062,0.515617650263148,0.935226785730899,0.18420779719531,1.02375000660901,47.7060482068409,24.9396845038883,27.2664359338384,-0.891591705969023,-0.749418037728405,0.782012001845402,1.70040430567929,1.01535024375668,0.0594558541278241
"Tuangi",15,"Event_18.csv","2022-05-30 05:30:00","2022-05-31 19:15:00",59,"2022-05-30 20:00:00",29.2128497966667,14.5,23.25,0.384105960264901,0.0476650447402369,3.57896514254401,0.227858595972947,0.234331917742812,1,1043742.01117804,11.0311986476259,1931416.56528616,204.129368893944,37.75,151,906,-0.536684371560953,0.247621556191239,-0.500032589284597,4,0.1,0.999,"2022-05-20 09:30:00",236,9.83333333333333,6.4201652682,5826.04610318553,263724.56176047,FALSE,2,1,0,0.44841559439062,0.515617650263148,0.935226785730899,0.18420779719531,1.02375000660901,47.7060482068409,24.9396845038883,27.2664359338384,-0.891591705969023,-0.749418037728405,0.782012001845402,1.70040430567929,1.01535024375668,0.0594558541278241
"Tuangi",16,"Event_19a.csv","2022-05-31 23:00:00","2022-06-02 08:00:00",34,"2022-06-01 07:30:00",4.08494597713333,8.5,24.5,0.257575757575758,0.0104594738921963,1.27074626266357,0.811965283037341,0.0817666125107901,2,325296.393750797,3.43802309420433,76246.1893249573,8.05837890551888,33,131,913.846153846154,-0.307147067339893,0.450018855847623,-0.255230112714627,3,0.15,0.95,"2022-05-31 19:15:00",3.75,0.15625,29.2128497966667,1931416.56528616,1043742.01117804,FALSE,3,2,1,0.44841559439062,0.515617650263148,0.935226785730899,0.18420779719531,1.02375000660901,47.7060482068409,24.9396845038883,27.2664359338384,-0.891591705969023,-0.749418037728405,0.782012001845402,1.70040430567929,1.01535024375668,0.0594558541278241
"Tuangi",17,"Event_19.csv","2022-06-02 08:00:00","2022-06-02 20:00:00",16,"2022-06-02 11:45:00",13.0027704946667,3.75,8.25,0.3125,0.0858911464411599,2.59070794965897,0.434604316188074,0.369351493446916,1,215558.705579955,2.27821710347153,23432.9805726648,2.47660687061231,12,49,900,0.21852181671673,-0.153048893935795,0.180772445278975,1,0.1,0.9,"2022-06-02 08:00:00",0,0,4.08494597713333,76246.1893249573,325296.393750797,FALSE,2,2,1,0.44841559439062,0.515617650263148,0.935226785730899,0.18420779719531,1.02375000660901,47.7060482068409,24.9396845038883,27.2664359338384,-0.891591705969023,-0.749418037728405,0.782012001845402,1.70040430567929,1.01535024375668,0.0594558541278241
"Tuangi",18,"Event_20a.csv","2022-06-06 11:15:00","2022-06-07 16:00:00",29,"2022-06-06 18:15:00",20.4792130826667,7,21.75,0.243478260869565,0.0338016513834162,1.83264454168196,0.25565146373182,0.0673165263415123,2,1042504.65870301,11.0181212005145,564863.568391145,59.6998316154454,28.75,115,907.894736842105,-0.15532770999144,0.679945103581471,-0.145433407898269,3,0.15,0.95,"2022-06-02 20:00:00",87.25,3.63541666666667,13.0027704946667,23432.9805726648,215558.705579955,FALSE,4,3,3,0.44841559439062,0.515617650263148,0.935226785730899,0.18420779719531,1.02375000660901,47.7060482068409,24.9396845038883,27.2664359338384,-0.891591705969023,-0.749418037728405,0.782012001845402,1.70040430567929,1.01535024375668,0.0594558541278241
"Tuangi",19,"Event_20.csv","2022-06-07 14:15:00","2022-06-08 20:00:00",65,"2022-06-08 06:30:00",17.7345302706667,16.25,13.5,0.546218487394958,0.0430058677992164,2.33938757146892,0.465675214972207,0.330421506922133,1,740385.667721594,7.82505761866748,731036.623518489,77.2624856176894,29.75,119,907.627118644068,0.0588968983561709,0.2891520485316,0.0540558981722281,2,0.1,0.95,"2022-06-07 16:00:00",-1.75,-0.0729166666666667,20.4792130826667,564863.568391145,1042504.65870301,TRUE,4,3,3,0.44841559439062,0.515617650263148,0.935226785730899,0.18420779719531,1.02375000660901,47.7060482068409,24.9396845038883,27.2664359338384,-0.891591705969023,-0.749418037728405,0.782012001845402,1.70040430567929,1.01535024375668,0.0594558541278241
"Tuangi",20,"Event_22.csv","2022-07-13 11:45:00","2022-07-14 12:15:00",36,"2022-07-13 20:30:00",4.13523731126667,8.75,15.75,0.357142857142857,0.00942027964272278,1.29169758409427,0.892448952211529,0.0961716508440385,1,269734.00085718,2.85079005502145,49428.4685807641,5.22404243503556,24.5,98,909.278350515464,0.156736439173511,-0.20827652137246,0.102721032088785,1,0.25,0.9,"2022-06-08 20:00:00",831.75,34.65625,17.7345302706667,731036.623518489,740385.667721594,FALSE,0,0,0,0.44841559439062,0.515617650263148,0.935226785730899,0.18420779719531,1.02375000660901,47.7060482068409,24.9396845038883,27.2664359338384,-0.891591705969023,-0.749418037728405,0.782012001845402,1.70040430567929,1.01535024375668,0.0594558541278241
"Tuangi",21,"Event_23.csv","2022-07-18 21:45:00","2022-07-20 13:00:00",58,"2022-07-19 12:15:00",3.42622356986667,14.5,24.75,0.369426751592357,0.00686355987335505,1.35491214698783,0.83001277756402,0.0533939540118196,3,380757.48522738,4.02418548945161,41366.8792858112,4.37202161019754,39.25,156,911.612903225806,-0.179694623223831,0.985045085839566,-0.0919210059679684,4,0.4,0.95,"2022-07-14 12:15:00",105.5,4.39583333333333,4.13523731126667,49428.4685807641,269734.00085718,FALSE,1,1,1,0.44841559439062,0.515617650263148,0.935226785730899,0.18420779719531,1.02375000660901,47.7060482068409,24.9396845038883,27.2664359338384,-0.891591705969023,-0.749418037728405,0.782012001845402,1.70040430567929,1.01535024375668,0.0594558541278241
"Tuangi",22,"Event_24.csv","2022-07-20 05:15:00","2022-07-21 05:00:00",51,"2022-07-20 17:45:00",3.884834248,12.5,11.25,0.526315789473684,0.00893572428860813,1.29854091770078,0.794771937598704,0.0739764969624924,2,260176.45584942,2.74977737522596,25066.1507349976,2.64921489341033,23.75,95,909.574468085106,-0.102430373152987,0.731643896468567,-0.09075523114278,3,0.2,0.95,"2022-07-20 13:00:00",-7.75,-0.322916666666667,3.42622356986667,41366.8792858112,380757.48522738,TRUE,1,1,1,0.44841559439062,0.515617650263148,0.935226785730899,0.18420779719531,1.02375000660901,47.7060482068409,24.9396845038883,27.2664359338384,-0.891591705969023,-0.749418037728405,0.782012001845402,1.70040430567929,1.01535024375668,0.0594558541278241
"Tuangi",23,"Event_25.csv","2022-07-25 08:00:00","2022-07-27 01:45:00",89,"2022-07-26 06:15:00",19.5794852826667,22.25,19.5,0.532934131736527,0.024626423262677,2.30704906738623,0.311833685708451,0.0663751284045481,1,1245772.97949887,13.1664425303588,1328545.58870868,140.41257460674,41.75,166,910.909090909091,-0.464354626637133,0.74860621459235,-0.409814698775297,4,0.1,0.95,"2022-07-21 05:00:00",99,4.125,3.884834248,25066.1507349976,260176.45584942,FALSE,3,3,2,0.44841559439062,0.515617650263148,0.935226785730899,0.18420779719531,1.02375000660901,47.7060482068409,24.9396845038883,27.2664359338384,-0.891591705969023,-0.749418037728405,0.782012001845402,1.70040430567929,1.01535024375668,0.0594558541278241
"Tuangi",24,"Event_26.csv","2022-07-28 05:45:00","2022-07-29 04:45:00",39,"2022-07-28 15:15:00",3.95811193726667,9.5,13.5,0.41304347826087,0.00941690317956318,1.25911124691574,0.856522100881794,0.0598447205926988,2,257320.63026366,2.71959445741476,193721.055329445,20.4741729343144,23,92,909.89010989011,0.214087607685937,0.0625628052821431,0.159411498111757,1,0.1,0.95,"2022-07-27 01:45:00",28,1.16666666666667,19.5794852826667,1328545.58870868,1245772.97949887,FALSE,4,4,1,0.44841559439062,0.515617650263148,0.935226785730899,0.18420779719531,1.02375000660901,47.7060482068409,24.9396845038883,27.2664359338384,-0.891591705969023,-0.749418037728405,0.782012001845402,1.70040430567929,1.01535024375668,0.0594558541278241
"Tuangi",25,"Event_27.csv","2022-08-07 19:15:00","2022-08-08 23:15:00",42,"2022-08-08 05:45:00",3.019823149,10.5,17.5,0.375,0.0080487627453025,1.3051382742842,0.852784640590622,0.042863192170904,2,240163.7167362,2.5382648574996,12305.2209629427,1.30052575628286,28,112,908.108108108108,0.235408492939291,0.68505533257555,0.17515749619889,1,0.2,0.95,"2022-07-29 04:45:00",230.5,9.60416666666667,3.95811193726667,193721.055329445,257320.63026366,FALSE,5,2,0,0.44841559439062,0.515617650263148,0.935226785730899,0.18420779719531,1.02375000660901,47.7060482068409,24.9396845038883,27.2664359338384,-0.891591705969023,-0.749418037728405,0.782012001845402,1.70040430567929,1.01535024375668,0.0594558541278241
"Tuangi",26,"Event_28.csv","2022-08-09 03:00:00","2022-08-10 11:15:00",49,"2022-08-09 15:00:00",2.77711106833333,12,20.25,0.372093023255814,0.00509379826633311,1.17035445744519,0.870591949398734,0.00509011623761997,10,284352.9674964,3.00529636337464,15055.1421406473,1.59116200979856,32.25,129,907.03125,0.050003034147821,0.638229152139726,0.037457320880645,2,0.2,0.999,"2022-08-08 23:15:00",3.75,0.15625,3.019823149,12305.2209629427,240163.7167362,FALSE,6,3,1,0.44841559439062,0.515617650263148,0.935226785730899,0.18420779719531,1.02375000660901,47.7060482068409,24.9396845038883,27.2664359338384,-0.891591705969023,-0.749418037728405,0.782012001845402,1.70040430567929,1.01535024375668,0.0594558541278241
"Tuangi",27,"Event_29.csv","2022-08-17 22:15:00","2022-08-19 05:45:00",55,"2022-08-18 12:00:00",6.71915759966667,13.75,17.75,0.436507936507937,0.0180609560570432,2.03345987565692,0.55262360156569,0.0857639025234093,1,431064.64565116,4.55587653387584,148859.267159223,15.7327781097938,31.5,125,914.516129032258,0.0774942320065531,0.842085947352296,0.0428081150129243,2,0.2,0.95,"2022-08-10 11:15:00",179,7.45833333333333,2.77711106833333,15055.1421406473,284352.9674964,FALSE,6,2,0,0.44841559439062,0.515617650263148,0.935226785730899,0.18420779719531,1.02375000660901,47.7060482068409,24.9396845038883,27.2664359338384,-0.891591705969023,-0.749418037728405,0.782012001845402,1.70040430567929,1.01535024375668,0.0594558541278241
"Tuangi",28,"Event_30.csv","2022-08-19 23:45:00","2022-08-21 00:45:00",45,"2022-08-20 11:00:00",2.82231665846667,11.25,13.75,0.45,0.00394219603017571,1.09958603444377,0.910248402173621,0.0224227062287806,7,228427.63518972,2.41422745601776,20079.6499267248,2.12219691019704,25,99,918.367346938776,-0.071686321760655,0.150031160041013,-0.0586594103377702,3,0.25,0.95,"2022-08-19 05:45:00",18,0.75,6.71915759966667,148859.267159223,431064.64565116,FALSE,6,3,1,0.44841559439062,0.515617650263148,0.935226785730899,0.18420779719531,1.02375000660901,47.7060482068409,24.9396845038883,27.2664359338384,-0.891591705969023,-0.749418037728405,0.782012001845402,1.70040430567929,1.01535024375668,0.0594558541278241
"Tuangi",29,"Event_31a.csv","2022-08-22 19:00:00","2022-08-23 15:15:00",20,"2022-08-22 23:45:00",2.958484883,4.75,15.5,0.234567901234568,0.00963057685110973,1.23439998620755,0.916515496461286,0.0606550938498675,1,171127.4176128,1.80862753201952,13980.2194889861,1.47755457449064,20.25,81,911.25,0.156736430080175,-0.0719798724083076,0.1118541099055,2,0.1,0.8,"2022-08-21 00:45:00",42.25,1.76041666666667,2.82231665846667,20079.6499267248,228427.63518972,FALSE,6,4,2,0.44841559439062,0.515617650263148,0.935226785730899,0.18420779719531,1.02375000660901,47.7060482068409,24.9396845038883,27.2664359338384,-0.891591705969023,-0.749418037728405,0.782012001845402,1.70040430567929,1.01535024375668,0.0594558541278241
"Tuangi",30,"Event_31.csv","2022-08-25 10:00:00","2022-08-26 21:15:00",48,"2022-08-25 21:45:00",5.92035297833333,11.75,23.5,0.333333333333333,0.0180661081638904,2.03247515717962,0.716912759615536,0.125353891882086,1,381123.697060157,4.0280559434826,322045.990655629,34.0366992853344,35.25,141,906.428571428571,-0.118643628977949,0.11390805270319,-0.102411085163742,3,0.1,0.95,"2022-08-23 15:15:00",42.75,1.78125,2.958484883,13980.2194889861,171127.4176128,FALSE,7,3,3,0.44841559439062,0.515617650263148,0.935226785730899,0.18420779719531,1.02375000660901,47.7060482068409,24.9396845038883,27.2664359338384,-0.891591705969023,-0.749418037728405,0.782012001845402,1.70040430567929,1.01535024375668,0.0594558541278241
"Tuangi",31,"Event_32.csv","2022-09-05 08:45:00","2022-09-06 18:45:00",77,"2022-09-06 04:00:00",6.35942999213333,19.25,14.75,0.566176470588235,0.0226325451561637,1.7417188618966,0.54824829650619,0.105144658132404,2,448272.987466689,4.73774967391462,98833.8598096938,10.4456458492248,34,136,906.666666666667,0.0607252143032005,0.520714893609908,0.0539856995469184,2,0.15,0.95,"2022-08-26 21:15:00",227.5,9.47916666666667,5.92035297833333,322045.990655629,381123.697060157,FALSE,6,2,0,0.44841559439062,0.515617650263148,0.935226785730899,0.18420779719531,1.02375000660901,47.7060482068409,24.9396845038883,27.2664359338384,-0.891591705969023,-0.749418037728405,0.782012001845402,1.70040430567929,1.01535024375668,0.0594558541278241
"Tuangi",32,"Event_33.csv","2022-09-09 15:30:00","2022-09-12 12:15:00",41,"2022-09-10 01:45:00",10.7867702413333,10.25,58.5,0.149090909090909,0.0233250346073418,2.88255858316631,0.559964489004857,0.151693648233325,2,1226370.4691545,12.9613794557876,331242.765190448,35.008696634531,68.75,273,909.926470588235,0.207413511836774,0.95343984069401,0.155393886632788,2,0.15,0.95,"2022-09-06 18:45:00",68.75,2.86458333333333,6.35942999213333,98833.8598096938,448272.987466689,FALSE,5,2,1,0.44841559439062,0.515617650263148,0.935226785730899,0.18420779719531,1.02375000660901,47.7060482068409,24.9396845038883,27.2664359338384,-0.891591705969023,-0.749418037728405,0.782012001845402,1.70040430567929,1.01535024375668,0.0594558541278241
"Tuangi",33,"Event_34a.csv","2022-09-20 19:45:00","2022-09-22 17:30:00",35,"2022-09-21 04:30:00",4.11616772766667,8.75,37,0.191256830601093,0.00830886912302245,1.37376098705021,0.831657929542161,0.0318192118389685,1,466714.3051554,4.93265400522399,55027.8143083277,5.81583134796601,45.75,182,909.944751381215,0.0598087182297726,0.239599607797469,0.0592703593393272,2,0.1,0.95,"2022-09-12 12:15:00",199.5,8.3125,10.7867702413333,331242.765190448,1226370.4691545,FALSE,4,1,0,0.44841559439062,0.515617650263148,0.935226785730899,0.18420779719531,1.02375000660901,47.7060482068409,24.9396845038883,27.2664359338384,-0.891591705969023,-0.749418037728405,0.782012001845402,1.70040430567929,1.01535024375668,0.0594558541278241
"Tuangi",34,"Event_34.csv","2022-09-22 13:45:00","2022-09-24 05:30:00",51,"2022-09-23 02:30:00",4.95463812533333,12.75,27,0.320754716981132,0.0105314610915003,1.61484856265896,0.780344268194042,0.0447637807254139,1,450866.5411224,4.76516066750598,40435.2361313493,4.27355723302861,39.75,158,911.464968152866,0.0831091629508643,0.613168829744137,0.0660074918090792,2,0.1,0.95,"2022-09-22 17:30:00",-3.75,-0.15625,4.11616772766667,55027.8143083277,466714.3051554,TRUE,4,1,0,0.44841559439062,0.515617650263148,0.935226785730899,0.18420779719531,1.02375000660901,47.7060482068409,24.9396845038883,27.2664359338384,-0.891591705969023,-0.749418037728405,0.782012001845402,1.70040430567929,1.01535024375668,0.0594558541278241
"Tuangi",35,"Event_35.csv","2022-09-29 13:00:00","2022-09-30 02:15:00",28,"2022-09-29 19:45:00",2.672038588,6.75,6.5,0.509433962264151,0.00754459109034388,1.15829665076578,0.903710874875842,0.033470949936149,6,112703.467284,1.19115099571664,3633.65251719228,0.384036881761163,13.25,53,917.307692307692,-0.12718540640612,-0.0330999978582059,-0.10586883694915,3,0.3,0.95,"2022-09-24 05:30:00",127.5,5.3125,4.95463812533333,40435.2361313493,450866.5411224,FALSE,4,2,2,0.44841559439062,0.515617650263148,0.935226785730899,0.18420779719531,1.02375000660901,47.7060482068409,24.9396845038883,27.2664359338384,-0.891591705969023,-0.749418037728405,0.782012001845402,1.70040430567929,1.01535024375668,0.0594558541278241
"Tuangi",36,"Event_36a.csv","2022-09-30 01:15:00","2022-10-01 14:15:00",85,"2022-09-30 22:15:00",11.235128052,21,16,0.567567567567568,0.0199151734970649,2.08863144722872,0.467411723397243,0.177675407639743,1,772814.660922826,8.16779620934808,399938.498306593,42.269075829129,37,148,906.122448979592,-0.345425210712901,0.415630994856339,-0.251962998610067,4,0.3,0.95,"2022-09-30 02:15:00",-1,-0.0416666666666667,2.672038588,3633.65251719228,112703.467284,TRUE,4,2,1,0.44841559439062,0.515617650263148,0.935226785730899,0.18420779719531,1.02375000660901,47.7060482068409,24.9396845038883,27.2664359338384,-0.891591705969023,-0.749418037728405,0.782012001845402,1.70040430567929,1.01535024375668,0.0594558541278241
"Tuangi",37,"Event_36.csv","2022-10-01 13:15:00","2022-10-03 04:15:00",50,"2022-10-02 01:45:00",23.5843811793333,12.5,26.5,0.320512820512821,0.0279152065851493,1.90194096352253,0.366153906168151,0.130585967034525,4,1642240.6557276,17.3566673627439,2111714.3523606,223.184850839149,39,155,911.688311688312,-0.226623983871044,0.723235275158115,-0.196127501482498,3,0.1,0.95,"2022-10-01 14:15:00",-1,-0.0416666666666667,11.235128052,399938.498306593,772814.660922826,TRUE,5,3,1,0.44841559439062,0.515617650263148,0.935226785730899,0.18420779719531,1.02375000660901,47.7060482068409,24.9396845038883,27.2664359338384,-0.891591705969023,-0.749418037728405,0.782012001845402,1.70040430567929,1.01535024375668,0.0594558541278241
"Tuangi",38,"Event_37.csv","2022-10-03 11:15:00","2022-10-04 12:30:00",23,"2022-10-03 16:45:00",10.516140922,5.5,19.75,0.217821782178218,0.0265397001341094,1.98685746567991,0.673645617557006,0.180909144327606,1,472697.2926513,4.99588756568885,183881.083018312,19.4341966941252,25.25,101,909,0.139150183082641,0.352281890506318,0.112978367793809,2,0.1,0.95,"2022-10-03 04:15:00",7,0.291666666666667,23.5843811793333,2111714.3523606,1642240.6557276,FALSE,7,5,3,0.44841559439062,0.515617650263148,0.935226785730899,0.18420779719531,1.02375000660901,47.7060482068409,24.9396845038883,27.2664359338384,-0.891591705969023,-0.749418037728405,0.782012001845402,1.70040430567929,1.01535024375668,0.0594558541278241
"Tuangi",39,"Event_38.csv","2022-10-13 17:45:00","2022-10-14 19:30:00",35,"2022-10-14 02:30:00",3.13996242686667,8.75,17,0.339805825242718,0.00613967968514208,1.15935586243304,0.868433161688894,0.027756236762167,3,247954.6151823,2.62060603710337,22659.3468263324,2.39484234025037,25.75,103,908.823529411765,0.0208289308705707,0.509167487436686,0.0108540713657123,2,0.15,0.95,"2022-10-04 12:30:00",221.25,9.21875,10.516140922,183881.083018312,472697.2926513,FALSE,6,4,0,0.44841559439062,0.515617650263148,0.935226785730899,0.18420779719531,1.02375000660901,47.7060482068409,24.9396845038883,27.2664359338384,-0.891591705969023,-0.749418037728405,0.782012001845402,1.70040430567929,1.01535024375668,0.0594558541278241
"Tuangi",40,"Event_39.csv","2022-10-18 01:15:00","2022-10-18 17:30:00",31,"2022-10-18 08:45:00",2.93970246333333,7.5,8.75,0.461538461538462,0.0093578124863911,1.21209224262489,0.898472967936364,0.0570757424426808,3,143307.3828672,1.5146005345662,7790.59399544602,0.82337961897087,16.25,66,900,0.324455707762145,0.128886517716809,0.300051376585156,2,0.1,0.95,"2022-10-14 19:30:00",77.75,3.23958333333333,3.13996242686667,22659.3468263324,247954.6151823,FALSE,7,2,1,0.44841559439062,0.515617650263148,0.935226785730899,0.18420779719531,1.02375000660901,47.7060482068409,24.9396845038883,27.2664359338384,-0.891591705969023,-0.749418037728405,0.782012001845402,1.70040430567929,1.01535024375668,0.0594558541278241
"Tuangi",41,"Event_40.csv","2022-10-30 04:15:00","2022-10-31 18:00:00",41,"2022-10-30 14:15:00",8.79475341766667,10,27.75,0.264900662251656,0.0254310970594908,2.63128386692189,0.570938800576011,0.173522188813847,1,552680.68951278,5.84122360643616,243140.836896592,25.6972972480917,37.75,151,906,0.160857734195172,0.313000239838549,0.146437502564602,2,0.1,0.95,"2022-10-18 17:30:00",274.75,11.4479166666667,2.93970246333333,7790.59399544602,143307.3828672,FALSE,5,1,0,0.44841559439062,0.515617650263148,0.935226785730899,0.18420779719531,1.02375000660901,47.7060482068409,24.9396845038883,27.2664359338384,-0.891591705969023,-0.749418037728405,0.782012001845402,1.70040430567929,1.01535024375668,0.0594558541278241
"Tuangi",42,"Event_41.csv","2022-11-08 22:00:00","2022-11-10 03:15:00",44,"2022-11-09 09:00:00",3.77353666366667,11,18.25,0.376068376068376,0.0109880763965885,1.45173975611962,0.777795326513217,0.0603821379449637,1,280004.5139598,2.95933801901513,19174.7153496542,2.02655533425334,29.25,116,915.652173913043,-0.0404493349041926,0.881185100138998,-0.0446478072348023,3,0.2,0.95,"2022-10-31 18:00:00",196,8.16666666666667,8.79475341766667,243140.836896592,552680.68951278,FALSE,3,1,0,0.44841559439062,0.515617650263148,0.935226785730899,0.18420779719531,1.02375000660901,47.7060482068409,24.9396845038883,27.2664359338384,-0.891591705969023,-0.749418037728405,0.782012001845402,1.70040430567929,1.01535024375668,0.0594558541278241
"Tuangi",43,"Event_42.csv","2022-11-11 05:15:00","2022-11-12 22:45:00",63,"2022-11-11 20:45:00",17.877177406,15.5,26,0.373493975903614,0.0358505919002256,4.13798261337474,0.43122312514663,0.0901092227975918,1,857578.5088296,9.06365633031937,655923.410510171,69.3238497777754,41.5,166,905.454545454545,-0.316133803932396,0.0742094275332338,-0.280012692888197,4,0.1,0.95,"2022-11-10 03:15:00",26,1.08333333333333,3.77353666366667,19174.7153496542,280004.5139598,FALSE,4,2,1,0.44841559439062,0.515617650263148,0.935226785730899,0.18420779719531,1.02375000660901,47.7060482068409,24.9396845038883,27.2664359338384,-0.891591705969023,-0.749418037728405,0.782012001845402,1.70040430567929,1.01535024375668,0.0594558541278241
"Tuangi",44,"Event_43.csv","2022-11-17 21:45:00","2022-11-19 13:00:00",39,"2022-11-18 07:30:00",5.73503788193333,9.75,29.5,0.248407643312102,0.015187505998215,1.7221981371875,0.702668542349922,0.0845021413646614,1,487340.733044077,5.15065253454842,82555.203085541,8.72517188039447,39.25,156,911.612903225806,0.262285402910319,0.685689563873773,0.226066955456834,1,0.15,0.95,"2022-11-12 22:45:00",119,4.95833333333333,17.877177406,655923.410510171,857578.5088296,FALSE,3,2,1,0.44841559439062,0.515617650263148,0.935226785730899,0.18420779719531,1.02375000660901,47.7060482068409,24.9396845038883,27.2664359338384,-0.891591705969023,-0.749418037728405,0.782012001845402,1.70040430567929,1.01535024375668,0.0594558541278241
"Tuangi",45,"Event_44.csv","2022-11-22 16:30:00","2022-11-23 20:00:00",44,"2022-11-23 03:30:00",24.7821467866667,11,16.5,0.4,0.0486047138215959,2.29446260534702,0.327614427985581,0.359393328851733,2,848361.56138424,8.96624339004715,1891560.3751701,199.917010420306,27.5,110,908.256880733945,-0.460169240498682,0.628219325517595,-0.44033548122099,3,0.1,0.95,"2022-11-19 13:00:00",75.5,3.14583333333333,5.73503788193333,82555.203085541,487340.733044077,FALSE,4,3,1,0.44841559439062,0.515617650263148,0.935226785730899,0.18420779719531,1.02375000660901,47.7060482068409,24.9396845038883,27.2664359338384,-0.891591705969023,-0.749418037728405,0.782012001845402,1.70040430567929,1.01535024375668,0.0594558541278241
"Tuangi",46,"Event_45.csv","2022-11-24 04:30:00","2022-11-25 22:30:00",34,"2022-11-24 12:45:00",3.77046945966667,8.25,33.75,0.196428571428571,0.00559153022035873,1.1525299466449,0.886006663111558,0.038159546694919,4,456839.24743422,4.82828556722641,113835.834282459,12.0311886245788,42,168,905.389221556886,0.204559312722236,0.113599610060607,0.152868178658806,5,0.25,0.95,"2022-11-23 20:00:00",8.5,0.354166666666667,24.7821467866667,1891560.3751701,848361.56138424,FALSE,5,3,2,0.44841559439062,0.515617650263148,0.935226785730899,0.18420779719531,1.02375000660901,47.7060482068409,24.9396845038883,27.2664359338384,-0.891591705969023,-0.749418037728405,0.782012001845402,1.70040430567929,1.01535024375668,0.0594558541278241
"Tuangi",47,"Event_46.csv","2022-11-27 12:30:00","2022-11-28 18:15:00",33,"2022-11-27 20:30:00",3.07396955973333,8,21.75,0.26890756302521,0.00416931777607552,1.1366626734704,0.911869592176872,0.0303974880966522,8,285359.15712654,3.01593067488877,29915.7736959559,3.16176640207326,29.75,119,907.627118644068,-0.222893830163303,0.249735268500366,-0.165384660958525,4,0.2,0.95,"2022-11-25 22:30:00",38,1.58333333333333,3.77046945966667,113835.834282459,456839.24743422,FALSE,6,3,2,0.44841559439062,0.515617650263148,0.935226785730899,0.18420779719531,1.02375000660901,47.7060482068409,24.9396845038883,27.2664359338384,-0.891591705969023,-0.749418037728405,0.782012001845402,1.70040430567929,1.01535024375668,0.0594558541278241
"Tuangi",48,"Event_47.csv","2022-11-30 07:30:00","2022-12-01 06:15:00",34,"2022-11-30 15:45:00",3.2928688486,8.25,14.5,0.362637362637363,0.00685998942991967,1.25640066412747,0.857036587703175,0.0225160807329049,1,224906.43909942,2.37701230789365,22467.8258713311,2.37460069358695,22.75,91,910,-0.306801906035481,0.274541350721791,-0.241463613228016,4,0.15,0.95,"2022-11-28 18:15:00",37.25,1.55208333333333,3.07396955973333,29915.7736959559,285359.15712654,FALSE,7,4,3,0.44841559439062,0.515617650263148,0.935226785730899,0.18420779719531,1.02375000660901,47.7060482068409,24.9396845038883,27.2664359338384,-0.891591705969023,-0.749418037728405,0.782012001845402,1.70040430567929,1.01535024375668,0.0594558541278241
"Tuangi",49,"Event_48.csv","2022-12-09 03:30:00","2022-12-11 02:00:00",44,"2022-12-09 14:15:00",3.36730165966667,10.75,35.75,0.231182795698925,0.00714231118648131,1.34470010695911,0.820191643065473,0.0514385214064248,6,442442.5835559,4.67612875318229,77735.5194497422,8.21578462726282,46.5,185,909.782608695652,-0.0651291481538396,0.8666470197291,-0.0385991820117209,3,0.25,0.95,"2022-12-01 06:15:00",189.25,7.88541666666667,3.2928688486,22467.8258713311,224906.43909942,FALSE,7,3,0,0.44841559439062,0.515617650263148,0.935226785730899,0.18420779719531,1.02375000660901,47.7060482068409,24.9396845038883,27.2664359338384,-0.891591705969023,-0.749418037728405,0.782012001845402,1.70040430567929,1.01535024375668,0.0594558541278241
"Tuangi",50,"Event_49.csv","2022-12-13 00:30:00","2022-12-14 02:30:00",52,"2022-12-13 13:15:00",2.80936932233333,12.75,13.25,0.490384615384615,0.00542160831153485,1.16556947039719,0.915703335553075,0.0305760162175435,10,228253.6267221,2.41238837897369,15365.5738992648,1.62397121321441,26,104,908.73786407767,-0.0278263276214838,0.318997707237067,-0.0313530147998184,3,0.2,0.95,"2022-12-11 02:00:00",46.5,1.9375,3.36730165966667,77735.5194497422,442442.5835559,FALSE,6,2,1,0.44841559439062,0.515617650263148,0.935226785730899,0.18420779719531,1.02375000660901,47.7060482068409,24.9396845038883,27.2664359338384,-0.891591705969023,-0.749418037728405,0.782012001845402,1.70040430567929,1.01535024375668,0.0594558541278241
"Tuangi",51,"Event_50.csv","2022-12-14 09:15:00","2022-12-16 17:30:00",112,"2022-12-15 13:15:00",24.5363590706667,28,28.25,0.497777777777778,0.0240338151093684,2.42760826135508,0.339370370424973,0.0887638932696786,2,1869223.66474611,19.7556267179326,1245893.88356666,131.677203526318,56.25,224,908.071748878924,-0.459242197249456,0.796114349509617,-0.423760742020006,4,0.1,0.999,"2022-12-14 02:30:00",6.75,0.28125,2.80936932233333,15365.5738992648,228253.6267221,FALSE,7,3,2,0.44841559439062,0.515617650263148,0.935226785730899,0.18420779719531,1.02375000660901,47.7060482068409,24.9396845038883,27.2664359338384,-0.891591705969023,-0.749418037728405,0.782012001845402,1.70040430567929,1.01535024375668,0.0594558541278241
"Tuangi",52,"Event_52.csv","2022-12-20 14:30:00","2022-12-21 14:15:00",37,"2022-12-20 23:30:00",32.6097290246667,9,14.75,0.378947368421053,0.0422729888441407,2.16455880394384,0.216380560177492,0.0510588019304459,1,1265094.12249096,13.3706456420113,557681.889346399,58.9408075719783,23.75,95,909.574468085106,0.220436228637906,0.336013676168668,0.182919831864421,2,0.1,0.999,"2022-12-16 17:30:00",93,3.875,24.5363590706667,1245893.88356666,1869223.66474611,FALSE,7,3,2,0.44841559439062,0.515617650263148,0.935226785730899,0.18420779719531,1.02375000660901,47.7060482068409,24.9396845038883,27.2664359338384,-0.891591705969023,-0.749418037728405,0.782012001845402,1.70040430567929,1.01535024375668,0.0594558541278241
"Tuangi",53,"Event_52a.csv","2022-12-22 02:30:00","2022-12-23 02:15:00",26,"2022-12-22 08:45:00",9.06449070266667,6.25,17.5,0.263157894736842,0.0249096625899559,1.77785425992024,0.687139368225736,0.140838125805918,1,409681.94191044,4.3298850052595,77129.5631931415,8.15174175300131,23.75,95,909.574468085106,0.0362353250768512,0.821912624359911,0.0361739424102245,2,0.1,0.95,"2022-12-21 14:15:00",12.25,0.510416666666667,32.6097290246667,557681.889346399,1265094.12249096,FALSE,8,4,2,0.44841559439062,0.515617650263148,0.935226785730899,0.18420779719531,1.02375000660901,47.7060482068409,24.9396845038883,27.2664359338384,-0.891591705969023,-0.749418037728405,0.782012001845402,1.70040430567929,1.01535024375668,0.0594558541278241
"Tuangi",54,"Event_53.csv","2023-01-04 22:00:00","2023-01-07 17:00:00",199,"2023-01-07 00:15:00",8.34278821313333,50.25,16.75,0.75,0.0129614226693953,2.02036820850353,0.638059565156068,0.0376825910048481,1,1084570.59683282,11.4627116403349,317466.414256352,33.5526887114438,67,266,910.188679245283,-0.103407597270335,0.78592076127921,-0.0917188592061904,3,0.25,0.95,"2022-12-23 02:15:00",307.75,12.8229166666667,9.06449070266667,77129.5631931415,409681.94191044,FALSE,5,1,0,0.44841559439062,0.515617650263148,0.935226785730899,0.18420779719531,1.02375000660901,47.7060482068409,24.9396845038883,27.2664359338384,-0.891591705969023,-0.749418037728405,0.782012001845402,1.70040430567929,1.01535024375668,0.0594558541278241
"Tuangi",55,"Event_53a.csv","2023-01-07 16:00:00","2023-01-08 09:00:00",11,"2023-01-07 18:30:00",10.1599450426667,2.5,14.5,0.147058823529412,0.037800595772075,1.80393856011111,0.659568374179438,0.227354950174402,1,308678.3108673,3.26238833823272,56497.1822384949,5.97112728652683,17,68,913.432835820896,0.241162588066458,-0.121781541397168,0.221533018870071,1,0.1,0.95,"2023-01-07 17:00:00",-1,-0.0416666666666667,8.34278821313333,317466.414256352,1084570.59683282,TRUE,5,0,0,0.44841559439062,0.515617650263148,0.935226785730899,0.18420779719531,1.02375000660901,47.7060482068409,24.9396845038883,27.2664359338384,-0.891591705969023,-0.749418037728405,0.782012001845402,1.70040430567929,1.01535024375668,0.0594558541278241
"Tuangi",56,"Event_54.csv","2023-01-09 22:45:00","2023-01-12 08:15:00",92,"2023-01-10 21:45:00",3.56191339893333,23,34.5,0.4,0.00327701787657149,1.2017593885519,0.890037757897119,0.0219204696079844,10,640288.96639236,6.76714619562473,57207.4679153992,6.04619662659921,57.5,228,911.894273127753,0.0280178645173549,-0.180398357800239,0.0358612528259079,2,0.25,0.95,"2023-01-08 09:00:00",37.75,1.57291666666667,10.1599450426667,56497.1822384949,308678.3108673,FALSE,7,2,2,0.44841559439062,0.515617650263148,0.935226785730899,0.18420779719531,1.02375000660901,47.7060482068409,24.9396845038883,27.2664359338384,-0.891591705969023,-0.749418037728405,0.782012001845402,1.70040430567929,1.01535024375668,0.0594558541278241
"Tuangi",57,"Event_55.csv","2023-01-12 08:30:00","2023-01-13 22:45:00",29,"2023-01-12 15:30:00",3.33294249333333,7,31.25,0.183006535947712,0.00299417878957394,1.09418177248707,0.919410348946974,0.00751540892248288,10,406849.868733,4.29995312413335,32404.8409481255,3.42483328078397,38.25,153,905.921052631579,0.122708776684526,0.109614643102013,0.0535604904224942,2,0.35,0.95,"2023-01-12 08:15:00",0.25,0.0104166666666667,3.56191339893333,57207.4679153992,640288.96639236,FALSE,7,3,3,0.44841559439062,0.515617650263148,0.935226785730899,0.18420779719531,1.02375000660901,47.7060482068409,24.9396845038883,27.2664359338384,-0.891591705969023,-0.749418037728405,0.782012001845402,1.70040430567929,1.01535024375668,0.0594558541278241
"Tuangi",58,"Event_56.csv","2023-01-23 19:00:00","2023-01-25 01:30:00",24,"2023-01-24 01:00:00",4.28061611166667,6,24.5,0.19672131147541,0.0108162467681242,1.54001166512099,0.800302442618437,0.064514934596047,1,324019.04238282,3.42452290303441,15162.6605999981,1.60252552176495,30.5,121,915,-0.0144987681151973,0.143060746562745,-0.0358904694650694,3,0.15,0.95,"2023-01-13 22:45:00",236.25,9.84375,3.33294249333333,32404.8409481255,406849.868733,FALSE,4,2,0,0.44841559439062,0.515617650263148,0.935226785730899,0.18420779719531,1.02375000660901,47.7060482068409,24.9396845038883,27.2664359338384,-0.891591705969023,-0.749418037728405,0.782012001845402,1.70040430567929,1.01535024375668,0.0594558541278241
"Tuangi",59,"Event_57.csv","2023-02-02 10:15:00","2023-02-03 13:15:00",31,"2023-02-02 17:45:00",14.5729915686667,7.5,19.5,0.277777777777778,0.0313634905598088,2.01043470336936,0.420937946349493,0.155133962695847,1,691465.97014104,7.30803052191989,691744.463837562,73.109738922696,27,108,908.411214953271,-0.201500906248738,0.530007295734603,-0.15178853720849,3,0.1,0.95,"2023-01-25 01:30:00",200.75,8.36458333333333,4.28061611166667,15162.6605999981,324019.04238282,FALSE,5,1,0,0.44841559439062,0.515617650263148,0.935226785730899,0.18420779719531,1.02375000660901,47.7060482068409,24.9396845038883,27.2664359338384,-0.891591705969023,-0.749418037728405,0.782012001845402,1.70040430567929,1.01535024375668,0.0594558541278241
"Tuangi",60,"Event_58a.csv","2023-02-04 09:30:00","2023-02-04 21:15:00",22,"2023-02-04 14:45:00",4.6620362216,5.25,6.5,0.446808510638298,0.0081698941223976,1.13101180840469,0.889316795872456,0.0470068085620869,2,174623.36506506,1.84557582996531,56714.9944180603,5.9941476248377,11.75,48,900,-0.0219885838244132,-0.497627593859494,-0.013330142531803,7,0.2,0.95,"2023-02-03 13:15:00",20.25,0.84375,14.5729915686667,691744.463837562,691465.97014104,FALSE,6,2,1,0.44841559439062,0.515617650263148,0.935226785730899,0.18420779719531,1.02375000660901,47.7060482068409,24.9396845038883,27.2664359338384,-0.891591705969023,-0.749418037728405,0.782012001845402,1.70040430567929,1.01535024375668,0.0594558541278241
"Tuangi",61,"Event_58.csv","2023-02-06 01:30:00","2023-02-08 21:15:00",28,"2023-02-06 08:15:00",4.1123173864,6.75,61,0.0996309963099631,0.00224256217521007,1.0754852506203,0.931364928424563,0.0150418768844667,18,856847.04495906,9.05592556622913,136993.180056898,14.4786639456237,67.75,270,906.691449814126,0.231801070051823,-0.616417569075116,0.124569847889713,5,0.4,0.95,"2023-02-04 21:15:00",28.25,1.17708333333333,4.6620362216,56714.9944180603,174623.36506506,FALSE,7,3,2,0.44841559439062,0.515617650263148,0.935226785730899,0.18420779719531,1.02375000660901,47.7060482068409,24.9396845038883,27.2664359338384,-0.891591705969023,-0.749418037728405,0.782012001845402,1.70040430567929,1.01535024375668,0.0594558541278241
"Tuangi",62,"Event_59.csv","2023-02-13 02:30:00","2023-02-15 05:00:00",91,"2023-02-14 01:15:00",12.83562396,22.75,27.75,0.450495049504951,0.017286576621215,2.66613836508468,0.591411391214306,0.0474784650499317,1,998471.33258466,10.5527376456463,273593.632812741,28.9158209592097,50.5,201,909,-0.213514864164324,0.562906404422354,-0.182081965948254,4,0.1,0.95,"2023-02-08 21:15:00",101.25,4.21875,4.1123173864,136993.180056898,856847.04495906,FALSE,4,3,1,0.44841559439062,0.515617650263148,0.935226785730899,0.18420779719531,1.02375000660901,47.7060482068409,24.9396845038883,27.2664359338384,-0.891591705969023,-0.749418037728405,0.782012001845402,1.70040430567929,1.01535024375668,0.0594558541278241
"Tuangi",63,"Event_60.csv","2023-02-16 11:15:00","2023-02-17 11:00:00",42,"2023-02-16 21:30:00",12.1627959933333,10.25,13.5,0.431578947368421,0.0425477483154974,2.84586693832786,0.716301670443879,0.340676490866803,1,381402.98677188,4.03100772683256,63761.2729314144,6.73886132970789,23.75,95,909.574468085106,0.279377517956805,0.455075485439787,0.238179870399631,1,0.1,0.95,"2023-02-15 05:00:00",30.25,1.26041666666667,12.83562396,273593.632812741,998471.33258466,FALSE,5,4,1,0.44841559439062,0.515617650263148,0.935226785730899,0.18420779719531,1.02375000660901,47.7060482068409,24.9396845038883,27.2664359338384,-0.891591705969023,-0.749418037728405,0.782012001845402,1.70040430567929,1.01535024375668,0.0594558541278241
"Tuangi",64,"Event_61.csv","2023-02-23 12:15:00","2023-02-24 19:00:00",50,"2023-02-24 00:45:00",4.12874074113333,12.5,18.25,0.40650406504065,0.00497750941332982,1.17163239062506,0.859974128963276,0.0236652948428531,3,389405.68218624,4.11558736613693,39417.6105128663,4.16600546040494,30.75,123,907.377049180328,-0.11973069316458,0.668922464138753,-0.110391971620018,3,0.2,0.95,"2023-02-17 11:00:00",145.25,6.05208333333333,12.1627959933333,63761.2729314144,381402.98677188,FALSE,6,2,1,0.44841559439062,0.515617650263148,0.935226785730899,0.18420779719531,1.02375000660901,47.7060482068409,24.9396845038883,27.2664359338384,-0.891591705969023,-0.749418037728405,0.782012001845402,1.70040430567929,1.01535024375668,0.0594558541278241
"Tuangi",65,"Event_63.csv","2023-03-05 18:15:00","2023-03-06 23:30:00",42,"2023-03-06 04:45:00",4.63739731593333,10.5,18.75,0.358974358974359,0.00756296155701725,1.32462665506558,0.83515419099968,0.0316428843760287,1,381685.19326914,4.0339903373796,79429.1434468474,8.39478195175843,29.25,117,907.758620689655,-0.22834289115176,0.176602920507959,-0.195876389692277,4,0.15,0.95,"2023-02-24 19:00:00",215.25,8.96875,4.12874074113333,39417.6105128663,389405.68218624,FALSE,5,1,0,0.44841559439062,0.515617650263148,0.935226785730899,0.18420779719531,1.02375000660901,47.7060482068409,24.9396845038883,27.2664359338384,-0.891591705969023,-0.749418037728405,0.782012001845402,1.70040430567929,1.01535024375668,0.0594558541278241
"Tuangi",66,"Event_64.csv","2023-03-09 21:30:00","2023-03-11 23:30:00",98,"2023-03-10 22:00:00",3.2781981324,24.5,25.5,0.49,0.0020582690936836,1.07512940986553,0.960328043049967,0.00679173111328463,22,549881.66652306,5.81164102923969,57322.6638891593,6.05837156692301,50,199,909.090909090909,-0.248194565497574,0.321785145098985,-0.189427075400072,3,0.15,0.95,"2023-03-06 23:30:00",70,2.91666666666667,4.63739731593333,79429.1434468474,381685.19326914,FALSE,5,2,1,0.44841559439062,0.515617650263148,0.935226785730899,0.18420779719531,1.02375000660901,47.7060482068409,24.9396845038883,27.2664359338384,-0.891591705969023,-0.749418037728405,0.782012001845402,1.70040430567929,1.01535024375668,0.0594558541278241
"Tuangi",67,"Event_65a.csv","2023-03-17 05:00:00","2023-03-18 00:45:00",32,"2023-03-17 12:45:00",4.0275194968,7.75,12,0.392405063291139,0.00801101214901391,1.21443416428636,0.841077528347165,0.0422863661132463,4,241029.6044883,2.54741633334101,25104.7008387442,2.65328921300043,19.75,79,911.538461538462,0.011838849789794,0.300331677970451,0.00677399124513575,2,0.35,0.95,"2023-03-11 23:30:00",125.5,5.22916666666667,3.2781981324,57322.6638891593,549881.66652306,FALSE,5,2,1,0.44841559439062,0.515617650263148,0.935226785730899,0.18420779719531,1.02375000660901,47.7060482068409,24.9396845038883,27.2664359338384,-0.891591705969023,-0.749418037728405,0.782012001845402,1.70040430567929,1.01535024375668,0.0594558541278241
"Tuangi",68,"Event_65.csv","2023-03-17 22:00:00","2023-03-18 21:45:00",33,"2023-03-18 06:15:00",6.5890187736,8.25,15.5,0.347368421052632,0.0164206056260713,1.37196746919001,0.696922372421356,0.109617153190529,1,371478.17700462,3.92611346473519,421277.8955235,44.5244140947087,23.75,95,909.574468085106,-0.188885677806092,0.691385154849725,-0.182645634248839,4,0.1,0.95,"2023-03-18 00:45:00",-2.75,-0.114583333333333,4.0275194968,25104.7008387442,241029.6044883,TRUE,4,2,1,0.44841559439062,0.515617650263148,0.935226785730899,0.18420779719531,1.02375000660901,47.7060482068409,24.9396845038883,27.2664359338384,-0.891591705969023,-0.749418037728405,0.782012001845402,1.70040430567929,1.01535024375668,0.0594558541278241
"Tuangi",69,"Event_66.csv","2023-03-21 10:00:00","2023-03-22 22:15:00",48,"2023-03-21 21:45:00",4.8564505962,11.75,24.5,0.324137931034483,0.00674237951729277,1.29152939238925,0.835861945265447,0.0432964134543041,1,480453.52564668,5.07786236981955,69543.6265221367,7.34999214965138,36.25,145,906.25,-0.0620190212266989,0.462587960114902,-0.0751235708487709,3,0.1,0.95,"2023-03-18 21:45:00",60.25,2.51041666666667,6.5890187736,421277.8955235,371478.17700462,FALSE,5,3,2,0.44841559439062,0.515617650263148,0.935226785730899,0.18420779719531,1.02375000660901,47.7060482068409,24.9396845038883,27.2664359338384,-0.891591705969023,-0.749418037728405,0.782012001845402,1.70040430567929,1.01535024375668,0.0594558541278241
"Tuangi",70,"Event_67.csv","2023-03-31 19:00:00","2023-04-03 06:15:00",122,"2023-04-02 01:45:00",3.15872842233333,30.75,28.5,0.518987341772152,0.00228415622987397,1.09113221155151,0.96397492420232,0.0118020664943365,27,626717.12160156,6.62370680706061,51787.110780101,5.47332482820273,59.25,235,911.538461538462,-0.00118173452578134,0.29606747065394,-0.012277926857137,3,0.25,0.9,"2023-03-22 22:15:00",212.75,8.86458333333333,4.8564505962,69543.6265221367,480453.52564668,FALSE,5,3,0,0.44841559439062,0.515617650263148,0.935226785730899,0.18420779719531,1.02375000660901,47.7060482068409,24.9396845038883,27.2664359338384,-0.891591705969023,-0.749418037728405,0.782012001845402,1.70040430567929,1.01535024375668,0.0594558541278241
"Tuangi",71,"Event_68.csv","2023-04-09 15:30:00","2023-04-11 00:30:00",64,"2023-04-10 07:30:00",3.73219317546667,16,17,0.484848484848485,0.00481928768509293,1.16672853670035,0.902073723438826,0.0451178908972366,7,376037.51258028,3.97430059900559,689348.619603537,72.8565246859281,33,131,913.846153846154,-0.699644779909081,0.956020034208784,-0.584956098145229,4,0.15,0.95,"2023-04-03 06:15:00",153.25,6.38541666666667,3.15872842233333,51787.110780101,626717.12160156,FALSE,5,1,1,0.44841559439062,0.515617650263148,0.935226785730899,0.18420779719531,1.02375000660901,47.7060482068409,24.9396845038883,27.2664359338384,-0.891591705969023,-0.749418037728405,0.782012001845402,1.70040430567929,1.01535024375668,0.0594558541278241
"Tuangi",72,"Event_69.csv","2023-04-11 15:00:00","2023-04-12 17:00:00",36,"2023-04-11 23:45:00",4.34167977046667,8.75,17.25,0.336538461538462,0.00901619607643774,1.32535979336347,0.898060680432186,0.0913853706404125,1,305307.08153004,3.22675817282044,288019.230675876,30.440447101827,26,104,908.73786407767,-0.431366649723552,0.482931515703708,-0.32666084021352,3,0.1,0.85,"2023-04-11 00:30:00",14.5,0.604166666666667,3.73219317546667,689348.619603537,376037.51258028,FALSE,5,2,1,0.44841559439062,0.515617650263148,0.935226785730899,0.18420779719531,1.02375000660901,47.7060482068409,24.9396845038883,27.2664359338384,-0.891591705969023,-0.749418037728405,0.782012001845402,1.70040430567929,1.01535024375668,0.0594558541278241
"Tuangi",73,"Event_70.csv","2023-04-22 05:15:00","2023-04-23 12:45:00",45,"2023-04-22 16:15:00",6.3838448986,11,20.5,0.349206349206349,0.0132131351446478,1.61391333621255,0.737263687540796,0.0749031202341464,1,458419.812675,4.84499039366805,101628.884124743,10.7410490055033,31.5,126,907.2,0.0992976435323902,0.66347633120857,0.0885057428937636,2,0.1,0.95,"2023-04-12 17:00:00",228.25,9.51041666666667,4.34167977046667,288019.230675876,305307.08153004,FALSE,3,2,0,0.44841559439062,0.515617650263148,0.935226785730899,0.18420779719531,1.02375000660901,47.7060482068409,24.9396845038883,27.2664359338384,-0.891591705969023,-0.749418037728405,0.782012001845402,1.70040430567929,1.01535024375668,0.0594558541278241
"Tuangi",74,"Event_72.csv","2023-05-04 01:45:00","2023-05-05 17:30:00",42,"2023-05-04 12:00:00",5.72226180733333,10.25,29.5,0.257861635220126,0.00680298722839779,1.23769562590748,0.875136330072114,0.0587829971524024,2,607584.46132368,6.42149574922974,220119.072802219,23.264151411055,39.75,159,905.696202531646,0.178181831944803,-0.104631175871131,0.112713074892756,6,0.25,0.95,"2023-04-23 12:45:00",253,10.5416666666667,6.3838448986,101628.884124743,458419.812675,FALSE,3,1,0,0.44841559439062,0.515617650263148,0.935226785730899,0.18420779719531,1.02375000660901,47.7060482068409,24.9396845038883,27.2664359338384,-0.891591705969023,-0.749418037728405,0.782012001845402,1.70040430567929,1.01535024375668,0.0594558541278241
"Tuangi",75,"Event_72a.csv","2023-05-05 18:45:00","2023-05-06 15:30:00",9,"2023-05-05 20:45:00",4.06114621026667,2,18.75,0.0963855421686747,0.00406658822337936,1.09987086461604,0.951064092161605,0.0173365733647659,8,274977.88851792,2.90621214769564,58831.6841964532,6.21785832317872,20.75,83,910.975609756098,0.13207450765489,0.233259717274747,0.130556230467732,1,0.1,0.95,"2023-05-05 17:30:00",1.25,0.0520833333333333,5.72226180733333,220119.072802219,607584.46132368,FALSE,4,2,1,0.44841559439062,0.515617650263148,0.935226785730899,0.18420779719531,1.02375000660901,47.7060482068409,24.9396845038883,27.2664359338384,-0.891591705969023,-0.749418037728405,0.782012001845402,1.70040430567929,1.01535024375668,0.0594558541278241
"Tuangi",76,"Event_74.csv","2023-05-09 13:45:00","2023-05-10 20:30:00",35,"2023-05-09 22:15:00",26.3896874973333,8.5,22.25,0.276422764227642,0.0304169071942207,1.76312886727629,0.335451261956582,0.0596633250242795,1,1361584.92829584,14.3904467375921,4935478.75374998,521.625516369735,30.75,123,907.377049180328,-0.719794917196659,0.980490794909898,-0.677466860817847,4,0.1,0.999,"2023-05-06 15:30:00",70.25,2.92708333333333,4.06114621026667,58831.6841964532,274977.88851792,FALSE,5,2,2,0.44841559439062,0.515617650263148,0.935226785730899,0.18420779719531,1.02375000660901,47.7060482068409,24.9396845038883,27.2664359338384,-0.891591705969023,-0.749418037728405,0.782012001845402,1.70040430567929,1.01535024375668,0.0594558541278241
"Tuangi",77,"Event_75.csv","2023-05-18 23:45:00","2023-05-20 12:30:00",58,"2023-05-19 14:15:00",11.7422040113333,14.5,22.25,0.394557823129252,0.0225490751596556,2.20681994359081,0.63201939103876,0.0935961682817202,2,724289.6151291,7.65494014549034,1924394.7316833,203.387238745745,36.75,146,912.413793103448,-0.681263338321089,0.985397270034616,-0.610133631611201,4,0.1,0.95,"2023-05-10 20:30:00",195.25,8.13541666666667,26.3896874973333,4935478.75374998,1361584.92829584,FALSE,4,3,0,0.44841559439062,0.515617650263148,0.935226785730899,0.18420779719531,1.02375000660901,47.7060482068409,24.9396845038883,27.2664359338384,-0.891591705969023,-0.749418037728405,0.782012001845402,1.70040430567929,1.01535024375668,0.0594558541278241
"Tuangi",78,"Event_76.csv","2023-05-23 05:00:00","2023-05-24 01:00:00",23,"2023-05-23 10:30:00",12.4861086686667,5.5,14.5,0.275,0.042233920085246,2.19084350007922,0.643419589760973,0.250105299928376,1,381102.25964592,4.02782937372455,660254.155084116,69.7815615798844,20,80,911.392405063291,0.577094606798713,0.431695064383939,0.489078301256195,1,0.1,0.95,"2023-05-20 12:30:00",64.5,2.6875,11.7422040113333,1924394.7316833,724289.6151291,FALSE,5,2,1,0.44841559439062,0.515617650263148,0.935226785730899,0.18420779719531,1.02375000660901,47.7060482068409,24.9396845038883,27.2664359338384,-0.891591705969023,-0.749418037728405,0.782012001845402,1.70040430567929,1.01535024375668,0.0594558541278241
"Tuangi",79,"Event_78.csv","2023-05-29 07:30:00","2023-05-30 17:30:00",56,"2023-05-29 21:15:00",26.402068304,13.75,20.25,0.404411764705882,0.0421518455649336,2.41914350499537,0.416140092181131,0.427209539104824,1,1026247.79364006,10.8463041173881,2984183.08069759,315.3951456539,34,136,906.666666666667,-0.221287902043089,0.994200712630691,-0.204967424880815,3,0.1,0.95,"2023-05-24 01:00:00",126.5,5.27083333333333,12.4861086686667,660254.155084116,381102.25964592,FALSE,5,2,1,0.44841559439062,0.515617650263148,0.935226785730899,0.18420779719531,1.02375000660901,47.7060482068409,24.9396845038883,27.2664359338384,-0.891591705969023,-0.749418037728405,0.782012001845402,1.70040430567929,1.01535024375668,0.0594558541278241
"Tuangi",80,"Event_79.csv","2023-06-04 18:30:00","2023-06-06 19:30:00",83,"2023-06-05 15:15:00",7.0373058208,20.75,28.25,0.423469387755102,0.0135331803263144,1.51461045233316,0.769369080281957,0.0871686438222861,2,771799.92997836,8.15707162558848,225883.171899407,23.8733529329323,49,195,909.278350515464,0.0829903968445624,0.782259150773373,0.0518421592375502,2,0.1,0.95,"2023-05-30 17:30:00",121,5.04166666666667,26.402068304,2984183.08069759,1026247.79364006,FALSE,5,2,1,0.44841559439062,0.515617650263148,0.935226785730899,0.18420779719531,1.02375000660901,47.7060482068409,24.9396845038883,27.2664359338384,-0.891591705969023,-0.749418037728405,0.782012001845402,1.70040430567929,1.01535024375668,0.0594558541278241
"Tuangi",81,"Event_80a.csv","2023-06-17 16:00:00","2023-06-18 09:30:00",21,"2023-06-17 21:00:00",11.927765764,5,12.5,0.285714285714286,0.036558060773139,2.0753837672359,0.509992768184994,0.0817367259790107,1,404116.92728058,4.27106895569794,196186.252860223,20.7347170474805,17.5,70,913.04347826087,-0.265868300549616,0.389979378441069,-0.231680150685656,4,0.1,0.95,"2023-06-06 19:30:00",260.5,10.8541666666667,7.0373058208,225883.171899407,771799.92997836,FALSE,4,1,0,0.44841559439062,0.515617650263148,0.935226785730899,0.18420779719531,1.02375000660901,47.7060482068409,24.9396845038883,27.2664359338384,-0.891591705969023,-0.749418037728405,0.782012001845402,1.70040430567929,1.01535024375668,0.0594558541278241
"Tuangi",82,"Event_80.csv","2023-06-18 10:00:00","2023-06-19 15:30:00",16,"2023-06-18 13:45:00",18.197251298,3.75,25.75,0.127118644067797,0.0456960966522605,1.82688801240873,0.487169815622997,0.238818549395916,1,876225.21051108,9.26073134327133,909205.82117233,96.0929992039858,29.5,118,907.692307692308,-0.148166839274665,0.427154716309712,-0.143145553307598,3,0.1,0.999,"2023-06-18 09:30:00",0.5,0.0208333333333333,11.927765764,196186.252860223,404116.92728058,FALSE,5,2,1,0.44841559439062,0.515617650263148,0.935226785730899,0.18420779719531,1.02375000660901,47.7060482068409,24.9396845038883,27.2664359338384,-0.891591705969023,-0.749418037728405,0.782012001845402,1.70040430567929,1.01535024375668,0.0594558541278241
"Tuangi",83,"Event_81.csv","2023-06-21 14:30:00","2023-06-23 23:30:00",74,"2023-06-22 09:00:00",32.6101904846667,18.5,38.5,0.324561403508772,0.0331186498573039,3.00606578826507,0.429622065160059,0.0430557912595042,1,2230858.40682366,23.5777059626281,6329294.00140271,668.936372024508,57,227,907.964601769911,-0.209974858294637,0.98977237261546,-0.195320273496329,3,0.1,0.95,"2023-06-19 15:30:00",47,1.95833333333333,18.197251298,909205.82117233,876225.21051108,FALSE,5,2,2,0.44841559439062,0.515617650263148,0.935226785730899,0.18420779719531,1.02375000660901,47.7060482068409,24.9396845038883,27.2664359338384,-0.891591705969023,-0.749418037728405,0.782012001845402,1.70040430567929,1.01535024375668,0.0594558541278241
"Tuangi",84,"Event_83.csv","2023-06-30 16:45:00","2023-07-01 19:00:00",38,"2023-07-01 02:15:00",4.23083478306667,9.5,16.75,0.361904761904762,0.00410939086782746,1.14289334780138,0.931304866202307,0.0250408837426778,8,351888.8894337,3.71907636146061,74546.6999426383,7.87876167467912,26.25,105,908.653846153846,-0.0102541786593057,0.0100210827640293,-0.033561209454949,3,0.1,0.95,"2023-06-23 23:30:00",161.25,6.71875,32.6101904846667,6329294.00140271,2230858.40682366,FALSE,4,3,1,0.44841559439062,0.515617650263148,0.935226785730899,0.18420779719531,1.02375000660901,47.7060482068409,24.9396845038883,27.2664359338384,-0.891591705969023,-0.749418037728405,0.782012001845402,1.70040430567929,1.01535024375668,0.0594558541278241
"Tuangi",85,"Event_84.csv","2023-07-07 20:00:00","2023-07-09 05:30:00",50,"2023-07-08 08:30:00",13.6550604693333,12.5,21,0.373134328358209,0.0304601337574341,2.68185517064835,0.556922006243494,0.158581068891774,1,739697.33349618,7.81778268722352,495592.627176112,52.3786592867721,33.5,133,913.636363636364,-0.205560578584621,0.562776662612305,-0.177817724375666,4,0.1,0.95,"2023-07-01 19:00:00",145,6.04166666666667,4.23083478306667,74546.6999426383,351888.8894337,FALSE,4,2,1,0.44841559439062,0.515617650263148,0.935226785730899,0.18420779719531,1.02375000660901,47.7060482068409,24.9396845038883,27.2664359338384,-0.891591705969023,-0.749418037728405,0.782012001845402,1.70040430567929,1.01535024375668,0.0594558541278241
"Tuangi",86,"Event_85.csv","2023-07-25 23:00:00","2023-07-26 18:45:00",25,"2023-07-26 05:15:00",3.44998561606667,6.25,13.5,0.316455696202532,0.00371208690564587,1.07850544048037,0.959649323666154,0.0236427926821062,8,226273.04256714,2.3914557950423,18424.3082808555,1.94724560681257,19.75,79,911.538461538462,0.168202868023949,0.481850177349413,0.164459684016923,2,0.1,0.95,"2023-07-09 05:30:00",401.5,16.7291666666667,13.6550604693333,495592.627176112,739697.33349618,FALSE,2,0,0,0.44841559439062,0.515617650263148,0.935226785730899,0.18420779719531,1.02375000660901,47.7060482068409,24.9396845038883,27.2664359338384,-0.891591705969023,-0.749418037728405,0.782012001845402,1.70040430567929,1.01535024375668,0.0594558541278241
"Tuangi",87,"Event_86.csv","2023-08-01 23:15:00","2023-08-03 07:30:00",55,"2023-08-02 13:00:00",3.4355424826,13.75,18.5,0.426356589147287,0.00314553663018285,1.07837865332187,0.955706811453246,0.0204982804135607,13,368579.0250837,3.89547263548159,32152.2671761374,3.39813902662784,32.25,128,914.173228346457,-0.0170511247734658,0.130495383210255,-0.015286775627898,3,0.1,0.9,"2023-07-26 18:45:00",148.5,6.1875,3.44998561606667,18424.3082808555,226273.04256714,FALSE,2,1,1,0.44841559439062,0.515617650263148,0.935226785730899,0.18420779719531,1.02375000660901,47.7060482068409,24.9396845038883,27.2664359338384,-0.891591705969023,-0.749418037728405,0.782012001845402,1.70040430567929,1.01535024375668,0.0594558541278241
"Tuangi",88,"Event_87.csv","2023-08-10 08:30:00","2023-08-11 11:45:00",27,"2023-08-10 15:00:00",3.45480672466667,6.5,20.75,0.238532110091743,0.00439212817156453,1.09748594447486,0.945591088868638,0.0152025931687539,13,311768.8346391,3.29505175628701,18497.8228702605,1.95501528581888,27.25,109,908.333333333333,-0.0530487842420731,0.0417289249493192,-0.0229456327132916,3,0.1,0.95,"2023-08-03 07:30:00",169,7.04166666666667,3.4355424826,32152.2671761374,368579.0250837,FALSE,2,1,0,0.44841559439062,0.515617650263148,0.935226785730899,0.18420779719531,1.02375000660901,47.7060482068409,24.9396845038883,27.2664359338384,-0.891591705969023,-0.749418037728405,0.782012001845402,1.70040430567929,1.01535024375668,0.0594558541278241
"Tuangi",89,"Event_88.csv","2023-08-19 18:15:00","2023-08-21 01:45:00",50,"2023-08-20 06:45:00",7.88600741713333,12.5,19,0.396825396825397,0.0164720535829838,1.90989182362268,0.679705950074417,0.0685786774800908,1,510574.85715606,5.39621152876155,164323.255708618,17.3671506630309,31.5,125,914.516129032258,-0.40871848599813,0.524805215295128,-0.360151450248451,4,0.1,0.95,"2023-08-11 11:45:00",198.5,8.27083333333333,3.45480672466667,18497.8228702605,311768.8346391,FALSE,3,1,0,0.44841559439062,0.515617650263148,0.935226785730899,0.18420779719531,1.02375000660901,47.7060482068409,24.9396845038883,27.2664359338384,-0.891591705969023,-0.749418037728405,0.782012001845402,1.70040430567929,1.01535024375668,0.0594558541278241
"Tuangi",90,"Event_89.csv","2023-08-30 20:00:00","2023-08-31 18:30:00",39,"2023-08-31 05:45:00",3.62585476053333,9.75,12.75,0.433333333333333,0.00534519728794138,1.14555891883597,0.923768730814538,0.0442529405502148,8,256117.96501962,2.70688361596972,19906.3407778198,2.10388005000987,22.5,90,910.112359550562,-0.107115236543928,0.491241643954161,-0.0775742658885133,3,0.15,0.95,"2023-08-21 01:45:00",234.25,9.76041666666667,7.88600741713333,164323.255708618,510574.85715606,FALSE,3,1,0,0.44841559439062,0.515617650263148,0.935226785730899,0.18420779719531,1.02375000660901,47.7060482068409,24.9396845038883,27.2664359338384,-0.891591705969023,-0.749418037728405,0.782012001845402,1.70040430567929,1.01535024375668,0.0594558541278241
"Tuangi",91,"Event_90a.csv","2023-09-23 22:15:00","2023-09-24 16:45:00",21,"2023-09-24 03:30:00",6.12298556026667,5.25,13.25,0.283783783783784,0.0190676717672869,1.61252902195856,0.70052041183528,0.0646767284634221,2,285878.33076642,3.02141776604041,68342.300589832,7.22302528563831,18.5,74,912.328767123288,-0.336996987977481,0.309515474990138,-0.292758221716139,4,0.15,0.95,"2023-08-31 18:30:00",555.75,23.15625,3.62585476053333,19906.3407778198,256117.96501962,FALSE,1,0,0,0.44841559439062,0.515617650263148,0.935226785730899,0.18420779719531,1.02375000660901,47.7060482068409,24.9396845038883,27.2664359338384,-0.891591705969023,-0.749418037728405,0.782012001845402,1.70040430567929,1.01535024375668,0.0594558541278241
"Tuangi",92,"Event_90.csv","2023-09-24 22:15:00","2023-09-25 20:45:00",45,"2023-09-25 09:30:00",10.23875121,11.25,11.25,0.5,0.0268755891726534,1.49078556294797,0.553438736740327,0.124608650051196,2,520774.45478142,5.50400999459528,144567.794871747,15.2792169540011,22.5,90,910.112359550562,-0.355122236700289,0.266348107541205,-0.275469611587879,3,0.1,0.95,"2023-09-24 16:45:00",5.5,0.229166666666667,6.12298556026667,68342.300589832,285878.33076642,FALSE,2,1,1,0.44841559439062,0.515617650263148,0.935226785730899,0.18420779719531,1.02375000660901,47.7060482068409,24.9396845038883,27.2664359338384,-0.891591705969023,-0.749418037728405,0.782012001845402,1.70040430567929,1.01535024375668,0.0594558541278241
"Tuangi",93,"Event_91.csv","2023-09-29 18:15:00","2023-10-01 09:45:00",81,"2023-09-30 14:30:00",3.44420172873333,20.25,19.25,0.512658227848101,0.00238813086392607,1.05969715047483,0.957720883781766,0.0211705438717321,16,455492.40555216,4.81405093818127,88039.532298244,9.30480481982192,39.5,157,911.538461538462,0.345493339450692,-0.176059093271722,0.300660653361422,2,0.2,0.95,"2023-09-25 20:45:00",93.5,3.89583333333333,10.23875121,144567.794871747,520774.45478142,FALSE,3,2,2,0.44841559439062,0.515617650263148,0.935226785730899,0.18420779719531,1.02375000660901,47.7060482068409,24.9396845038883,27.2664359338384,-0.891591705969023,-0.749418037728405,0.782012001845402,1.70040430567929,1.01535024375668,0.0594558541278241
"Tuangi",94,"Event_93.csv","2023-10-23 17:45:00","2023-10-25 02:00:00",31,"2023-10-24 01:30:00",4.63504415033333,7.75,24.5,0.24031007751938,0.0118733004190997,1.55439685336991,0.837959677335559,0.0550046529529876,2,378767.21517018,4.00315053624644,23684.7618480842,2.50321736664637,32.25,128,914.173228346457,0.00428380318717324,-0.48489558788882,0.0243160404929399,2,0.2,0.95,"2023-10-01 09:45:00",536,22.3333333333333,3.44420172873333,88039.532298244,455492.40555216,FALSE,3,0,0,0.44841559439062,0.515617650263148,0.935226785730899,0.18420779719531,1.02375000660901,47.7060482068409,24.9396845038883,27.2664359338384,-0.891591705969023,-0.749418037728405,0.782012001845402,1.70040430567929,1.01535024375668,0.0594558541278241
"Tuangi",95,"Event_94.csv","2023-10-30 00:15:00","2023-11-02 01:30:00",129,"2023-10-31 08:30:00",4.23649432946667,32.25,41,0.440273037542662,0.00623389940334519,1.26036454640192,0.837712419392775,0.00709307616871282,13,894871.74696678,9.45780460996955,72996.0393693743,7.71487400286441,73.25,291,909.310344827586,-0.157720968593529,0.712382741791646,-0.110134663749925,3,0.2,0.95,"2023-10-25 02:00:00",118.25,4.92708333333333,4.63504415033333,23684.7618480842,378767.21517018,FALSE,2,1,1,0.44841559439062,0.515617650263148,0.935226785730899,0.18420779719531,1.02375000660901,47.7060482068409,24.9396845038883,27.2664359338384,-0.891591705969023,-0.749418037728405,0.782012001845402,1.70040430567929,1.01535024375668,0.0594558541278241
"Tuangi",96,"Event_95.csv","2023-11-03 07:15:00","2023-11-04 09:45:00",44,"2023-11-03 18:00:00",5.25654182773333,10.75,15.75,0.405660377358491,0.0125079099143475,1.33030243767587,0.742243461815218,0.0667364919995281,2,364800.34277982,3.85553614286756,80291.4758636344,8.48592095055305,26.5,106,908.571428571429,0.101314546580819,0.708278379368192,0.0852067307912275,2,0.15,0.95,"2023-11-02 01:30:00",29.75,1.23958333333333,4.23649432946667,72996.0393693743,894871.74696678,FALSE,2,2,1,0.44841559439062,0.515617650263148,0.935226785730899,0.18420779719531,1.02375000660901,47.7060482068409,24.9396845038883,27.2664359338384,-0.891591705969023,-0.749418037728405,0.782012001845402,1.70040430567929,1.01535024375668,0.0594558541278241
"Tuangi",97,"Event_96.csv","2023-11-06 17:00:00","2023-11-07 18:45:00",27,"2023-11-06 23:30:00",6.1371670766,6.5,19.25,0.252427184466019,0.016113221763703,1.54365883050887,0.695258070193931,0.056259771324027,1,372944.24266236,3.94160815722414,106296.408797137,11.2343547391276,25.75,103,908.823529411765,0.425952645424752,0.36229208850626,0.354095832897642,1,0.15,0.95,"2023-11-04 09:45:00",55.25,2.30208333333333,5.25654182773333,80291.4758636344,364800.34277982,FALSE,3,3,2,0.44841559439062,0.515617650263148,0.935226785730899,0.18420779719531,1.02375000660901,47.7060482068409,24.9396845038883,27.2664359338384,-0.891591705969023,-0.749418037728405,0.782012001845402,1.70040430567929,1.01535024375668,0.0594558541278241
"Tuangi",98,"Event_97.csv","2023-11-18 21:45:00","2023-11-20 14:45:00",89,"2023-11-19 20:00:00",6.2368399064,22.25,18.75,0.542682926829268,0.0119759050640465,1.40103250638306,0.682429630492945,0.00854054336030595,3,648775.59419946,6.85684046507636,101720.759273575,10.7507591925677,41,163,911.111111111111,-0.273313364319159,0.259101296825585,-0.259701291741419,4,0.1,0.95,"2023-11-07 18:45:00",267,11.125,6.1371670766,106296.408797137,372944.24266236,FALSE,4,1,0,0.44841559439062,0.515617650263148,0.935226785730899,0.18420779719531,1.02375000660901,47.7060482068409,24.9396845038883,27.2664359338384,-0.891591705969023,-0.749418037728405,0.782012001845402,1.70040430567929,1.01535024375668,0.0594558541278241
"Tuangi",99,"Event_97a.csv","2023-11-20 13:45:00","2023-11-21 03:45:00",13,"2023-11-20 16:45:00",4.4736044262,3,11,0.214285714285714,0.0131777737105398,1.24000634075075,0.836172382766722,0.0438968728131386,2,182952.99568764,1.93361081282024,13787.4277351073,1.4571786184413,14,56,916.363636363636,0.151937257005942,-0.112679604367349,0.127600764862135,6,0.1,0.95,"2023-11-20 14:45:00",-1,-0.0416666666666667,6.2368399064,101720.759273575,648775.59419946,TRUE,4,1,0,0.44841559439062,0.515617650263148,0.935226785730899,0.18420779719531,1.02375000660901,47.7060482068409,24.9396845038883,27.2664359338384,-0.891591705969023,-0.749418037728405,0.782012001845402,1.70040430567929,1.01535024375668,0.0594558541278241
"Tuangi",100,"Event_98.csv","2023-12-23 07:15:00","2023-12-24 04:00:00",30,"2023-12-23 14:30:00",2.95782397566667,7.25,13.5,0.349397590361446,0.00766628648568472,1.16982547953184,0.897252987971737,0.00509839345553517,10,196275.1947144,2.07441172177429,6741.60801785057,0.712513403244162,20.75,83,910.975609756098,0.0638091194084426,0.643967446238825,0.0481648704582911,2,0.25,0.9,"2023-11-21 03:45:00",771.5,32.1458333333333,4.4736044262,13787.4277351073,182952.99568764,FALSE,0,0,0,0.44841559439062,0.515617650263148,0.935226785730899,0.18420779719531,1.02375000660901,47.7060482068409,24.9396845038883,27.2664359338384,-0.891591705969023,-0.749418037728405,0.782012001845402,1.70040430567929,1.01535024375668,0.0594558541278241
"Tuangi",101,"Event_99.csv","2023-12-26 11:15:00","2023-12-27 07:45:00",20,"2023-12-26 16:00:00",3.5759805212,4.75,15.75,0.231707317073171,0.00963902568082731,1.23292924007156,0.857103728356641,0.0124824254777241,4,219096.35192682,2.31560611261304,11141.2611009097,1.17750807261736,20.5,82,911.111111111111,-0.30012018372111,0.164867134655766,-0.269345655138795,3,0.1,0.95,"2023-12-24 04:00:00",55.25,2.30208333333333,2.95782397566667,6741.60801785057,196275.1947144,FALSE,1,1,1,0.44841559439062,0.515617650263148,0.935226785730899,0.18420779719531,1.02375000660901,47.7060482068409,24.9396845038883,27.2664359338384,-0.891591705969023,-0.749418037728405,0.782012001845402,1.70040430567929,1.01535024375668,0.0594558541278241
"Tuangi",102,"Event_100a.csv","2023-12-29 05:45:00","2023-12-29 22:45:00",34,"2023-12-29 14:00:00",3.99601390493333,8.25,8.75,0.485294117647059,0.00985589909169435,1.20782515639943,0.764420485760341,0.0433507132693534,1,205564.15042494,2.17258570976612,11570.8291412234,1.22290866332485,17,69,900,-0.0822934406745326,0.688354486892532,-0.0500735405729976,3,0.35,0.95,"2023-12-27 07:45:00",46,1.91666666666667,3.5759805212,11141.2611009097,219096.35192682,FALSE,2,2,2,0.44841559439062,0.515617650263148,0.935226785730899,0.18420779719531,1.02375000660901,47.7060482068409,24.9396845038883,27.2664359338384,-0.891591705969023,-0.749418037728405,0.782012001845402,1.70040430567929,1.01535024375668,0.0594558541278241
"Tuangi",103,"Event_100.csv","2023-12-29 21:45:00","2023-12-30 22:45:00",33,"2023-12-30 06:00:00",5.8520796586,8.25,16.75,0.33,0.0149908340765983,1.45575584150855,0.697536881726203,0.0471210157971161,1,355374.68529738,3.75591736834308,21356.8992827013,2.25718804035598,25,100,909.090909090909,-0.106569817761394,0.583788688212548,-0.103813925560556,3,0.1,0.95,"2023-12-29 22:45:00",-1,-0.0416666666666667,3.99601390493333,11570.8291412234,205564.15042494,TRUE,2,2,2,0.44841559439062,0.515617650263148,0.935226785730899,0.18420779719531,1.02375000660901,47.7060482068409,24.9396845038883,27.2664359338384,-0.891591705969023,-0.749418037728405,0.782012001845402,1.70040430567929,1.01535024375668,0.0594558541278241
"Tuangi",104,"Event_101.csv","2023-12-31 11:45:00","2024-01-01 21:00:00",51,"2024-01-01 00:30:00",4.70931457186667,12.75,20.5,0.383458646616541,0.00973546695778989,1.35011001283964,0.792088993220997,0.0582717930442064,2,405993.03196056,4.29089730713629,23322.4023568036,2.4649199762246,33.25,133,906.818181818182,-0.025384441364775,0.853471851385249,-0.0740883780205281,3,0.1,0.95,"2023-12-30 22:45:00",13,0.541666666666667,5.8520796586,21356.8992827013,355374.68529738,FALSE,4,4,3,0.44841559439062,0.515617650263148,0.935226785730899,0.18420779719531,1.02375000660901,47.7060482068409,24.9396845038883,27.2664359338384,-0.891591705969023,-0.749418037728405,0.782012001845402,1.70040430567929,1.01535024375668,0.0594558541278241
"Tuangi",105,"Event_102.csv","2024-01-15 13:30:00","2024-01-16 08:45:00",37,"2024-01-15 22:30:00",4.75489869266667,9,10.25,0.467532467532468,0.0191396754265889,1.58487495940111,0.737815887232728,0.111746912191478,1,219011.6626059,2.31471104015989,73538.3949644558,7.77219499064609,19.25,77,911.842105263158,0.141577179985731,0.155173937398905,0.128734175869738,1,0.15,0.95,"2024-01-01 21:00:00",328.5,13.6875,4.70931457186667,23322.4023568036,405993.03196056,FALSE,5,1,0,0.44841559439062,0.515617650263148,0.935226785730899,0.18420779719531,1.02375000660901,47.7060482068409,24.9396845038883,27.2664359338384,-0.891591705969023,-0.749418037728405,0.782012001845402,1.70040430567929,1.01535024375668,0.0594558541278241
"Tuangi",106,"Event_103.csv","2024-01-19 15:15:00","2024-01-20 19:15:00",65,"2024-01-20 07:30:00",2.65387706033333,16.25,11.75,0.580357142857143,0.00412991538833371,1.07324164499804,0.909564936386278,0.0217424827139484,11,248408.6235657,2.62540440356878,12094.0011409454,1.27820215725345,28,112,908.108108108108,0.199156008534333,0.285968828048327,0.166084426700943,2,0.1,0.999,"2024-01-16 08:45:00",78.5,3.27083333333333,4.75489869266667,73538.3949644558,219011.6626059,FALSE,6,1,1,0.44841559439062,0.515617650263148,0.935226785730899,0.18420779719531,1.02375000660901,47.7060482068409,24.9396845038883,27.2664359338384,-0.891591705969023,-0.749418037728405,0.782012001845402,1.70040430567929,1.01535024375668,0.0594558541278241
"Tuangi",107,"Event_104.csv","2024-01-21 21:00:00","2024-01-22 20:45:00",28,"2024-01-22 04:00:00",2.595260542,7,16.75,0.294736842105263,0.00508961692954091,1.1021781421891,0.923099576460587,0.0126833569173019,8,204177.8039688,2.15793356106622,6908.99508586285,0.73020436498099,23.75,95,909.574468085106,0.109372886088728,0.134119802895331,0.121510065708208,2,0.1,0.999,"2024-01-20 19:15:00",25.75,1.07291666666667,2.65387706033333,12094.0011409454,248408.6235657,FALSE,7,2,2,0.44841559439062,0.515617650263148,0.935226785730899,0.18420779719531,1.02375000660901,47.7060482068409,24.9396845038883,27.2664359338384,-0.891591705969023,-0.749418037728405,0.782012001845402,1.70040430567929,1.01535024375668,0.0594558541278241
"Tuangi",108,"Event_105.csv","2024-01-28 13:00:00","2024-01-29 17:45:00",50,"2024-01-29 01:30:00",6.0294323156,12.5,16.25,0.434782608695652,0.0200815208349049,1.93867627253541,0.68024900139756,0.177417018627386,1,336775.94193702,3.55934922180198,87701.3320325203,9.2690607923331,28.75,115,907.894736842105,0.133932235004517,0.622320746130663,0.119668489265635,2,0.1,0.95,"2024-01-22 20:45:00",136.25,5.67708333333333,2.595260542,6908.99508586285,204177.8039688,FALSE,6,3,1,0.44841559439062,0.515617650263148,0.935226785730899,0.18420779719531,1.02375000660901,47.7060482068409,24.9396845038883,27.2664359338384,-0.891591705969023,-0.749418037728405,0.782012001845402,1.70040430567929,1.01535024375668,0.0594558541278241
"Tuangi",109,"Event_106.csv","2024-02-26 03:45:00","2024-02-28 01:00:00",54,"2024-02-26 17:00:00",4.90976413233333,13.25,32,0.292817679558011,0.0133319144433896,1.55245022528202,0.727179756223819,0.10865435866606,2,504290.259879,5.32979028649946,53751.6439219566,5.68095425296062,45.25,180,910.055865921788,-0.0853652318863844,0.97516650846304,-0.0592145435392978,3,0.1,0.9,"2024-01-29 17:45:00",658,27.4166666666667,6.0294323156,87701.3320325203,336775.94193702,FALSE,1,0,0,0.44841559439062,0.515617650263148,0.935226785730899,0.18420779719531,1.02375000660901,47.7060482068409,24.9396845038883,27.2664359338384,-0.891591705969023,-0.749418037728405,0.782012001845402,1.70040430567929,1.01535024375668,0.0594558541278241
"Tuangi",110,"Event_107.csv","2024-03-04 13:45:00","2024-03-05 11:30:00",42,"2024-03-05 00:15:00",4.23800445733333,10.5,11.25,0.482758620689655,0.0169566794884257,1.33885651298499,0.714492063467825,0.102792069896571,2,240734.5239744,2.54429765867715,42229.3276742126,4.46317286590912,21.75,87,910.46511627907,-0.374877274691477,0.866965650501278,-0.299410449702023,4,0.15,0.95,"2024-02-28 01:00:00",132.75,5.53125,4.90976413233333,53751.6439219566,504290.259879,FALSE,1,1,1,0.44841559439062,0.515617650263148,0.935226785730899,0.18420779719531,1.02375000660901,47.7060482068409,24.9396845038883,27.2664359338384,-0.891591705969023,-0.749418037728405,0.782012001845402,1.70040430567929,1.01535024375668,0.0594558541278241
"Tuangi",111,"Event_108.csv","2024-03-23 11:00:00","2024-03-24 19:00:00",49,"2024-03-23 23:00:00",2.65569161633333,12,20,0.375,0.00546181802961826,1.13748611031251,0.881123976260779,0.0141522216776434,11,276447.1591914,2.92174071365611,10940.7185831223,1.1563129465487,32,128,907.086614173228,0.0384559472100073,0.284802044463317,0.0287531772507637,2,0.2,0.95,"2024-03-05 11:30:00",431.5,17.9791666666667,4.23800445733333,42229.3276742126,240734.5239744,FALSE,2,0,0,0.44841559439062,0.515617650263148,0.935226785730899,0.18420779719531,1.02375000660901,47.7060482068409,24.9396845038883,27.2664359338384,-0.891591705969023,-0.749418037728405,0.782012001845402,1.70040430567929,1.01535024375668,0.0594558541278241
"Tuangi",112,"Event_109.csv","2024-04-12 07:30:00","2024-04-13 09:15:00",55,"2024-04-12 21:00:00",3.721279389,13.5,12.25,0.524271844660194,0.0104074092977412,1.36995988095144,0.745965216224918,0.0190773491617295,3,265305.3690801,2.80398431533965,25087.9625297572,2.65152015887132,25.75,103,908.823529411765,0.0711757034044582,0.714003816299813,0.0286294458885575,2,0.3,0.95,"2024-03-24 19:00:00",444.5,18.5208333333333,2.65569161633333,10940.7185831223,276447.1591914,FALSE,1,0,0,0.44841559439062,0.515617650263148,0.935226785730899,0.18420779719531,1.02375000660901,47.7060482068409,24.9396845038883,27.2664359338384,-0.891591705969023,-0.749418037728405,0.782012001845402,1.70040430567929,1.01535024375668,0.0594558541278241
"Tuangi",113,"Event_110.csv","2024-04-20 13:00:00","2024-04-21 18:15:00",59,"2024-04-21 03:45:00",4.08378417533333,14.75,14.5,0.504273504273504,0.0111973757150919,1.41516083134114,0.745198609821798,0.0660679575953847,2,310023.9503922,3.27661025969252,21997.9382331421,2.3249387673311,29.25,117,907.758620689655,-0.202591194433427,0.7372381036768,-0.161263346311087,3,0.2,0.95,"2024-04-13 09:15:00",171.75,7.15625,3.721279389,25087.9625297572,265305.3690801,FALSE,2,1,0,0.44841559439062,0.515617650263148,0.935226785730899,0.18420779719531,1.02375000660901,47.7060482068409,24.9396845038883,27.2664359338384,-0.891591705969023,-0.749418037728405,0.782012001845402,1.70040430567929,1.01535024375668,0.0594558541278241
"Tuangi",114,"Event_111.csv","2024-05-06 22:30:00","2024-05-08 06:30:00",45,"2024-05-07 09:45:00",2.95053497366667,11.25,20.75,0.3515625,0.00648675141105382,1.19870720269984,0.890666471520822,0.0499325395834605,4,277805.4099648,2.93609592206413,11577.1576234608,1.22357751390241,32,127,914.285714285714,0.235491514514812,0.619083663273089,0.188513817156332,1,0.15,0.95,"2024-04-21 18:15:00",364.25,15.1770833333333,4.08378417533333,21997.9382331421,310023.9503922,FALSE,2,0,0,0.44841559439062,0.515617650263148,0.935226785730899,0.18420779719531,1.02375000660901,47.7060482068409,24.9396845038883,27.2664359338384,-0.891591705969023,-0.749418037728405,0.782012001845402,1.70040430567929,1.01535024375668,0.0594558541278241
"Tuangi",115,"Event_112.csv","2024-05-15 03:15:00","2024-05-16 08:45:00",50,"2024-05-15 15:30:00",11.150371808,12.25,17.25,0.415254237288136,0.0314238632864423,2.68104874972854,0.471301322662759,0.0694521293850536,1,508528.322772823,5.37458192386024,656372.70800755,69.3713355538809,29.5,118,907.692307692308,-0.0884193073720217,0.317401030126729,-0.07391213723595,3,0.1,0.95,"2024-05-08 06:30:00",164.75,6.86458333333333,2.95053497366667,11577.1576234608,277805.4099648,FALSE,2,1,1,0.44841559439062,0.515617650263148,0.935226785730899,0.18420779719531,1.02375000660901,47.7060482068409,24.9396845038883,27.2664359338384,-0.891591705969023,-0.749418037728405,0.782012001845402,1.70040430567929,1.01535024375668,0.0594558541278241
"Tuangi",116,"Event_113.csv","2024-05-20 18:30:00","2024-05-22 00:30:00",41,"2024-05-21 04:45:00",16.136083368,10.25,19.75,0.341666666666667,0.0400595780736389,3.31971115976408,0.394461782608523,0.136885110133186,1,613817.038251823,6.48736719393987,324153.267622999,34.2594151536589,30,119,915.254237288136,-0.296177282985677,0.457247690056712,-0.260227806699829,4,0.1,0.999,"2024-05-16 08:45:00",105.75,4.40625,11.150371808,656372.70800755,508528.322772823,FALSE,3,2,1,0.44841559439062,0.515617650263148,0.935226785730899,0.18420779719531,1.02375000660901,47.7060482068409,24.9396845038883,27.2664359338384,-0.891591705969023,-0.749418037728405,0.782012001845402,1.70040430567929,1.01535024375668,0.0594558541278241
"Tuangi",117,"Event_114.csv","2024-06-09 22:15:00","2024-06-10 20:45:00",18,"2024-06-10 02:45:00",7.5910160402,4.5,18,0.2,0.0209294648959141,1.35174758037075,0.438555303431385,0.0454597854022978,2,406474.875871011,4.29598986433568,191574.770654123,20.2473343826966,22.5,90,910.112359550562,0.161815496969695,0.730951296278338,0.183389097297502,2,0.1,0.95,"2024-05-22 00:30:00",453.75,18.90625,16.136083368,324153.267622999,613817.038251823,FALSE,2,0,0,0.44841559439062,0.515617650263148,0.935226785730899,0.18420779719531,1.02375000660901,47.7060482068409,24.9396845038883,27.2664359338384,-0.891591705969023,-0.749418037728405,0.782012001845402,1.70040430567929,1.01535024375668,0.0594558541278241
"Tuangi",118,"Event_115.csv","2024-06-14 05:00:00","2024-06-15 15:30:00",63,"2024-06-14 20:30:00",10.968217788,15.5,19,0.449275362318841,0.0252512207797006,2.15579436929565,0.546498812841354,0.22694913590028,2,599971.74441846,6.34103775143885,961454.540274328,101.615110926284,34.5,138,906.569343065693,-0.402299268205745,0.465134268488286,-0.358472073651794,4,0.1,0.95,"2024-06-10 20:45:00",80.25,3.34375,7.5910160402,191574.770654123,406474.875871011,FALSE,3,1,1,0.44841559439062,0.515617650263148,0.935226785730899,0.18420779719531,1.02375000660901,47.7060482068409,24.9396845038883,27.2664359338384,-0.891591705969023,-0.749418037728405,0.782012001845402,1.70040430567929,1.01535024375668,0.0594558541278241
"Tuangi",119,"Event_116.csv","2024-06-16 23:15:00","2024-06-17 14:45:00",19,"2024-06-17 04:00:00",5.2569405128,4.75,10.75,0.306451612903226,0.0175481906897741,1.21144471778051,0.687150637059021,0.0873487117768436,1,221954.98665294,2.34581871993086,65251.6944299984,6.89638239759148,15.5,62,914.754098360656,0.0635683510357943,0.474911285101445,0.0607479345176037,2,0.1,0.95,"2024-06-15 15:30:00",31.75,1.32291666666667,10.968217788,961454.540274328,599971.74441846,FALSE,3,2,2,0.44841559439062,0.515617650263148,0.935226785730899,0.18420779719531,1.02375000660901,47.7060482068409,24.9396845038883,27.2664359338384,-0.891591705969023,-0.749418037728405,0.782012001845402,1.70040430567929,1.01535024375668,0.0594558541278241
"Tuangi",120,"Event_117.csv","2024-06-23 00:15:00","2024-06-24 03:00:00",9,"2024-06-23 13:30:00",7.6947738394,13.25,13.5,0.495327102803738,0.033875130755954,1.30728697676497,0.541011620525686,0.101087936710224,2,366209.98982778,3.87043455305183,106691.371115846,11.2760978878114,26.75,62,1578.68852459016,-0.0129831936083389,0.19308079198213,-0.00403333946499732,3,0.15,0.95,"2024-06-17 14:45:00",129.5,5.39583333333333,5.2569405128,65251.6944299984,221954.98665294,FALSE,3,3,1,0.44841559439062,0.515617650263148,0.935226785730899,0.18420779719531,1.02375000660901,47.7060482068409,24.9396845038883,27.2664359338384,-0.891591705969023,-0.749418037728405,0.782012001845402,1.70040430567929,1.01535024375668,0.0594558541278241
"Tuangi",121,"Event_119.csv","2024-07-19 04:45:00","2024-07-21 04:00:00",104,"2024-07-20 06:45:00",6.42724648926667,26,21.25,0.55026455026455,0.0115725921739804,1.76333015490077,0.652094505348242,0.064642042595867,1,670213.55097966,7.08341595720845,195869.540750449,20.70124408041,47.25,188,909.625668449198,-0.0558898321297785,0.628886329535464,-0.017208476429772,3,0.2,0.999,"2024-06-24 03:00:00",601.75,25.0729166666667,7.6947738394,106691.371115846,366209.98982778,FALSE,1,0,0,0.44841559439062,0.515617650263148,0.935226785730899,0.18420779719531,1.02375000660901,47.7060482068409,24.9396845038883,27.2664359338384,-0.891591705969023,-0.749418037728405,0.782012001845402,1.70040430567929,1.01535024375668,0.0594558541278241
"Tuangi",122,"Event_120.csv","2024-07-22 02:45:00","2024-07-22 20:15:00",33,"2024-07-22 10:45:00",3.2135550968,8,9.5,0.457142857142857,0.00344508205041803,1.06940908332852,0.921717023640311,0.0180069447161487,5,189650.25290706,2.00439341425858,20787.266871765,2.19698419482837,17.5,71,900,0.108849573369806,0.326906956806487,0.108137798726098,2,0.15,0.95,"2024-07-21 04:00:00",22.75,0.947916666666667,6.42724648926667,195869.540750449,670213.55097966,FALSE,2,1,1,0.44841559439062,0.515617650263148,0.935226785730899,0.18420779719531,1.02375000660901,47.7060482068409,24.9396845038883,27.2664359338384,-0.891591705969023,-0.749418037728405,0.782012001845402,1.70040430567929,1.01535024375668,0.0594558541278241
"Tuangi",123,"Event_121.csv","2024-07-29 20:45:00","2024-07-30 21:15:00",37,"2024-07-30 06:00:00",4.18066626166667,9.25,15.25,0.377551020408163,0.00978293073779273,1.29279854759487,0.758850594749911,0.0363713528642879,1,288091.7018163,3.04481064998169,75349.4788518114,7.96360652639892,24.5,98,909.278350515464,-0.339778683625432,0.381211552618285,-0.257889264972176,4,0.25,0.95,"2024-07-22 20:15:00",168.5,7.02083333333333,3.2135550968,20787.266871765,189650.25290706,FALSE,2,2,0,0.44841559439062,0.515617650263148,0.935226785730899,0.18420779719531,1.02375000660901,47.7060482068409,24.9396845038883,27.2664359338384,-0.891591705969023,-0.749418037728405,0.782012001845402,1.70040430567929,1.01535024375668,0.0594558541278241
"Tuangi",124,"Event_122.csv","2024-08-01 04:30:00","2024-08-02 06:00:00",46,"2024-08-01 15:45:00",2.965061594,11.25,14.25,0.441176470588235,0.00370218541241987,1.07656255441927,0.932815329109787,0.020194987029894,11,250371.7249104,2.64615221353224,19595.7132499058,2.07105015594465,25.5,102,908.910891089109,0.0458625811772389,0.0584869318311172,0.0548458027989878,2,0.1,0.95,"2024-07-30 21:15:00",31.25,1.30208333333333,4.18066626166667,75349.4788518114,288091.7018163,FALSE,3,3,1,0.44841559439062,0.515617650263148,0.935226785730899,0.18420779719531,1.02375000660901,47.7060482068409,24.9396845038883,27.2664359338384,-0.891591705969023,-0.749418037728405,0.782012001845402,1.70040430567929,1.01535024375668,0.0594558541278241
"Tuna",1,"Event_1.csv","2021-12-14 07:15:00","2021-12-16 09:15:00",84,"2021-12-15 04:00:00",0.692060396001046,20.75,29.25,0.415,0.0413511493127532,4.75149265082042,0.328073418622894,0.134952827548499,1,32002.8525011348,0.765219687929496,2249.98646398162,0.537993899060266,50,201,900,0.0847757178378687,1,0.0727097315398637,2,0.1,0.95,NA,NA,NA,NA,NA,NA,NA,0,0,0,0.385513911000635,0.422180333699687,0.959364222263265,0.152756955500318,-0.247159947427833,44.1155337895461,31.3773106144161,24.4891610975961,-0.920043009574599,-0.971035851554919,0.536982398159639,1.67772665694039,0.67095101831149,0.0515043544142478
"Tuna",2,"Event_2.csv","2022-01-06 14:00:00","2022-01-07 13:45:00",14,"2022-01-06 17:15:00",0.0582990867554872,3.25,20.5,0.136842105263158,0.021129591851732,1.53749288057001,0.78870829906035,0.0978657482659761,3,3442.28873675262,0.0823085102431934,47.4425758715659,0.0113439866342301,23.75,96,900,0.358348576807349,0.554340187944495,0.294985332982034,1,0.1,0.9,"2021-12-16 09:15:00",508.75,21.1979166666667,0.692060396001046,2249.98646398162,32002.8525011348,FALSE,1,0,0,0.385513911000635,0.422180333699687,0.959364222263265,0.152756955500318,-0.247159947427833,44.1155337895461,31.3773106144161,24.4891610975961,-0.920043009574599,-0.971035851554919,0.536982398159639,1.67772665694039,0.67095101831149,0.0515043544142478
"Tuna",3,"Event_3.csv","2022-02-06 17:15:00","2022-02-08 04:45:00",61,"2022-02-07 08:15:00",0.22401648522103,15,20.5,0.422535211267606,0.0361218574985683,2.60809683918438,0.370959474614745,0.130882286993706,1,11454.1314649003,0.273879551979426,301.645560676904,0.072126421167711,35.5,143,900,0.0607154973598452,0.998319980082077,0.0504647379566418,2,0.1,0.95,"2022-01-07 13:45:00",723.5,30.1458333333333,0.0582990867554872,47.4425758715659,3442.28873675262,FALSE,0,0,0,0.385513911000635,0.422180333699687,0.959364222263265,0.152756955500318,-0.247159947427833,44.1155337895461,31.3773106144161,24.4891610975961,-0.920043009574599,-0.971035851554919,0.536982398159639,1.67772665694039,0.67095101831149,0.0515043544142478
"Tuna",4,"Event_5.csv","2022-02-21 09:00:00","2022-02-22 03:00:00",9,"2022-02-21 11:00:00",1.19983968097168,2,16,0.111111111111111,0.0930561599488704,1.79705321830246,0.125665352391269,0.311789438846685,1,22005.3757397938,0.526170182979133,2029.3463700038,0.485236681917681,18,73,900,0.104165722577788,0.966388347107709,0.0897641873221861,1,0.1,0.95,"2022-02-08 04:45:00",316.25,13.1770833333333,0.22401648522103,301.645560676904,11454.1314649003,FALSE,1,1,0,0.385513911000635,0.422180333699687,0.959364222263265,0.152756955500318,-0.247159947427833,44.1155337895461,31.3773106144161,24.4891610975961,-0.920043009574599,-0.971035851554919,0.536982398159639,1.67772665694039,0.67095101831149,0.0515043544142478
"Tuna",5,"Event_6.csv","2022-03-01 23:15:00","2022-03-02 14:15:00",11,"2022-03-02 01:45:00",0.340427497820307,2.5,12.5,0.166666666666667,0.0844971045637187,2.13201679564844,0.318947464321943,0.341874582204912,1,6337.2127282939,0.151528990927166,201.11455363615,0.0480884683532749,15,61,900,0.140131179393314,0.81703112678844,0.115749768702785,1,0.1,0.9,"2022-02-22 03:00:00",188.25,7.84375,1.19983968097168,2029.3463700038,22005.3757397938,FALSE,2,1,0,0.385513911000635,0.422180333699687,0.959364222263265,0.152756955500318,-0.247159947427833,44.1155337895461,31.3773106144161,24.4891610975961,-0.920043009574599,-0.971035851554919,0.536982398159639,1.67772665694039,0.67095101831149,0.0515043544142478
"Tuna",6,"Event_7.csv","2022-03-19 16:15:00","2022-03-20 19:15:00",25,"2022-03-19 22:15:00",0.0561436150420707,6,21,0.222222222222222,0.0205502132149616,1.68319706607115,0.745007803046265,0.0960648019195798,3,3662.88659064211,0.0875832219553837,40.5493902023088,0.00969575812507395,27,109,900,-0.128088514151694,0.898971942498237,-0.108637483558173,3,0.15,0.95,"2022-03-02 14:15:00",410,17.0833333333333,0.340427497820307,201.11455363615,6337.2127282939,FALSE,2,0,0,0.385513911000635,0.422180333699687,0.959364222263265,0.152756955500318,-0.247159947427833,44.1155337895461,31.3773106144161,24.4891610975961,-0.920043009574599,-0.971035851554919,0.536982398159639,1.67772665694039,0.67095101831149,0.0515043544142478
"Tuna",7,"Event_8.csv","2022-03-21 06:15:00","2022-03-22 23:00:00",30,"2022-03-21 13:30:00",0.290433471351489,7.25,33.5,0.177914110429448,0.0339646222251211,2.29760548337923,0.434962523262657,0.210739421689183,1,13935.0480750067,0.333200708869968,353.163374980714,0.084444837403568,40.75,164,900,0.0350711359771363,1,0.0263205170875074,2,0.1,0.95,"2022-03-20 19:15:00",11,0.458333333333333,0.0561436150420707,40.5493902023088,3662.88659064211,FALSE,3,1,1,0.385513911000635,0.422180333699687,0.959364222263265,0.152756955500318,-0.247159947427833,44.1155337895461,31.3773106144161,24.4891610975961,-0.920043009574599,-0.971035851554919,0.536982398159639,1.67772665694039,0.67095101831149,0.0515043544142478
"Tuna",8,"Event_9.csv","2022-03-23 06:15:00","2022-03-24 20:00:00",31,"2022-03-23 13:45:00",0.358213892778124,7.5,30.25,0.198675496688742,0.0305579062437818,1.9165059208173,0.464503805261547,0.223350811434468,1,18333.6567290367,0.438375769169405,458.100986390002,0.109536452674999,37.75,152,900,-0.0201768999662084,0.938131511066968,-0.0177231935643959,3,0.1,0.95,"2022-03-22 23:00:00",7.25,0.302083333333333,0.290433471351489,353.163374980714,13935.0480750067,FALSE,4,2,2,0.385513911000635,0.422180333699687,0.959364222263265,0.152756955500318,-0.247159947427833,44.1155337895461,31.3773106144161,24.4891610975961,-0.920043009574599,-0.971035851554919,0.536982398159639,1.67772665694039,0.67095101831149,0.0515043544142478
"Tuna",9,"Event_10.csv","2022-04-22 06:15:00","2022-04-22 20:45:00",21,"2022-04-22 11:15:00",0.206640824198958,5,9.5,0.344827586206897,0.0414699402468464,1.81619086957139,0.356832974306453,0.173331976369803,1,6211.71756940888,0.148528278215221,215.68324797436,0.0515719864973624,14.5,59,900,-0.109092866103063,0.899605319096593,-0.0702074442863352,3,0.25,0.95,"2022-03-24 20:00:00",682.25,28.4270833333333,0.358213892778124,458.100986390002,18333.6567290367,FALSE,1,0,0,0.385513911000635,0.422180333699687,0.959364222263265,0.152756955500318,-0.247159947427833,44.1155337895461,31.3773106144161,24.4891610975961,-0.920043009574599,-0.971035851554919,0.536982398159639,1.67772665694039,0.67095101831149,0.0515043544142478
"Tuna",10,"Event_11.csv","2022-05-19 12:15:00","2022-05-20 01:30:00",20,"2022-05-19 17:00:00",0.328211813559514,4.75,8.5,0.358490566037736,0.0931630032374701,2.44064595761964,0.311310702726947,0.364613559409142,1,6341.65423930152,0.151635191824948,244.646234950611,0.0584973216232506,13.25,54,900,0.119294369574168,1,0.103345200454774,1,0.1,0.9,"2022-04-22 20:45:00",639.5,26.6458333333333,0.206640824198958,215.68324797436,6211.71756940888,FALSE,1,0,0,0.385513911000635,0.422180333699687,0.959364222263265,0.152756955500318,-0.247159947427833,44.1155337895461,31.3773106144161,24.4891610975961,-0.920043009574599,-0.971035851554919,0.536982398159639,1.67772665694039,0.67095101831149,0.0515043544142478
"Tuna",11,"Event_12.csv","2022-05-30 13:30:00","2022-05-31 16:15:00",13,"2022-05-30 16:30:00",0.575476683067495,3,23.75,0.11214953271028,0.0543530815104264,3.02123065485482,0.325565342645322,0.22473163266499,1,16646.4224783042,0.398032338321679,930.715134499994,0.222543145098735,26.75,108,900,-0.0753931778211121,0.597652458142772,-0.0644881932482664,3,0.1,0.95,"2022-05-20 01:30:00",252,10.5,0.328211813559514,244.646234950611,6341.65423930152,FALSE,1,1,0,0.385513911000635,0.422180333699687,0.959364222263265,0.152756955500318,-0.247159947427833,44.1155337895461,31.3773106144161,24.4891610975961,-0.920043009574599,-0.971035851554919,0.536982398159639,1.67772665694039,0.67095101831149,0.0515043544142478
"Tuna",12,"Event_13.csv","2022-06-01 00:15:00","2022-06-02 03:30:00",15,"2022-06-01 03:45:00",0.21089000803391,3.5,23.75,0.128440366972477,0.0214400569976778,1.55178727342859,0.703946785301508,0.147612189209841,1,11302.0311987283,0.27024268497796,226.959092493067,0.0542681518543223,27.25,110,900,-0.0189436240107885,0.689495896990529,-0.0297243378129088,3,0.1,0.95,"2022-05-31 16:15:00",8,0.333333333333333,0.575476683067495,930.715134499994,16646.4224783042,FALSE,2,2,1,0.385513911000635,0.422180333699687,0.959364222263265,0.152756955500318,-0.247159947427833,44.1155337895461,31.3773106144161,24.4891610975961,-0.920043009574599,-0.971035851554919,0.536982398159639,1.67772665694039,0.67095101831149,0.0515043544142478
"Tuna",13,"Event_14.csv","2022-06-06 12:15:00","2022-06-07 16:15:00",14,"2022-06-06 15:30:00",0.305092277560106,3.25,24.75,0.116071428571429,0.0356584557015775,1.68834776189636,0.465128810348573,0.161995912220737,1,17528.4399221814,0.419122243139637,1008.67924098879,0.241185129976471,28,113,900,0.296805923898154,0.945600075041815,0.236284187659893,1,0.2,0.95,"2022-06-02 03:30:00",104.75,4.36458333333333,0.21089000803391,226.959092493067,11302.0311987283,FALSE,3,2,2,0.385513911000635,0.422180333699687,0.959364222263265,0.152756955500318,-0.247159947427833,44.1155337895461,31.3773106144161,24.4891610975961,-0.920043009574599,-0.971035851554919,0.536982398159639,1.67772665694039,0.67095101831149,0.0515043544142478
"Tuna",14,"Event_15.csv","2022-06-07 16:30:00","2022-06-09 01:45:00",19,"2022-06-07 21:00:00",0.411023967001607,4.5,28.75,0.135338345864662,0.0347697609296138,1.41810279235603,0.537560699184716,0.181684489736259,3,23544.7314386067,0.562977692166521,1503.57808630203,0.359520312739895,33.25,134,900,0.107101046082404,0.801146931807047,0.105312516451015,1,0.1,0.95,"2022-06-07 16:15:00",0.25,0.0104166666666667,0.305092277560106,1008.67924098879,17528.4399221814,FALSE,4,3,2,0.385513911000635,0.422180333699687,0.959364222263265,0.152756955500318,-0.247159947427833,44.1155337895461,31.3773106144161,24.4891610975961,-0.920043009574599,-0.971035851554919,0.536982398159639,1.67772665694039,0.67095101831149,0.0515043544142478
"Tuna",15,"Event_16.csv","2022-06-13 00:15:00","2022-06-13 22:45:00",24,"2022-06-13 06:00:00",0.163885541720323,5.75,16.75,0.255555555555556,0.0172747551485162,1.47003258641254,0.801032733910583,0.10866295037073,1,9018.40397849333,0.215638911493908,293.033740594634,0.0700672502623595,22.5,91,900,0.135302979462387,1,0.10136436362744,2,0.15,0.95,"2022-06-09 01:45:00",94.5,3.9375,0.411023967001607,1503.57808630203,23544.7314386067,FALSE,5,4,2,0.385513911000635,0.422180333699687,0.959364222263265,0.152756955500318,-0.247159947427833,44.1155337895461,31.3773106144161,24.4891610975961,-0.920043009574599,-0.971035851554919,0.536982398159639,1.67772665694039,0.67095101831149,0.0515043544142478
"Tuna",16,"Event_17.csv","2022-06-14 00:15:00","2022-06-14 15:00:00",15,"2022-06-14 03:45:00",0.11472209335861,3.5,11.25,0.23728813559322,0.00817908790573596,1.08996013415085,0.864304946480745,0.0298889746559414,6,5438.86843261319,0.130048695020117,122.778288328707,0.0293574966406759,14.75,60,900,-0.111710546617954,0.659539269882546,-0.0879398725018728,3,0.15,0.95,"2022-06-13 22:45:00",1.5,0.0625,0.163885541720323,293.033740594634,9018.40397849333,FALSE,6,5,3,0.385513911000635,0.422180333699687,0.959364222263265,0.152756955500318,-0.247159947427833,44.1155337895461,31.3773106144161,24.4891610975961,-0.920043009574599,-0.971035851554919,0.536982398159639,1.67772665694039,0.67095101831149,0.0515043544142478
"Tuna",17,"Event_18.csv","2022-06-18 15:00:00","2022-06-20 04:45:00",49,"2022-06-19 03:00:00",1.13449888601028,12,25.75,0.317880794701987,0.105906798370519,2.42558327124233,0.201913805607941,0.370438128178076,2,48468.6062197105,1.15893205846289,6264.33170599607,1.49786333983172,37.75,78,1764.93506493506,0.124468624166967,0.959250702345628,0.112339810822385,1,0.1,0.95,"2022-06-14 15:00:00",96,4,0.11472209335861,122.778288328707,5438.86843261319,FALSE,7,4,2,0.385513911000635,0.422180333699687,0.959364222263265,0.152756955500318,-0.247159947427833,44.1155337895461,31.3773106144161,24.4891610975961,-0.920043009574599,-0.971035851554919,0.536982398159639,1.67772665694039,0.67095101831149,0.0515043544142478
"Tuna",18,"Event_19.csv","2022-06-25 04:15:00","2022-06-25 18:15:00",10,"2022-06-25 06:30:00",0.229876548478192,2.25,11.75,0.160714285714286,0.0333952273119417,1.60236414157533,0.672851158918508,0.135188328417454,1,7008.77131819499,0.167586617495681,349.549484489398,0.08358072063339,14,57,900,0.150029461512248,0.982479939643768,0.140205940893665,1,0.1,0.95,"2022-06-20 04:45:00",119.5,4.97916666666667,1.13449888601028,6264.33170599607,48468.6062197105,FALSE,7,3,1,0.385513911000635,0.422180333699687,0.959364222263265,0.152756955500318,-0.247159947427833,44.1155337895461,31.3773106144161,24.4891610975961,-0.920043009574599,-0.971035851554919,0.536982398159639,1.67772665694039,0.67095101831149,0.0515043544142478
"Tuna",19,"Event_20.csv","2022-06-29 14:00:00","2022-06-30 21:15:00",43,"2022-06-30 00:30:00",0.21231318635524,10.5,20.75,0.336,0.0152300986366648,1.54200831288114,0.698010307806921,0.0475033244655033,2,14972.9250195511,0.358017367684533,569.939985692137,0.13627825768794,31.25,126,900,0.185025664380876,1,0.153788656279124,1,0.15,0.95,"2022-06-25 18:15:00",91.75,3.82291666666667,0.229876548478192,349.549484489398,7008.77131819499,FALSE,8,2,1,0.385513911000635,0.422180333699687,0.959364222263265,0.152756955500318,-0.247159947427833,44.1155337895461,31.3773106144161,24.4891610975961,-0.920043009574599,-0.971035851554919,0.536982398159639,1.67772665694039,0.67095101831149,0.0515043544142478
"Tuna",20,"Event_21.csv","2022-06-29 15:30:00","2022-06-30 15:15:00",37,"2022-06-30 00:30:00",0.21231318635524,9,14.75,0.378947368421053,0.01701069104982,1.46307188630587,0.64884141110091,0.0475033244655033,2,12171.8067558902,0.291039874240902,521.667115815344,0.12473573958857,23.75,96,900,0.19818282976507,0.989343384515725,0.167708016039179,1,0.15,0.95,"2022-06-30 21:15:00",-29.75,-1.23958333333333,0.21231318635524,569.939985692137,14972.9250195511,TRUE,8,2,1,0.385513911000635,0.422180333699687,0.959364222263265,0.152756955500318,-0.247159947427833,44.1155337895461,31.3773106144161,24.4891610975961,-0.920043009574599,-0.971035851554919,0.536982398159639,1.67772665694039,0.67095101831149,0.0515043544142478
"Tuna",21,"Event_22.csv","2022-07-05 15:45:00","2022-07-06 11:30:00",26,"2022-07-05 22:00:00",0.311295310705266,6.25,13.5,0.316455696202532,0.0347328103472886,2.07125371306114,0.562831164709778,0.140499167308836,1,11186.1456076135,0.26747174648536,627.68732369185,0.150086214325972,19.75,80,900,0.14169254370421,0.985269391205569,0.124360468169949,1,0.1,0.95,"2022-06-30 15:15:00",120.5,5.02083333333333,0.21231318635524,521.667115815344,12171.8067558902,FALSE,8,3,2,0.385513911000635,0.422180333699687,0.959364222263265,0.152756955500318,-0.247159947427833,44.1155337895461,31.3773106144161,24.4891610975961,-0.920043009574599,-0.971035851554919,0.536982398159639,1.67772665694039,0.67095101831149,0.0515043544142478
"Tuna",22,"Event_23.csv","2022-07-08 04:15:00","2022-07-09 05:15:00",28,"2022-07-08 11:00:00",0.670997767976156,6.75,18.25,0.27,0.0623451323502717,2.56248730602972,0.406755335970705,0.27057525185253,1,23020.171786366,0.550434954816035,1911.05403205325,0.456951820145513,25,101,900,0.00799278045578718,1,-0.00125487679706822,3,0.1,0.85,"2022-07-06 11:30:00",40.75,1.69791666666667,0.311295310705266,627.68732369185,11186.1456076135,FALSE,8,4,1,0.385513911000635,0.422180333699687,0.959364222263265,0.152756955500318,-0.247159947427833,44.1155337895461,31.3773106144161,24.4891610975961,-0.920043009574599,-0.971035851554919,0.536982398159639,1.67772665694039,0.67095101831149,0.0515043544142478
"Tuna",23,"Event_24.csv","2022-07-11 20:00:00","2022-07-12 23:15:00",65,"2022-07-12 12:00:00",1.31991712821905,16,11.25,0.587155963302752,0.0664757057617617,4.58296205015915,0.298400313491,0.253684805021243,1,35518.753392626,0.849288337212634,4566.43769707249,1.09188017829954,27.25,110,900,-0.00535947397326333,0.947888215295711,-0.000584318026635909,3,0.1,0.95,"2022-07-09 05:15:00",62.75,2.61458333333333,0.670997767976156,1911.05403205325,23020.171786366,FALSE,8,4,2,0.385513911000635,0.422180333699687,0.959364222263265,0.152756955500318,-0.247159947427833,44.1155337895461,31.3773106144161,24.4891610975961,-0.920043009574599,-0.971035851554919,0.536982398159639,1.67772665694039,0.67095101831149,0.0515043544142478
"Tuna",24,"Event_25_1.csv","2022-07-13 14:30:00","2022-07-14 12:00:00",16,"2022-07-13 18:15:00",0.236771919760188,3.75,17.75,0.174418604651163,0.0210479847308254,1.56616633982229,0.860051612511238,0.163165902991062,1,10565.9447007862,0.252642132645184,400.556514123182,0.0957770032295087,21.5,87,900,-0.131783784468055,0.656038252873664,-0.116050525902383,3,0.1,0.9,"2022-07-12 23:15:00",15.25,0.635416666666667,1.31991712821905,4566.43769707249,35518.753392626,FALSE,9,5,2,0.385513911000635,0.422180333699687,0.959364222263265,0.152756955500318,-0.247159947427833,44.1155337895461,31.3773106144161,24.4891610975961,-0.920043009574599,-0.971035851554919,0.536982398159639,1.67772665694039,0.67095101831149,0.0515043544142478
"Tuna",25,"Event_25_2.csv","2022-07-14 13:30:00","2022-07-15 22:00:00",31,"2022-07-14 21:00:00",0.159290179063694,7.5,25,0.230769230769231,0.00900323922679054,1.23772737146709,0.863423769194012,0.0416056053507523,5,15071.6033630407,0.360376863957805,375.175084931741,0.0897080538055816,32.5,131,900,-0.000668109426091691,0.742608200602474,-0.0218199043319283,3,0.1,0.999,"2022-07-14 12:00:00",1.5,0.0625,0.236771919760188,400.556514123182,10565.9447007862,FALSE,9,6,3,0.385513911000635,0.422180333699687,0.959364222263265,0.152756955500318,-0.247159947427833,44.1155337895461,31.3773106144161,24.4891610975961,-0.920043009574599,-0.971035851554919,0.536982398159639,1.67772665694039,0.67095101831149,0.0515043544142478
"Tuna",26,"Event_26.csv","2022-07-19 06:15:00","2022-07-21 16:30:00",134,"2022-07-20 15:30:00",0.200740968468829,33.25,25,0.570815450643777,0.0165440485401583,1.58586949613847,0.781230709432915,0.130635658387229,3,26333.216767402,0.629653119709146,823.725207493731,0.196960800977244,58.25,234,900,0.100703273414634,0.770441775280244,0.0583873129032002,1,0.1,0.95,"2022-07-15 22:00:00",80.25,3.34375,0.159290179063694,375.175084931741,15071.6033630407,FALSE,9,5,3,0.385513911000635,0.422180333699687,0.959364222263265,0.152756955500318,-0.247159947427833,44.1155337895461,31.3773106144161,24.4891610975961,-0.920043009574599,-0.971035851554919,0.536982398159639,1.67772665694039,0.67095101831149,0.0515043544142478
"Tuna",27,"Event_27_1.csv","2022-07-25 15:45:00","2022-07-27 11:15:00",47,"2022-07-26 03:15:00",0.623479971430123,11.5,32,0.264367816091954,0.0266525870994097,1.59365130647237,0.430727125968585,0.145903956155736,3,41234.6341541097,0.985960669542689,3252.50219485953,0.777705273132186,43.5,175,900,0.190434107835821,0.997794562777484,0.152178280799647,2,0.1,0.95,"2022-07-21 16:30:00",95.25,3.96875,0.200740968468829,823.725207493731,26333.216767402,FALSE,9,4,1,0.385513911000635,0.422180333699687,0.959364222263265,0.152756955500318,-0.247159947427833,44.1155337895461,31.3773106144161,24.4891610975961,-0.920043009574599,-0.971035851554919,0.536982398159639,1.67772665694039,0.67095101831149,0.0515043544142478
"Tuna",28,"Event_28.csv","2022-08-07 18:30:00","2022-08-08 13:30:00",27,"2022-08-08 01:00:00",0.110720078379931,6.5,12.5,0.342105263157895,0.0100536558520783,1.19121139388283,0.893046988422272,0.0206620900505162,7,6534.20557363201,0.156239283662122,144.681475619385,0.0345947642069465,19,77,900,-0.0117749440934971,0.760600638557244,-0.0162645075838978,3,0.2,0.95,"2022-07-27 11:15:00",271.25,11.3020833333333,0.623479971430123,3252.50219485953,41234.6341541097,FALSE,6,1,0,0.385513911000635,0.422180333699687,0.959364222263265,0.152756955500318,-0.247159947427833,44.1155337895461,31.3773106144161,24.4891610975961,-0.920043009574599,-0.971035851554919,0.536982398159639,1.67772665694039,0.67095101831149,0.0515043544142478
"Tuna",29,"Event_29.csv","2022-08-25 16:45:00","2022-08-26 06:15:00",12,"2022-08-25 19:30:00",0.307328761915536,2.75,10.75,0.203703703703704,0.0542622563581344,1.62562160911952,0.572080283462178,0.267952566528673,1,7258.68997416573,0.173562418431642,527.926161884094,0.126232339080536,13.5,55,900,0.332002585358457,0.288564833413885,0.276173201319398,1,0.1,0.95,"2022-08-08 13:30:00",411.25,17.1354166666667,0.110720078379931,144.681475619385,6534.20557363201,FALSE,2,0,0,0.385513911000635,0.422180333699687,0.959364222263265,0.152756955500318,-0.247159947427833,44.1155337895461,31.3773106144161,24.4891610975961,-0.920043009574599,-0.971035851554919,0.536982398159639,1.67772665694039,0.67095101831149,0.0515043544142478
"Tuna",30,"Event_30.csv","2022-09-05 09:00:00","2022-09-06 16:00:00",77,"2022-09-06 04:00:00",0.264142604180388,19,12,0.612903225806452,0.0405521460017685,1.8069781775943,0.536347687078024,0.191879219141473,2,15766.0105464418,0.376980822875509,858.845424805327,0.205358390451571,31,125,900,0.110363275361193,0.662466396388159,0.072136432580073,2,0.15,0.95,"2022-08-26 06:15:00",242.75,10.1145833333333,0.307328761915536,527.926161884094,7258.68997416573,FALSE,2,1,0,0.385513911000635,0.422180333699687,0.959364222263265,0.152756955500318,-0.247159947427833,44.1155337895461,31.3773106144161,24.4891610975961,-0.920043009574599,-0.971035851554919,0.536982398159639,1.67772665694039,0.67095101831149,0.0515043544142478
"Tuna",31,"Event_31.csv","2022-09-09 17:30:00","2022-09-11 19:30:00",162,"2022-09-11 09:45:00",0.294031689550395,40.25,9.75,0.805,0.0347303101449915,2.14668668698095,0.617718578659384,0.251812209855675,2,24665.5194812168,0.589776836904346,1031.31071111571,0.246596537133784,50,201,900,0.0385144426990609,0.998794971355453,0.0366463969441626,2,0.15,0.9,"2022-09-06 16:00:00",73.5,3.0625,0.264142604180388,858.845424805327,15766.0105464418,FALSE,2,1,1,0.385513911000635,0.422180333699687,0.959364222263265,0.152756955500318,-0.247159947427833,44.1155337895461,31.3773106144161,24.4891610975961,-0.920043009574599,-0.971035851554919,0.536982398159639,1.67772665694039,0.67095101831149,0.0515043544142478
"Tuna",32,"Event_32.csv","2022-09-12 13:45:00","2022-09-13 11:00:00",19,"2022-09-12 18:15:00",0.19115294726151,4.5,16.75,0.211764705882353,0.0217138771102298,1.40726249113297,0.791889847795776,0.160182869553499,1,9138.77126940339,0.21851701183774,621.7516320752,0.148666932064687,21.25,86,900,0.159315868648312,0.519268184464338,0.139470739381341,2,0.1,0.9,"2022-09-11 19:30:00",18.25,0.760416666666667,0.294031689550395,1031.31071111571,24665.5194812168,FALSE,3,2,2,0.385513911000635,0.422180333699687,0.959364222263265,0.152756955500318,-0.247159947427833,44.1155337895461,31.3773106144161,24.4891610975961,-0.920043009574599,-0.971035851554919,0.536982398159639,1.67772665694039,0.67095101831149,0.0515043544142478
"Tuna",33,"Event_33.csv","2022-09-19 14:15:00","2022-09-20 18:30:00",53,"2022-09-20 03:15:00",0.117320457694028,13,15.25,0.460176991150442,0.0118991706299686,1.39910462302907,0.782867936744809,0.0513110478673839,3,8854.73443962074,0.211725411800241,193.544333259686,0.0462783541849113,28.25,114,900,0.0742200689142407,0.91158273680958,0.0645514338993982,2,0.1,0.9,"2022-09-13 11:00:00",147.25,6.13541666666667,0.19115294726151,621.7516320752,9138.77126940339,FALSE,4,3,1,0.385513911000635,0.422180333699687,0.959364222263265,0.152756955500318,-0.247159947427833,44.1155337895461,31.3773106144161,24.4891610975961,-0.920043009574599,-0.971035851554919,0.536982398159639,1.67772665694039,0.67095101831149,0.0515043544142478
"Tuna",34,"Event_34_1.csv","2022-09-20 21:15:00","2022-09-22 04:45:00",28,"2022-09-21 04:00:00",0.224320496347079,6.75,24.75,0.214285714285714,0.0246718691831913,1.73025929490384,0.696454358603012,0.189401556814195,1,13038.8640006089,0.311772065979034,489.428237566144,0.117027106630876,31.5,127,900,0.0138210582999307,0.903765759966562,0.00407023852721106,2,0.1,0.95,"2022-09-20 18:30:00",2.75,0.114583333333333,0.117320457694028,193.544333259686,8854.73443962074,FALSE,5,3,1,0.385513911000635,0.422180333699687,0.959364222263265,0.152756955500318,-0.247159947427833,44.1155337895461,31.3773106144161,24.4891610975961,-0.920043009574599,-0.971035851554919,0.536982398159639,1.67772665694039,0.67095101831149,0.0515043544142478
"Tuna",35,"Event_34_2.csv","2022-09-22 18:15:00","2022-09-23 20:45:00",31,"2022-09-23 01:45:00",0.163692770953062,7.5,19,0.283018867924528,0.0136208449191899,1.32568498718571,0.758578602403355,0.084315977102161,2,11023.3587858278,0.263579353425665,312.538911929443,0.0747311286217353,26.5,107,900,0.112765770301332,0.944619488647024,0.108012885585419,2,0.1,0.95,"2022-09-22 04:45:00",13.5,0.5625,0.224320496347079,489.428237566144,13038.8640006089,FALSE,6,4,2,0.385513911000635,0.422180333699687,0.959364222263265,0.152756955500318,-0.247159947427833,44.1155337895461,31.3773106144161,24.4891610975961,-0.920043009574599,-0.971035851554919,0.536982398159639,1.67772665694039,0.67095101831149,0.0515043544142478
"Tuna",36,"Event_35.csv","2022-09-30 00:30:00","2022-10-01 14:00:00",78,"2022-09-30 19:45:00",0.424741634024648,19.25,18.25,0.513333333333333,0.0350578914799829,2.04602325008693,0.460869396683194,0.199350287183305,2,28174.3525407317,0.673676487371551,1784.68887726639,0.426736668446854,37.5,151,900,0.095439252529875,1,0.0585916126672256,1,0.25,0.95,"2022-09-23 20:45:00",147.75,6.15625,0.163692770953062,312.538911929443,11023.3587858278,FALSE,6,3,1,0.385513911000635,0.422180333699687,0.959364222263265,0.152756955500318,-0.247159947427833,44.1155337895461,31.3773106144161,24.4891610975961,-0.920043009574599,-0.971035851554919,0.536982398159639,1.67772665694039,0.67095101831149,0.0515043544142478
"Tuna",37,"Event_36.csv","2022-10-01 12:15:00","2022-10-02 15:15:00",42,"2022-10-01 22:30:00",0.683925773870636,10.25,16.75,0.37962962962963,0.0479878548876687,1.70468909679312,0.405555451916629,0.236119203519667,3,36436.6567727828,0.87123631007187,3927.93325139215,0.939207483686528,27,109,900,-0.0901567118747156,0.77724197831803,-0.0548559730795417,3,0.1,0.9,"2022-10-01 14:00:00",-1.75,-0.0729166666666667,0.424741634024648,1784.68887726639,28174.3525407317,TRUE,6,3,0,0.385513911000635,0.422180333699687,0.959364222263265,0.152756955500318,-0.247159947427833,44.1155337895461,31.3773106144161,24.4891610975961,-0.920043009574599,-0.971035851554919,0.536982398159639,1.67772665694039,0.67095101831149,0.0515043544142478
"Tuna",38,"Event_37.csv","2022-10-13 16:30:00","2022-10-14 16:00:00",34,"2022-10-14 00:45:00",0.128017512561537,8.25,15.25,0.351063829787234,0.01065017744592,1.29339190333066,0.863172538335825,0.0554147350555218,1,8368.55121161167,0.200100292508126,189.16945114896,0.0452322768318443,23.5,95,900,-0.134188852997537,0.670440727585346,-0.111681476051279,3,0.1,0.9,"2022-10-02 15:15:00",265.25,11.0520833333333,0.683925773870636,3927.93325139215,36436.6567727828,FALSE,5,2,0,0.385513911000635,0.422180333699687,0.959364222263265,0.152756955500318,-0.247159947427833,44.1155337895461,31.3773106144161,24.4891610975961,-0.920043009574599,-0.971035851554919,0.536982398159639,1.67772665694039,0.67095101831149,0.0515043544142478
"Tuna",39,"Event_38.csv","2022-10-30 07:30:00","2022-10-31 10:00:00",46,"2022-10-30 18:45:00",0.251581960258124,11.25,15.25,0.424528301886792,0.0252300274552047,1.90958556300345,0.599323952849666,0.138812444689136,1,12505.9773877441,0.299030222807905,527.881548998378,0.126221671700657,26.5,107,900,0.116321027962997,0.987329344350989,0.103680307859807,1,0.1,0.95,"2022-10-14 16:00:00",375.5,15.6458333333333,0.128017512561537,189.16945114896,8368.55121161167,FALSE,3,0,0,0.385513911000635,0.422180333699687,0.959364222263265,0.152756955500318,-0.247159947427833,44.1155337895461,31.3773106144161,24.4891610975961,-0.920043009574599,-0.971035851554919,0.536982398159639,1.67772665694039,0.67095101831149,0.0515043544142478
"Tuna",40,"Event_39.csv","2022-11-09 00:30:00","2022-11-10 00:45:00",26,"2022-11-09 06:45:00",0.164367962156529,6.25,18,0.257731958762887,0.0190398275131628,1.45933754147007,0.710034016241838,0.0944016969957905,2,9061.88993414473,0.216678703475316,282.849997367866,0.0676322170684698,24.25,98,900,0.0713812907331861,0.862165093347434,0.061009573110291,1,0.1,0.95,"2022-10-31 10:00:00",206.5,8.60416666666667,0.251581960258124,527.881548998378,12505.9773877441,FALSE,2,1,0,0.385513911000635,0.422180333699687,0.959364222263265,0.152756955500318,-0.247159947427833,44.1155337895461,31.3773106144161,24.4891610975961,-0.920043009574599,-0.971035851554919,0.536982398159639,1.67772665694039,0.67095101831149,0.0515043544142478
"Tuna",41,"Event_40.csv","2022-11-11 11:45:00","2022-11-12 19:00:00",34,"2022-11-11 20:00:00",0.558202694778493,8.25,23,0.264,0.0612628359164395,3.69553239456102,0.411674298481396,0.211245023753669,2,23855.1289651508,0.570399602397421,1753.96179196294,0.419389520055611,31.25,126,900,0.0409828221287484,0.990266644930226,0.0201655638686658,2,0.1,0.8,"2022-11-10 00:45:00",35,1.45833333333333,0.164367962156529,282.849997367866,9061.88993414473,FALSE,3,2,1,0.385513911000635,0.422180333699687,0.959364222263265,0.152756955500318,-0.247159947427833,44.1155337895461,31.3773106144161,24.4891610975961,-0.920043009574599,-0.971035851554919,0.536982398159639,1.67772665694039,0.67095101831149,0.0515043544142478
"Tuna",42,"Event_41.csv","2022-12-09 03:30:00","2022-12-10 22:30:00",32,"2022-12-09 11:15:00",0.139771485357473,7.75,35.25,0.180232558139535,0.0109164367096986,1.41464248302076,0.78177072039815,0.0653216751519141,6,16323.8422215374,0.390319127025701,361.373633218592,0.0864079909213322,43,173,900,0.0590200125027857,0.959459063412701,0.0214910350654997,2,0.2,0.9,"2022-11-12 19:00:00",632.5,26.3541666666667,0.558202694778493,1753.96179196294,23855.1289651508,FALSE,2,0,0,0.385513911000635,0.422180333699687,0.959364222263265,0.152756955500318,-0.247159947427833,44.1155337895461,31.3773106144161,24.4891610975961,-0.920043009574599,-0.971035851554919,0.536982398159639,1.67772665694039,0.67095101831149,0.0515043544142478
"Tuna",43,"Event_42.csv","2022-12-13 04:30:00","2022-12-14 05:15:00",12,"2022-12-13 07:15:00",0.194078258660365,2.75,22,0.111111111111111,0.0214807969841098,1.45382611524376,0.7801359965679,0.129120984039429,1,9816.39467092094,0.234719654018608,283.941850950563,0.0678932900018237,24.75,100,900,-0.0237857487669706,0.983235979199928,-0.0253127835322684,3,0.1,0.95,"2022-12-10 22:30:00",54,2.25,0.139771485357473,361.373633218592,16323.8422215374,FALSE,1,1,1,0.385513911000635,0.422180333699687,0.959364222263265,0.152756955500318,-0.247159947427833,44.1155337895461,31.3773106144161,24.4891610975961,-0.920043009574599,-0.971035851554919,0.536982398159639,1.67772665694039,0.67095101831149,0.0515043544142478
"Tuna",44,"Event_43.csv","2022-12-14 13:30:00","2022-12-16 09:30:00",65,"2022-12-15 05:30:00",0.741743523319445,16,28,0.363636363636364,0.0311130102062149,2.93949764755233,0.360122832711547,0.0949377487252917,2,54369.1352154832,1.300019511733,4730.21872565288,1.13104183352219,44,177,900,0.134503233956057,0.843768412724616,0.112769540131702,1,0.15,0.95,"2022-12-14 05:15:00",8.25,0.34375,0.194078258660365,283.941850950563,9816.39467092094,FALSE,2,2,2,0.385513911000635,0.422180333699687,0.959364222263265,0.152756955500318,-0.247159947427833,44.1155337895461,31.3773106144161,24.4891610975961,-0.920043009574599,-0.971035851554919,0.536982398159639,1.67772665694039,0.67095101831149,0.0515043544142478
"Tuna",45,"Event_44.csv","2022-12-20 19:00:00","2022-12-21 09:45:00",8,"2022-12-20 20:45:00",1.63250678855586,1.75,13,0.11864406779661,0.0858792803412633,1.62804726974167,0.212941065258678,0.22349913438349,1,31206.1519076353,0.746169792939376,4671.28137658748,1.11694933353094,14.75,60,900,0.179417789296211,0.979924228878293,0.152110722220451,1,0.1,0.95,"2022-12-16 09:30:00",105.5,4.39583333333333,0.741743523319445,4730.21872565288,54369.1352154832,FALSE,3,3,2,0.385513911000635,0.422180333699687,0.959364222263265,0.152756955500318,-0.247159947427833,44.1155337895461,31.3773106144161,24.4891610975961,-0.920043009574599,-0.971035851554919,0.536982398159639,1.67772665694039,0.67095101831149,0.0515043544142478
"Tuna",46,"Event_45_1.csv","2023-01-04 07:30:00","2023-01-04 16:30:00",13,"2023-01-04 10:30:00",0.120857568658561,3,6,0.333333333333333,0.0129617241279204,1.13959958112253,0.852152617625427,0.0499751821061276,4,3468.36339151017,0.0829319808908719,147.503846346508,0.0352696208144797,9,37,900,-0.163487697157454,0.918289574999759,-0.136706085258393,3,0.1,0.95,"2022-12-21 09:45:00",333.75,13.90625,1.63250678855586,4671.28137658748,31206.1519076353,FALSE,4,1,0,0.385513911000635,0.422180333699687,0.959364222263265,0.152756955500318,-0.247159947427833,44.1155337895461,31.3773106144161,24.4891610975961,-0.920043009574599,-0.971035851554919,0.536982398159639,1.67772665694039,0.67095101831149,0.0515043544142478
"Tuna",47,"Event_45_2.csv","2023-01-05 01:30:00","2023-01-06 18:30:00",129,"2023-01-06 09:30:00",0.240841008597966,32,9,0.780487804878049,0.017344393732582,1.5111659158955,0.649500797273921,0.0760355955361258,2,24195.6408356009,0.578541576217813,877.690598131697,0.209864456794023,41,165,900,0.0880619076233533,0.799194974482817,0.0586776040575315,2,0.35,0.95,"2023-01-04 16:30:00",9,0.375,0.120857568658561,147.503846346508,3468.36339151017,FALSE,5,1,1,0.385513911000635,0.422180333699687,0.959364222263265,0.152756955500318,-0.247159947427833,44.1155337895461,31.3773106144161,24.4891610975961,-0.920043009574599,-0.971035851554919,0.536982398159639,1.67772665694039,0.67095101831149,0.0515043544142478
"Tuna",48,"Event_46_1.csv","2023-01-05 01:45:00","2023-01-06 17:45:00",128,"2023-01-06 09:30:00",0.240841008597966,31.75,8.25,0.79375,0.0174845286244104,1.50685583876664,0.645156300899459,0.0760355955361258,2,23711.2059657835,0.566958261890108,866.59340801198,0.207211009461476,40,161,900,0.0878271160537496,0.798267593702652,0.0589485956927704,2,0.35,0.95,"2023-01-06 18:30:00",-40.75,-1.69791666666667,0.240841008597966,877.690598131697,24195.6408356009,TRUE,5,1,1,0.385513911000635,0.422180333699687,0.959364222263265,0.152756955500318,-0.247159947427833,44.1155337895461,31.3773106144161,24.4891610975961,-0.920043009574599,-0.971035851554919,0.536982398159639,1.67772665694039,0.67095101831149,0.0515043544142478
"Tuna",49,"Event_46_2.csv","2023-01-06 17:45:00","2023-01-07 14:45:00",37,"2023-01-07 02:45:00",0.341989395481295,9,12,0.428571428571429,0.0261059710390445,1.27637234855858,0.570950864273087,0.134827670228589,2,17703.4881153304,0.423307817651451,885.607934633105,0.211757569842813,21,85,900,0.0485047182700492,0.72411384005037,0.0361797895218886,2,0.1,0.95,"2023-01-06 17:45:00",0,0,0.240841008597966,866.59340801198,23711.2059657835,FALSE,5,1,1,0.385513911000635,0.422180333699687,0.959364222263265,0.152756955500318,-0.247159947427833,44.1155337895461,31.3773106144161,24.4891610975961,-0.920043009574599,-0.971035851554919,0.536982398159639,1.67772665694039,0.67095101831149,0.0515043544142478
"Tuna",50,"Event_46_3.csv","2023-01-07 16:45:00","2023-01-08 10:45:00",10,"2023-01-07 19:00:00",0.22816853809602,2.25,15.75,0.125,0.0149686831692243,1.21195350062454,0.791249467295705,0.0865769497571989,2,10747.8254535253,0.256991080378715,315.152617016494,0.0753560912218603,18,73,900,-0.0194941878303945,0.719912946942807,-0.00418901432365515,3,0.25,0.95,"2023-01-07 14:45:00",2,0.0833333333333333,0.341989395481295,885.607934633105,17703.4881153304,FALSE,8,4,4,0.385513911000635,0.422180333699687,0.959364222263265,0.152756955500318,-0.247159947427833,44.1155337895461,31.3773106144161,24.4891610975961,-0.920043009574599,-0.971035851554919,0.536982398159639,1.67772665694039,0.67095101831149,0.0515043544142478
"Tuna",51,"Event_47.csv","2023-01-10 07:30:00","2023-01-12 03:00:00",45,"2023-01-10 18:30:00",0.147628088527485,11,32.5,0.252873563218391,0.00823170806979633,1.19078445289942,0.885263705577133,0.0398878666986268,17,20540.2865095318,0.491138458118663,446.460199305351,0.106753025960191,43.5,175,900,0.0530693283827982,0.688751217054102,0.0728685670739721,2,0.1,0.95,"2023-01-08 10:45:00",44.75,1.86458333333333,0.22816853809602,315.152617016494,10747.8254535253,FALSE,8,5,5,0.385513911000635,0.422180333699687,0.959364222263265,0.152756955500318,-0.247159947427833,44.1155337895461,31.3773106144161,24.4891610975961,-0.920043009574599,-0.971035851554919,0.536982398159639,1.67772665694039,0.67095101831149,0.0515043544142478
"Tuna",52,"Event_48.csv","2023-01-12 09:00:00","2023-01-13 14:00:00",13,"2023-01-12 12:00:00",0.134652437374936,3,26,0.103448275862069,0.00718658374201587,1.0866475927726,0.914705891486404,0.0222853024100128,14,12712.4860142146,0.303968047231427,238.063502509171,0.0569233255351257,29,117,900,-0.1186308311148,0.81877942156697,-0.0583422575948601,3,0.3,0.95,"2023-01-12 03:00:00",6,0.25,0.147628088527485,446.460199305351,20540.2865095318,FALSE,9,6,5,0.385513911000635,0.422180333699687,0.959364222263265,0.152756955500318,-0.247159947427833,44.1155337895461,31.3773106144161,24.4891610975961,-0.920043009574599,-0.971035851554919,0.536982398159639,1.67772665694039,0.67095101831149,0.0515043544142478
"Tuna",53,"Event_49.csv","2023-01-23 22:00:00","2023-01-24 20:15:00",17,"2023-01-24 02:00:00",0.108117453991083,4,18.25,0.179775280898876,0.00705285394070834,1.11600831426882,0.908642931169538,0.0151551985947557,9,7815.25499621466,0.186870435661345,141.107311736285,0.0337401464596261,22.25,90,900,0.059933780879125,0.890525522142861,0.0475290607131739,2,0.2,0.999,"2023-01-13 14:00:00",248,10.3333333333333,0.134652437374936,238.063502509171,12712.4860142146,FALSE,7,2,0,0.385513911000635,0.422180333699687,0.959364222263265,0.152756955500318,-0.247159947427833,44.1155337895461,31.3773106144161,24.4891610975961,-0.920043009574599,-0.971035851554919,0.536982398159639,1.67772665694039,0.67095101831149,0.0515043544142478
"Tuna",54,"Event_50_1.csv","2023-01-25","2023-01-25 16:45:00",25,"2023-01-25 06:00:00",0.121438321271735,6,10.75,0.358208955223881,0.00990453410837299,1.19484883396571,0.869998452248371,0.0209016922033037,5,6319.49916763535,0.151105442265097,128.815315466329,0.0308010092219712,16.75,68,900,-0.159873415893753,0.936684099617009,-0.133267435831687,4,0.1,0.999,"2023-01-24 20:15:00",3.75,0.15625,0.108117453991083,141.107311736285,7815.25499621466,FALSE,8,3,1,0.385513911000635,0.422180333699687,0.959364222263265,0.152756955500318,-0.247159947427833,44.1155337895461,31.3773106144161,24.4891610975961,-0.920043009574599,-0.971035851554919,0.536982398159639,1.67772665694039,0.67095101831149,0.0515043544142478
"Tuna",55,"Event_50_2.csv","2023-01-27 15:00:00","2023-01-28 16:45:00",51,"2023-01-28 03:30:00",1.09275530221015,12.5,13.25,0.485436893203884,0.0492697592424223,2.72461988638037,0.286452402571306,0.273009777072808,1,36486.2792456396,0.872422832216809,3727.03696613147,0.891171205449167,25.75,104,900,0.0344076255857014,0.959352496190236,0.0280555877286792,2,0.1,0.95,"2023-01-25 16:45:00",46.25,1.92708333333333,0.121438321271735,128.815315466329,6319.49916763535,FALSE,9,2,2,0.385513911000635,0.422180333699687,0.959364222263265,0.152756955500318,-0.247159947427833,44.1155337895461,31.3773106144161,24.4891610975961,-0.920043009574599,-0.971035851554919,0.536982398159639,1.67772665694039,0.67095101831149,0.0515043544142478
"Tuna",56,"Event_51_1.csv","2023-01-27 20:00:00","2023-01-28 17:30:00",31,"2023-01-28 03:30:00",1.09275530221015,7.5,14,0.348837209302326,0.0504383750222101,1.96277205589491,0.27033513793958,0.273009777072808,1,34149.7847087744,0.816554949180895,3609.65492625747,0.863104004902677,21.5,87,900,0.0364343963861719,0.87381979070309,0.0295654306211662,2,0.1,0.95,"2023-01-28 16:45:00",-20.75,-0.864583333333333,1.09275530221015,3727.03696613147,36486.2792456396,TRUE,9,2,2,0.385513911000635,0.422180333699687,0.959364222263265,0.152756955500318,-0.247159947427833,44.1155337895461,31.3773106144161,24.4891610975961,-0.920043009574599,-0.971035851554919,0.536982398159639,1.67772665694039,0.67095101831149,0.0515043544142478
"Tuna",57,"Event_51_2.csv","2023-01-28 17:00:00","2023-01-29 08:30:00",20,"2023-01-28 21:45:00",0.777915127387929,4.75,10.75,0.306451612903226,0.0504783163593753,1.89848528766022,0.418875453313993,0.19641995908533,1,21395.5147230862,0.511587806084173,1760.76884500154,0.421017153405398,15.5,63,900,-0.00586466340087485,0.841466171776208,0.000879772127150983,2,0.1,0.95,"2023-01-28 17:30:00",-0.5,-0.0208333333333333,1.09275530221015,3609.65492625747,34149.7847087744,TRUE,10,3,3,0.385513911000635,0.422180333699687,0.959364222263265,0.152756955500318,-0.247159947427833,44.1155337895461,31.3773106144161,24.4891610975961,-0.920043009574599,-0.971035851554919,0.536982398159639,1.67772665694039,0.67095101831149,0.0515043544142478
"Tuna",58,"Event_52_1.csv","2023-02-02 11:45:00","2023-02-03 10:45:00",9,"2023-02-02 13:45:00",0.854140631272701,2,21,0.0869565217391304,0.0501465187471629,2.31148369618683,0.450289340031141,0.0775371307760312,2,30793.0621166089,0.736292409635344,2571.31908495387,0.614827690027253,23,93,900,0.0524536955072829,0.983226165968909,0.0424213684503682,2,0.1,0.95,"2023-01-29 08:30:00",99.25,4.13541666666667,0.777915127387929,1760.76884500154,21395.5147230862,FALSE,12,5,3,0.385513911000635,0.422180333699687,0.959364222263265,0.152756955500318,-0.247159947427833,44.1155337895461,31.3773106144161,24.4891610975961,-0.920043009574599,-0.971035851554919,0.536982398159639,1.67772665694039,0.67095101831149,0.0515043544142478
"Tuna",59,"Event_52_2.csv","2023-02-04 07:45:00","2023-02-04 22:45:00",19,"2023-02-04 12:15:00",0.216168474414808,4.5,10.5,0.3,0.0105810759615718,1.20390548009099,0.872313094470805,0.0589018592518766,1,9626.04226714807,0.230168140774389,270.987063817878,0.0647956729483081,15,61,900,0.0367779796566396,0.603222787531493,0.0370510015085703,2,0.1,0.95,"2023-02-03 10:45:00",21,0.875,0.854140631272701,2571.31908495387,30793.0621166089,FALSE,12,6,4,0.385513911000635,0.422180333699687,0.959364222263265,0.152756955500318,-0.247159947427833,44.1155337895461,31.3773106144161,24.4891610975961,-0.920043009574599,-0.971035851554919,0.536982398159639,1.67772665694039,0.67095101831149,0.0515043544142478
"Tuna",60,"Event_53.csv","2023-02-06 00:45:00","2023-02-07 15:15:00",21,"2023-02-06 05:45:00",0.180683282246157,5,33.5,0.12987012987013,0.00632116869585511,1.10485249938603,0.910796323242723,0.0192118520159907,12,21507.8576447927,0.514274035865918,497.998346943708,0.119076304096379,38.5,155,900,0.0332166358008267,0.773360054529109,0.0279830687288354,2,0.2,0.999,"2023-02-04 22:45:00",26,1.08333333333333,0.216168474414808,270.987063817878,9626.04226714807,FALSE,11,7,2,0.385513911000635,0.422180333699687,0.959364222263265,0.152756955500318,-0.247159947427833,44.1155337895461,31.3773106144161,24.4891610975961,-0.920043009574599,-0.971035851554919,0.536982398159639,1.67772665694039,0.67095101831149,0.0515043544142478
"Tuna",61,"Event_55.csv","2023-03-18","2023-03-18 18:00:00",14,"2023-03-18 03:15:00",0.424998891543719,3.25,14.75,0.180555555555556,0.0471104910272939,1.98387214303203,0.60006681610279,0.249483651186875,1,12377.8269025521,0.295966018631632,704.505668489294,0.168454236311223,18,73,900,-0.021989654481414,0.990472787206994,-0.0245922858466629,3,0.1,0.95,"2023-02-07 15:15:00",920.75,38.3645833333333,0.180683282246157,497.998346943708,21507.8576447927,FALSE,0,0,0,0.385513911000635,0.422180333699687,0.959364222263265,0.152756955500318,-0.247159947427833,44.1155337895461,31.3773106144161,24.4891610975961,-0.920043009574599,-0.971035851554919,0.536982398159639,1.67772665694039,0.67095101831149,0.0515043544142478
"Tuna",62,"Event_56.csv","2023-03-21 14:45:00","2023-03-22 10:45:00",18,"2023-03-21 19:00:00",0.185778835325,4.25,15.75,0.2125,0.0141360258072287,1.26939826856212,0.816409450260581,0.0751500485771415,1,9912.66636008037,0.237021604819163,294.180796956479,0.0703415227232963,20,81,900,-0.0609411400367387,0.975243553765509,-0.0486435389934236,3,0.1,0.95,"2023-03-18 18:00:00",68.75,2.86458333333333,0.424998891543719,704.505668489294,12377.8269025521,FALSE,1,1,1,0.385513911000635,0.422180333699687,0.959364222263265,0.152756955500318,-0.247159947427833,44.1155337895461,31.3773106144161,24.4891610975961,-0.920043009574599,-0.971035851554919,0.536982398159639,1.67772665694039,0.67095101831149,0.0515043544142478
"Tuna",63,"Event_57.csv","2023-04-22 10:15:00","2023-04-23 09:30:00",13,"2023-04-22 13:15:00",0.285456472386698,3,20.25,0.129032258064516,0.0258288733337881,1.52897603375129,0.693973347678582,0.160065065043019,1,12660.7484195859,0.302730950444053,571.978789269064,0.136765755681074,23.25,94,900,0.0147427048332926,0.965579673746657,0.0111964080411382,2,0.1,0.999,"2023-03-22 10:45:00",743.5,30.9791666666667,0.185778835325,294.180796956479,9912.66636008037,FALSE,0,0,0,0.385513911000635,0.422180333699687,0.959364222263265,0.152756955500318,-0.247159947427833,44.1155337895461,31.3773106144161,24.4891610975961,-0.920043009574599,-0.971035851554919,0.536982398159639,1.67772665694039,0.67095101831149,0.0515043544142478
"Tuna",64,"Event_58_1.csv","2023-04-30 16:15:00","2023-05-01 09:45:00",37,"2023-05-01 01:15:00",0.267330301035098,9,8.5,0.514285714285714,0.0268660666662848,1.66327328085667,0.635289464215715,0.17138709588437,1,10325.2296116392,0.246886398046511,500.460366502653,0.119664997194441,17.5,71,900,0.0115469572225427,0.964077750268897,0.00738664540212088,2,0.1,0.95,"2023-04-23 09:30:00",174.75,7.28125,0.285456472386698,571.978789269064,12660.7484195859,FALSE,1,1,0,0.385513911000635,0.422180333699687,0.959364222263265,0.152756955500318,-0.247159947427833,44.1155337895461,31.3773106144161,24.4891610975961,-0.920043009574599,-0.971035851554919,0.536982398159639,1.67772665694039,0.67095101831149,0.0515043544142478
"Tuna",65,"Event_58_2.csv","2023-05-01 09:45:00","2023-05-02 11:45:00",30,"2023-05-01 17:00:00",0.767700767753026,7.25,18.75,0.278846153846154,0.0435193818974934,2.47667231213354,0.393733002508214,0.130263515840417,1,32528.3133750681,0.777783974377279,2962.09937424635,0.708267101720566,26,105,900,0.0723287790612708,1,0.0584041495747509,2,0.15,0.95,"2023-05-01 09:45:00",0,0,0.267330301035098,500.460366502653,10325.2296116392,FALSE,1,1,0,0.385513911000635,0.422180333699687,0.959364222263265,0.152756955500318,-0.247159947427833,44.1155337895461,31.3773106144161,24.4891610975961,-0.920043009574599,-0.971035851554919,0.536982398159639,1.67772665694039,0.67095101831149,0.0515043544142478
"Tuna",66,"Event_59_2.csv","2023-05-02 20:00:00","2023-05-04 00:15:00",41,"2023-05-03 06:00:00",0.440151007756398,10,18.25,0.353982300884956,0.024891624021731,1.70389467191977,0.708609542417341,0.168490708884702,1,24940.4311976288,0.596350246503804,1340.90620591974,0.320623865763291,28.25,114,900,-0.115245933282015,0.957875747865196,-0.0823314698701212,4,0.15,0.95,"2023-05-02 11:45:00",8.25,0.34375,0.767700767753026,2962.09937424635,32528.3133750681,FALSE,3,3,2,0.385513911000635,0.422180333699687,0.959364222263265,0.152756955500318,-0.247159947427833,44.1155337895461,31.3773106144161,24.4891610975961,-0.920043009574599,-0.971035851554919,0.536982398159639,1.67772665694039,0.67095101831149,0.0515043544142478
"Tuna",67,"Event_60_1.csv","2023-05-04 06:30:00","2023-05-05 01:00:00",14,"2023-05-04 09:45:00",0.421753289891969,3.25,15.25,0.175675675675676,0.0344518055724225,1.58521018813887,0.743227743412729,0.219946180125165,1,13954.0852948786,0.333655907526054,691.622772652846,0.16537380917391,18.5,75,900,-0.0336124784285139,0.940820263478839,-0.0283752394798619,3,0.1,0.9,"2023-05-04 00:15:00",6.25,0.260416666666667,0.440151007756398,1340.90620591974,24940.4311976288,FALSE,4,4,3,0.385513911000635,0.422180333699687,0.959364222263265,0.152756955500318,-0.247159947427833,44.1155337895461,31.3773106144161,24.4891610975961,-0.920043009574599,-0.971035851554919,0.536982398159639,1.67772665694039,0.67095101831149,0.0515043544142478
"Tuna",68,"Event_60_2.csv","2023-05-05 08:30:00","2023-05-05 21:00:00",11,"2023-05-05 11:00:00",0.179168356357904,2.5,10,0.2,0.00899918902692134,1.08672213160104,0.908440333822694,0.0313458128423454,5,7181.83149113091,0.171724656488372,187.436445492277,0.0448178981299022,12.5,51,900,-0.183889096822826,0.791860266048052,-0.141125972594484,3,0.2,0.9,"2023-05-05 01:00:00",7.5,0.3125,0.421753289891969,691.622772652846,13954.0852948786,FALSE,5,5,4,0.385513911000635,0.422180333699687,0.959364222263265,0.152756955500318,-0.247159947427833,44.1155337895461,31.3773106144161,24.4891610975961,-0.920043009574599,-0.971035851554919,0.536982398159639,1.67772665694039,0.67095101831149,0.0515043544142478
"Tuna",70,"Event_61_2.csv","2023-05-09 06:45:00","2023-05-09 16:30:00",15,"2023-05-09 10:15:00",0.275008451738945,3.5,6.25,0.358974358974359,0.030072542918894,1.31071576834161,0.669979952602735,0.128153277313327,1,7198.02611348126,0.172111885841151,359.522950496201,0.0859654744752642,9.75,40,900,-0.0398373439311633,0.98690053166292,-0.0367536896243759,3,0.15,0.85,"2023-05-05 21:00:00",81.75,3.40625,0.179168356357904,187.436445492277,7181.83149113091,FALSE,6,5,4,0.385513911000635,0.422180333699687,0.959364222263265,0.152756955500318,-0.247159947427833,44.1155337895461,31.3773106144161,24.4891610975961,-0.920043009574599,-0.971035851554919,0.536982398159639,1.67772665694039,0.67095101831149,0.0515043544142478
"Tuna",69,"Event_61.csv","2023-05-09 15:45:00","2023-05-10 16:30:00",12,"2023-05-09 18:30:00",1.15820738343776,2.75,22,0.111111111111111,0.0501044078792188,2.60259741014984,0.359641796149143,0.123535941987513,1,39604.1560025119,0.946974332862317,4444.89782706474,1.06281879966305,24.75,100,900,0.0961421709431961,0.995527807492896,0.0937537889448945,2,0.1,0.95,"2023-05-09 16:30:00",-0.75,-0.03125,0.275008451738945,359.522950496201,7198.02611348126,TRUE,6,5,3,0.385513911000635,0.422180333699687,0.959364222263265,0.152756955500318,-0.247159947427833,44.1155337895461,31.3773106144161,24.4891610975961,-0.920043009574599,-0.971035851554919,0.536982398159639,1.67772665694039,0.67095101831149,0.0515043544142478
"Tuna",71,"Event_63.csv","2023-05-19 04:45:00","2023-05-19 22:45:00",43,"2023-05-19 15:15:00",0.941686149087601,10.5,7.5,0.583333333333333,0.0741669771283439,2.6296169004316,0.33715425271166,0.262838342471789,1,25717.0792829424,0.614920666295401,2711.41191085313,0.648325262942665,18,73,900,0.033656171715987,0.912175718964373,0.0296867750865797,2,0.1,0.95,"2023-05-10 16:30:00",204.25,8.51041666666667,1.15820738343776,4444.89782706474,39604.1560025119,FALSE,8,3,0,0.385513911000635,0.422180333699687,0.959364222263265,0.152756955500318,-0.247159947427833,44.1155337895461,31.3773106144161,24.4891610975961,-0.920043009574599,-0.971035851554919,0.536982398159639,1.67772665694039,0.67095101831149,0.0515043544142478
"Tuna",73,"Event_64_1.csv","2023-05-22 05:15:00","2023-05-22 15:15:00",9,"2023-05-22 07:15:00",0.160051560221547,2,8,0.2,0.00969980393411488,1.07256186644902,0.949615042670541,0.0372626756959099,4,5230.61979003698,0.125069265099666,130.765145696519,0.0312672328125741,10,41,900,-0.135354602334947,0.756694340147534,-0.134964443796105,3,0.1,0.9,"2023-05-19 22:45:00",54.5,2.27083333333333,0.941686149087601,2711.41191085313,25717.0792829424,FALSE,9,3,1,0.385513911000635,0.422180333699687,0.959364222263265,0.152756955500318,-0.247159947427833,44.1155337895461,31.3773106144161,24.4891610975961,-0.920043009574599,-0.971035851554919,0.536982398159639,1.67772665694039,0.67095101831149,0.0515043544142478
"Tuna",72,"Event_64_2.csv","2023-05-22 15:15:00","2023-05-23 15:15:00",58,"2023-05-23 05:30:00",0.173866413309911,14.25,9.75,0.59375,0.00837644527217091,1.15684235462995,0.905354403377987,0.00809280816278881,8,13163.6082615735,0.314754823982962,373.203252335901,0.0892365692328909,24,97,900,-0.123748695605954,0.675627231936005,-0.130271312538893,3,0.1,0.95,"2023-05-22 15:15:00",0,0,0.160051560221547,130.765145696519,5230.61979003698,FALSE,9,3,1,0.385513911000635,0.422180333699687,0.959364222263265,0.152756955500318,-0.247159947427833,44.1155337895461,31.3773106144161,24.4891610975961,-0.920043009574599,-0.971035851554919,0.536982398159639,1.67772665694039,0.67095101831149,0.0515043544142478
"Tuna",74,"Event_66.csv","2023-05-30 01:45:00","2023-05-30 09:00:00",12,"2023-05-30 04:30:00",0.20127454398545,2.75,4.5,0.379310344827586,0.0155489864661807,1.15871718971662,0.811049507951118,0.0527358326862915,3,4589.8986094612,0.109748991326176,321.272912355734,0.0768195140493609,7.25,30,900,0.0877311761679164,0.212112986792337,0.058691411328262,6,0.1,0.85,"2023-05-23 15:15:00",154.5,6.4375,0.173866413309911,373.203252335901,13163.6082615735,FALSE,10,3,1,0.385513911000635,0.422180333699687,0.959364222263265,0.152756955500318,-0.247159947427833,44.1155337895461,31.3773106144161,24.4891610975961,-0.920043009574599,-0.971035851554919,0.536982398159639,1.67772665694039,0.67095101831149,0.0515043544142478
"Tuna",75,"Event_68_1.csv","2023-06-17 18:45:00","2023-06-18 18:00:00",70,"2023-06-18 12:00:00",0.570684156060303,17.25,6,0.741935483870968,0.0522402187511499,2.78619734750378,0.594551939217206,0.295249702248304,1,18876.8761094651,0.451364678978426,1452.89680982967,0.347401920929454,23.25,94,900,-0.0230996515723403,0.993292463954948,-0.0200041544716985,3,0.15,0.95,"2023-05-30 09:00:00",441.75,18.40625,0.20127454398545,321.272912355734,4589.8986094612,FALSE,4,0,0,0.385513911000635,0.422180333699687,0.959364222263265,0.152756955500318,-0.247159947427833,44.1155337895461,31.3773106144161,24.4891610975961,-0.920043009574599,-0.971035851554919,0.536982398159639,1.67772665694039,0.67095101831149,0.0515043544142478
"Tuna",76,"Event_68_2.csv","2023-06-18 19:45:00","2023-06-19 16:00:00",11,"2023-06-18 22:15:00",0.424070314467725,2.5,17.75,0.123456790123457,0.0371703090533284,1.47347201363514,0.621395174938992,0.0654531030083528,2,17969.7212863467,0.429673714692484,1314.30314984093,0.314262813332144,20.25,82,900,0.055300415984801,0.72817930062129,0.0519916289982797,2,0.1,0.9,"2023-06-18 18:00:00",1.75,0.0729166666666667,0.570684156060303,1452.89680982967,18876.8761094651,FALSE,5,1,1,0.385513911000635,0.422180333699687,0.959364222263265,0.152756955500318,-0.247159947427833,44.1155337895461,31.3773106144161,24.4891610975961,-0.920043009574599,-0.971035851554919,0.536982398159639,1.67772665694039,0.67095101831149,0.0515043544142478
"Tuna",77,"Event_68_3.csv","2023-06-20 00:45:00","2023-06-20 13:00:00",6,"2023-06-20 02:00:00",0.59093991135971,1.25,11,0.102040816326531,0.063313861649076,1.83872088178104,0.559768763459222,0.227844845756317,1,12466.9090281871,0.298096059895176,1142.44571015608,0.273170008758135,12.25,50,900,0.133750946629305,0.956647453387645,0.127959389784267,1,0.1,0.95,"2023-06-19 16:00:00",8.75,0.364583333333333,0.424070314467725,1314.30314984093,17969.7212863467,FALSE,5,2,2,0.385513911000635,0.422180333699687,0.959364222263265,0.152756955500318,-0.247159947427833,44.1155337895461,31.3773106144161,24.4891610975961,-0.920043009574599,-0.971035851554919,0.536982398159639,1.67772665694039,0.67095101831149,0.0515043544142478
"Tuna",79,"Event_69_1.csv","2023-06-22 02:30:00","2023-06-22 21:15:00",14,"2023-06-22 05:45:00",0.805339705878316,3.25,15.5,0.173333333333333,0.0601017940386489,1.75447044796655,0.504453084487349,0.258512828647984,1,21954.8526320533,0.524962125768076,2064.04655072968,0.493533836512015,18.75,76,900,0.0941441389197444,1,0.07130169462089,1,0.1,0.85,"2023-06-20 13:00:00",37.5,1.5625,0.59093991135971,1142.44571015608,12466.9090281871,FALSE,5,3,3,0.385513911000635,0.422180333699687,0.959364222263265,0.152756955500318,-0.247159947427833,44.1155337895461,31.3773106144161,24.4891610975961,-0.920043009574599,-0.971035851554919,0.536982398159639,1.67772665694039,0.67095101831149,0.0515043544142478
"Tuna",78,"Event_69_2.csv","2023-06-22 22:30:00","2023-06-23 12:15:00",9,"2023-06-23 00:30:00",0.488683109247657,2,11.75,0.145454545454545,0.0452848619955837,1.53546012027592,0.566019515737514,0.137352229234521,2,15627.0204234659,0.373657432295712,1226.00453198008,0.293149745113714,13.75,56,900,-0.0161335487192336,0.927362053066005,-0.0160270912225053,3,0.1,0.95,"2023-06-22 21:15:00",1.25,0.0520833333333333,0.805339705878316,2064.04655072968,21954.8526320533,FALSE,5,4,4,0.385513911000635,0.422180333699687,0.959364222263265,0.152756955500318,-0.247159947427833,44.1155337895461,31.3773106144161,24.4891610975961,-0.920043009574599,-0.971035851554919,0.536982398159639,1.67772665694039,0.67095101831149,0.0515043544142478
"Tuna",80,"Event_71.csv","2023-06-30 17:30:00","2023-07-01 14:15:00",27,"2023-07-01",0.172903603216993,6.5,14.25,0.313253012048193,0.0071075666015694,1.13997340819034,0.932411403350011,0.0250638955627762,9,11387.7479151891,0.272292255997236,317.809866851477,0.0759914657996122,20.75,84,900,0.0327553581383429,0.947604504349438,0.03041577668534,2,0.1,0.95,"2023-06-23 12:15:00",173.25,7.21875,0.488683109247657,1226.00453198008,15627.0204234659,FALSE,5,5,0,0.385513911000635,0.422180333699687,0.959364222263265,0.152756955500318,-0.247159947427833,44.1155337895461,31.3773106144161,24.4891610975961,-0.920043009574599,-0.971035851554919,0.536982398159639,1.67772665694039,0.67095101831149,0.0515043544142478
"Tuna",81,"Event_72_1.csv","2023-07-07 23:00:00","2023-07-08 15:30:00",38,"2023-07-08 08:15:00",0.509141104419214,9.25,7.25,0.560606060606061,0.0423723874756182,2.08127153203893,0.52913922187967,0.259370694849948,1,15129.6477059398,0.361764761300948,1158.17408677746,0.276930818345161,16.5,67,900,0.0402552756148221,0.993698013156574,0.0364961358195515,1,0.1,0.95,"2023-07-01 14:15:00",152.75,6.36458333333333,0.172903603216993,317.809866851477,11387.7479151891,FALSE,6,1,1,0.385513911000635,0.422180333699687,0.959364222263265,0.152756955500318,-0.247159947427833,44.1155337895461,31.3773106144161,24.4891610975961,-0.920043009574599,-0.971035851554919,0.536982398159639,1.67772665694039,0.67095101831149,0.0515043544142478
"Tuna",82,"Event_73.csv","2023-07-09 14:30:00","2023-07-10 01:30:00",13,"2023-07-09 17:30:00",0.176857787838385,3,8,0.272727272727273,0.00876446748164136,1.07695095535036,0.902204208225594,0.0268001228181999,4,6434.01946710919,0.153843735291378,177.701837493748,0.0424902575877079,11,45,900,-0.208590205323654,0.994900697793801,-0.19494367353019,4,0.1,0.95,"2023-07-08 15:30:00",23,0.958333333333333,0.509141104419214,1158.17408677746,15129.6477059398,FALSE,7,2,1,0.385513911000635,0.422180333699687,0.959364222263265,0.152756955500318,-0.247159947427833,44.1155337895461,31.3773106144161,24.4891610975961,-0.920043009574599,-0.971035851554919,0.536982398159639,1.67772665694039,0.67095101831149,0.0515043544142478
"Tuna",83,"Event_74.csv","2023-08-02 05:45:00","2023-08-02 15:15:00",14,"2023-08-02 09:00:00",0.141558691813753,3.25,6.25,0.342105263157895,0.0114684937493092,1.11052600025671,0.93169648653484,0.0317213428009126,5,4395.93227007508,0.105111065326029,126.170772398294,0.0301686729572067,9.5,39,900,-0.218962095957828,0.418132530609365,-0.167843891917213,3,0.1,0.9,"2023-07-10 01:30:00",556.25,23.1770833333333,0.176857787838385,177.701837493748,6434.01946710919,FALSE,2,0,0,0.385513911000635,0.422180333699687,0.959364222263265,0.152756955500318,-0.247159947427833,44.1155337895461,31.3773106144161,24.4891610975961,-0.920043009574599,-0.971035851554919,0.536982398159639,1.67772665694039,0.67095101831149,0.0515043544142478
"Tuna",84,"Event_75.csv","2023-08-10 11:45:00","2023-08-10 17:45:00",9,"2023-08-10 13:45:00",0.139059764072888,2,4,0.333333333333333,0.0119493124946478,1.0740450849846,0.921888888190279,0.0373464483685603,3,2791.99397938262,0.0667593228300022,89.587858037579,0.0214213382283212,6,25,900,-0.156464988672166,0.385000475690015,-0.116934919110043,3,0.25,0.95,"2023-08-02 15:15:00",188.5,7.85416666666667,0.141558691813753,126.170772398294,4395.93227007508,FALSE,1,1,0,0.385513911000635,0.422180333699687,0.959364222263265,0.152756955500318,-0.247159947427833,44.1155337895461,31.3773106144161,24.4891610975961,-0.920043009574599,-0.971035851554919,0.536982398159639,1.67772665694039,0.67095101831149,0.0515043544142478
"Tuna",85,"Event_76.csv","2023-08-16 09:30:00","2023-08-16 14:00:00",5,"2023-08-16 10:30:00",0.141827746539041,1,3.5,0.222222222222222,0.0182410113133708,1.10820825745182,0.888584638000706,0.054982073410711,3,2134.31012294697,0.0510334547887047,59.1392802304007,0.014140783719413,4.5,19,900,0.258625356699707,0.995827732990364,0.210195099395683,2,0.1,0.95,"2023-08-10 17:45:00",135.75,5.65625,0.139059764072888,89.587858037579,2791.99397938262,FALSE,2,2,1,0.385513911000635,0.422180333699687,0.959364222263265,0.152756955500318,-0.247159947427833,44.1155337895461,31.3773106144161,24.4891610975961,-0.920043009574599,-0.971035851554919,0.536982398159639,1.67772665694039,0.67095101831149,0.0515043544142478
"Tuna",86,"Event_78.csv","2023-08-19 19:30:00","2023-08-20 22:00:00",49,"2023-08-20 07:30:00",0.352351452831317,12,14.5,0.452830188679245,0.0270614021911301,1.75835605513304,0.634773176024343,0.218577159518615,1,18274.6944690666,0.43696592352604,1108.46837390266,0.26504569338856,26.5,107,900,-0.00227436875446771,0.890868758774779,-0.000355623680013651,3,0.1,0.95,"2023-08-16 14:00:00",77.5,3.22916666666667,0.141827746539041,59.1392802304007,2134.31012294697,FALSE,3,2,1,0.385513911000635,0.422180333699687,0.959364222263265,0.152756955500318,-0.247159947427833,44.1155337895461,31.3773106144161,24.4891610975961,-0.920043009574599,-0.971035851554919,0.536982398159639,1.67772665694039,0.67095101831149,0.0515043544142478
"Tuna",87,"Event_79.csv","2023-08-30 23:30:00","2023-08-31 09:45:00",14,"2023-08-31 02:45:00",0.152518986646245,3.25,7,0.317073170731707,0.0136680840412435,1.15289534257023,0.877965629048721,0.0470439490547214,4,4826.13329888669,0.115397595159659,163.390940921463,0.0390683814256854,10.25,42,900,-0.193299109569359,0.68194139045761,-0.158500467358274,3,0.1,0.9,"2023-08-20 22:00:00",241.5,10.0625,0.352351452831317,1108.46837390266,18274.6944690666,FALSE,4,1,0,0.385513911000635,0.422180333699687,0.959364222263265,0.152756955500318,-0.247159947427833,44.1155337895461,31.3773106144161,24.4891610975961,-0.920043009574599,-0.971035851554919,0.536982398159639,1.67772665694039,0.67095101831149,0.0515043544142478
"Tuna",88,"Event_80_1.csv","2023-09-05 05:30:00","2023-09-06 01:00:00",27,"2023-09-05 12:00:00",0.149464399423908,6.5,13,0.333333333333333,0.00867714857188493,1.13232413110639,0.86550035526692,0.00460179367916416,8,9338.80133726361,0.22329992755124,270.366880981154,0.0646473811306456,19.5,79,900,0.050504970764722,0.722932041270323,0.0464084980483413,2,0.1,0.9,"2023-08-31 09:45:00",115.75,4.82291666666667,0.152518986646245,163.390940921463,4826.13329888669,FALSE,4,1,1,0.385513911000635,0.422180333699687,0.959364222263265,0.152756955500318,-0.247159947427833,44.1155337895461,31.3773106144161,24.4891610975961,-0.920043009574599,-0.971035851554919,0.536982398159639,1.67772665694039,0.67095101831149,0.0515043544142478
"Tuna",89,"Event_80_2.csv","2023-09-06 03:30:00","2023-09-06 21:00:00",24,"2023-09-06 09:15:00",0.195970480319307,5.75,11.75,0.328571428571429,0.0173653579595455,1.34354445332661,0.840323680233402,0.100776007988692,1,8925.61358305099,0.213420201851049,323.830247461289,0.0774309980323385,17.5,71,900,-0.184971900331417,0.564974479744096,-0.170904914565218,4,0.1,0.95,"2023-09-06 01:00:00",2.5,0.104166666666667,0.149464399423908,270.366880981154,9338.80133726361,FALSE,5,2,2,0.385513911000635,0.422180333699687,0.959364222263265,0.152756955500318,-0.247159947427833,44.1155337895461,31.3773106144161,24.4891610975961,-0.920043009574599,-0.971035851554919,0.536982398159639,1.67772665694039,0.67095101831149,0.0515043544142478
"Tuna",90,"Event_81_1.csv","2023-09-11 19:15:00","2023-09-12 09:45:00",17,"2023-09-11 23:15:00",0.262677772089591,4,10.5,0.275862068965517,0.0288200023061478,1.44601500249659,0.710374798831295,0.150126194976873,1,8727.03459136191,0.20867198279638,459.353178606503,0.109835864153118,14.5,59,900,-0.06632963978989,0.922107717077209,-0.0648333487441397,4,0.1,0.95,"2023-09-06 21:00:00",118.25,4.92708333333333,0.195970480319307,323.830247461289,8925.61358305099,FALSE,5,3,2,0.385513911000635,0.422180333699687,0.959364222263265,0.152756955500318,-0.247159947427833,44.1155337895461,31.3773106144161,24.4891610975961,-0.920043009574599,-0.971035851554919,0.536982398159639,1.67772665694039,0.67095101831149,0.0515043544142478
"Tuna",91,"Event_82.csv","2023-09-23 21:15:00","2023-09-24 14:30:00",26,"2023-09-24 03:30:00",0.380393288988432,6.25,11,0.36231884057971,0.0401081857807661,2.30293572511594,0.60612909873656,0.180507799179565,1,11951.1961889367,0.285764858546846,774.075695373541,0.185089114173977,17.25,70,900,0.0387603090205473,0.938718090348659,0.0407856126578309,2,0.1,0.9,"2023-09-12 09:45:00",275.5,11.4791666666667,0.262677772089591,459.353178606503,8727.03459136191,FALSE,4,1,0,0.385513911000635,0.422180333699687,0.959364222263265,0.152756955500318,-0.247159947427833,44.1155337895461,31.3773106144161,24.4891610975961,-0.920043009574599,-0.971035851554919,0.536982398159639,1.67772665694039,0.67095101831149,0.0515043544142478
"Tuna",92,"Event_83.csv","2023-09-25 20:45:00","2023-09-26 18:45:00",21,"2023-09-26 01:45:00",0.942607419698735,5,17,0.227272727272727,0.0554739299799272,2.381262677784,0.48499716914955,0.273199559115066,1,25571.4798976732,0.611439241751934,2252.95603597204,0.538703952938028,22,89,900,-0.081979402472801,0.991528630641661,-0.067367487035494,3,0.1,0.9,"2023-09-24 14:30:00",30.25,1.26041666666667,0.380393288988432,774.075695373541,11951.1961889367,FALSE,5,2,1,0.385513911000635,0.422180333699687,0.959364222263265,0.152756955500318,-0.247159947427833,44.1155337895461,31.3773106144161,24.4891610975961,-0.920043009574599,-0.971035851554919,0.536982398159639,1.67772665694039,0.67095101831149,0.0515043544142478
"Tuna",93,"Event_84.csv","2023-10-08 00:30:00","2023-10-08 11:45:00",14,"2023-10-08 03:45:00",0.151404672701028,3.25,8,0.288888888888889,0.00837618384479605,1.07495243204274,0.888257156200005,0.0245679127921915,3,5635.6113409383,0.134753011515202,139.48301554096,0.0333517612593859,11.25,46,900,-0.124777923936951,0.796813096236642,-0.113872961568648,3,0.1,0.95,"2023-09-26 18:45:00",269.75,11.2395833333333,0.942607419698735,2252.95603597204,25571.4798976732,FALSE,3,2,0,0.385513911000635,0.422180333699687,0.959364222263265,0.152756955500318,-0.247159947427833,44.1155337895461,31.3773106144161,24.4891610975961,-0.920043009574599,-0.971035851554919,0.536982398159639,1.67772665694039,0.67095101831149,0.0515043544142478
"Tuna",94,"Event_86.csv","2023-10-30 05:45:00","2023-11-01 15:15:00",112,"2023-10-31 09:30:00",0.171195869746952,27.75,29.75,0.482608695652174,0.00793316575999979,1.25094914970076,0.856008868494613,0.0401724478418064,13,28844.5210907879,0.689700876719842,849.636490228416,0.203156443596097,57.5,231,900,0.0668145039675092,0.967978829843127,0.054256852191343,2,0.2,0.95,"2023-10-08 11:45:00",522,21.75,0.151404672701028,139.48301554096,5635.6113409383,FALSE,1,0,0,0.385513911000635,0.422180333699687,0.959364222263265,0.152756955500318,-0.247159947427833,44.1155337895461,31.3773106144161,24.4891610975961,-0.920043009574599,-0.971035851554919,0.536982398159639,1.67772665694039,0.67095101831149,0.0515043544142478
"Tuna",95,"Event_87.csv","2023-11-03 09:30:00","2023-11-04 03:00:00",22,"2023-11-03 14:45:00",0.203093968223033,5.25,12.25,0.3,0.0164951567016168,1.41791059447642,0.797476410443816,0.053264624559728,2,9485.79341247494,0.226814652681362,338.838472855776,0.0810196123761187,17.5,71,900,0.231078586472967,0.920051146310695,0.162206974938701,1,0.15,0.9,"2023-11-01 15:15:00",42.25,1.76041666666667,0.171195869746952,849.636490228416,28844.5210907879,FALSE,2,1,1,0.385513911000635,0.422180333699687,0.959364222263265,0.152756955500318,-0.247159947427833,44.1155337895461,31.3773106144161,24.4891610975961,-0.920043009574599,-0.971035851554919,0.536982398159639,1.67772665694039,0.67095101831149,0.0515043544142478
"Tuna",96,"Event_88.csv","2023-11-06 18:00:00","2023-11-07 06:00:00",17,"2023-11-06 22:00:00",0.139771485357473,4,8,0.333333333333333,0.00787150000568228,1.10105674963741,0.88235529717964,0.00665010516019802,6,5634.94178306414,0.134737001727715,144.190245811375,0.0344773063270987,12,49,900,0.0633679074680937,1,0.0438320074231788,2,0.4,0.95,"2023-11-04 03:00:00",63,2.625,0.203093968223033,338.838472855776,9485.79341247494,FALSE,3,2,2,0.385513911000635,0.422180333699687,0.959364222263265,0.152756955500318,-0.247159947427833,44.1155337895461,31.3773106144161,24.4891610975961,-0.920043009574599,-0.971035851554919,0.536982398159639,1.67772665694039,0.67095101831149,0.0515043544142478
"Tuna",97,"Event_89.csv","2023-11-18 23:00:00","2023-11-20 14:30:00",82,"2023-11-19 19:15:00",0.311295310705266,20.25,19.25,0.512658227848101,0.0193729937949248,1.64997326752503,0.66385303374863,0.148687330179367,1,25226.8612313161,0.603199070401112,1177.56977272405,0.281568517671091,39.5,159,900,0.0751906328131354,0.757177947357956,0.0515053086323968,2,0.1,0.9,"2023-11-07 06:00:00",281,11.7083333333333,0.139771485357473,144.190245811375,5634.94178306414,FALSE,3,1,0,0.385513911000635,0.422180333699687,0.959364222263265,0.152756955500318,-0.247159947427833,44.1155337895461,31.3773106144161,24.4891610975961,-0.920043009574599,-0.971035851554919,0.536982398159639,1.67772665694039,0.67095101831149,0.0515043544142478
"Tuna",98,"Event_91.csv","2023-12-26 08:45:00","2023-12-27 12:00:00",18,"2023-12-26 13:00:00",0.14317683034718,4.25,23,0.155963302752294,0.0100609108431871,1.22549616380778,0.876768407929705,-0.00431430381891169,12,11818.5287118212,0.282592648649834,324.642982490661,0.0776253309736048,27.25,110,900,0.112224019083813,0.968346202216078,0.110150147124011,1,0.1,0.95,"2023-11-20 14:30:00",858.25,35.7604166666667,0.311295310705266,1177.56977272405,25226.8612313161,FALSE,0,0,0,0.385513911000635,0.422180333699687,0.959364222263265,0.152756955500318,-0.247159947427833,44.1155337895461,31.3773106144161,24.4891610975961,-0.920043009574599,-0.971035851554919,0.536982398159639,1.67772665694039,0.67095101831149,0.0515043544142478
"Tuna",99,"Event_92.csv","2023-12-30 01:15:00","2023-12-30 20:15:00",12,"2023-12-30 04:00:00",0.284694699060181,2.75,16.25,0.144736842105263,0.0288186994055035,1.59006953577155,0.755537850533935,0.13501659650623,1,10516.0454135012,0.251448991594936,459.568091995827,0.109887252058838,19,77,900,0.161329640688588,0.976221844807424,0.125401025603924,2,0.1,0.8,"2023-12-27 12:00:00",61.25,2.55208333333333,0.14317683034718,324.642982490661,11818.5287118212,FALSE,1,1,1,0.385513911000635,0.422180333699687,0.959364222263265,0.152756955500318,-0.247159947427833,44.1155337895461,31.3773106144161,24.4891610975961,-0.920043009574599,-0.971035851554919,0.536982398159639,1.67772665694039,0.67095101831149,0.0515043544142478
"Tuna",100,"Event_93.csv","2024-01-15 16:15:00","2024-01-16 17:15:00",6,"2024-01-15 17:30:00",0.17099886931606,1.25,23.75,0.05,0.0145383593043882,1.37320949264246,0.858364920350814,0.0450042577493778,2,11038.5394851424,0.263942338881153,302.462633792953,0.0723217913881802,25,101,900,0.312993515986052,0.977800129676759,0.234821758484348,1,0.1,0.8,"2023-12-30 20:15:00",380,15.8333333333333,0.284694699060181,459.568091995827,10516.0454135012,FALSE,2,0,0,0.385513911000635,0.422180333699687,0.959364222263265,0.152756955500318,-0.247159947427833,44.1155337895461,31.3773106144161,24.4891610975961,-0.920043009574599,-0.971035851554919,0.536982398159639,1.67772665694039,0.67095101831149,0.0515043544142478
"Tuna",101,"Event_94.csv","2024-01-28 17:30:00","2024-01-29 08:45:00",18,"2024-01-28 21:45:00",0.340184915484592,4.25,11,0.278688524590164,0.0455003276024253,1.78288692453883,0.574585273251365,0.22069223876278,1,10051.353526602,0.240337751412087,697.063146866057,0.166674656171066,15.25,62,900,0.110926148141274,1,0.100187901964843,2,0.1,0.999,"2024-01-16 17:15:00",288.25,12.0104166666667,0.17099886931606,302.462633792953,11038.5394851424,FALSE,2,1,0,0.385513911000635,0.422180333699687,0.959364222263265,0.152756955500318,-0.247159947427833,44.1155337895461,31.3773106144161,24.4891610975961,-0.920043009574599,-0.971035851554919,0.536982398159639,1.67772665694039,0.67095101831149,0.0515043544142478
"Tuna",102,"Event_95.csv","2024-02-22 12:15:00","2024-02-22 16:45:00",6,"2024-02-22 13:30:00",0.121272250709488,1.25,3.25,0.277777777777778,0.0197014182970528,1.1230998791985,0.884864315140038,0.0679249541849206,3,1798.03440022155,0.0429927714279608,41.6723836524846,0.00996427690709812,4.5,19,900,0.412404055044203,0.934179514702527,0.360544652336586,1,0.1,0.95,"2024-01-29 08:45:00",579.5,24.1458333333333,0.340184915484592,697.063146866057,10051.353526602,FALSE,1,0,0,0.385513911000635,0.422180333699687,0.959364222263265,0.152756955500318,-0.247159947427833,44.1155337895461,31.3773106144161,24.4891610975961,-0.920043009574599,-0.971035851554919,0.536982398159639,1.67772665694039,0.67095101831149,0.0515043544142478
"Tuna",103,"Event_96.csv","2024-02-26 08:00:00","2024-02-27 23:45:00",17,"2024-02-26 12:00:00",0.249676559573959,4,35.75,0.10062893081761,0.0176724221439706,1.62130534355989,0.775700136666745,0.144844081993895,1,19859.4552588129,0.474859113107487,830.063589385081,0.198476370444905,39.75,160,900,-0.0640409296088369,0.951973519101915,-0.0542910802848455,3,0.1,0.95,"2024-02-22 16:45:00",87.25,3.63541666666667,0.121272250709488,41.6723836524846,1798.03440022155,FALSE,2,1,1,0.385513911000635,0.422180333699687,0.959364222263265,0.152756955500318,-0.247159947427833,44.1155337895461,31.3773106144161,24.4891610975961,-0.920043009574599,-0.971035851554919,0.536982398159639,1.67772665694039,0.67095101831149,0.0515043544142478
"Tuna",104,"Event_98.csv","2024-03-23 12:45:00","2024-03-24 14:00:00",21,"2024-03-23 17:45:00",0.117729065705942,5,20.25,0.198019801980198,0.00715513986772064,1.12502056429033,0.924754573119732,0.0315398857836879,10,9655.73282376095,0.230878071192777,204.558783910929,0.04891201769655,25.25,102,900,-0.0732926979263264,0.502256007597062,-0.0440535892827506,3,0.2,0.95,"2024-02-27 23:45:00",589,24.5416666666667,0.249676559573959,830.063589385081,19859.4552588129,FALSE,2,0,0,0.385513911000635,0.422180333699687,0.959364222263265,0.152756955500318,-0.247159947427833,44.1155337895461,31.3773106144161,24.4891610975961,-0.920043009574599,-0.971035851554919,0.536982398159639,1.67772665694039,0.67095101831149,0.0515043544142478
"Tuna",105,"Event_99.csv","2024-04-12 13:00:00","2024-04-13 06:00:00",24,"2024-04-12 18:45:00",0.224320496347079,5.75,11.25,0.338235294117647,0.022058997943325,1.47576151011243,0.69046896601579,0.137708432707236,1,8938.0735542474,0.213718132020561,400.947610128974,0.0958705181321233,17,69,900,-0.0517528196319631,0.805398808943965,-0.0480438129371969,3,0.1,0.9,"2024-03-24 14:00:00",455,18.9583333333333,0.117729065705942,204.558783910929,9655.73282376095,FALSE,1,0,0,0.385513911000635,0.422180333699687,0.959364222263265,0.152756955500318,-0.247159947427833,44.1155337895461,31.3773106144161,24.4891610975961,-0.920043009574599,-0.971035851554919,0.536982398159639,1.67772665694039,0.67095101831149,0.0515043544142478
"Tuna",106,"Event_100.csv","2024-04-20 13:45:00","2024-04-21 09:45:00",44,"2024-04-21 00:30:00",0.178463561327631,10.75,9.25,0.5375,0.0133807676236359,1.29507472730521,0.800758123645964,0.100496846482681,2,9762.59469448745,0.233433243653294,317.974794729291,0.0760309016777694,20,81,900,-0.197791194639295,0.991479941343569,-0.18058404804219,4,0.1,0.95,"2024-04-13 06:00:00",175.75,7.32291666666667,0.224320496347079,400.947610128974,8938.0735542474,FALSE,2,1,0,0.385513911000635,0.422180333699687,0.959364222263265,0.152756955500318,-0.247159947427833,44.1155337895461,31.3773106144161,24.4891610975961,-0.920043009574599,-0.971035851554919,0.536982398159639,1.67772665694039,0.67095101831149,0.0515043544142478
"Tuna",107,"Event_101.csv","2024-05-15 08:30:00","2024-05-16 00:45:00",24,"2024-05-15 14:15:00",0.338108721249545,5.75,10.5,0.353846153846154,0.0461070770185933,1.3772212069202,0.509334138574054,0.239473519783899,2,11693.0952631027,0.27959341148868,845.393118109208,0.202141811575806,16.25,66,900,0.140939302142023,1,0.13351943399736,2,0.1,0.95,"2024-04-21 09:45:00",574.75,23.9479166666667,0.178463561327631,317.974794729291,9762.59469448745,FALSE,1,0,0,0.385513911000635,0.422180333699687,0.959364222263265,0.152756955500318,-0.247159947427833,44.1155337895461,31.3773106144161,24.4891610975961,-0.920043009574599,-0.971035851554919,0.536982398159639,1.67772665694039,0.67095101831149,0.0515043544142478
"Tuna",108,"Event_103.csv","2024-05-20 22:30:00","2024-05-21 11:30:00",20,"2024-05-21 03:15:00",0.688796587500927,4.75,8.25,0.365384615384615,0.0737232198423533,2.63372617029813,0.378634365885279,0.348600120412166,1,13292.9089142216,0.317846529794655,1213.13894757966,0.290073457311066,13,53,900,-0.0443400597172774,1,-0.0341394061263683,3,0.15,0.95,"2024-05-16 00:45:00",117.75,4.90625,0.338108721249545,845.393118109208,11693.0952631027,FALSE,2,1,1,0.385513911000635,0.422180333699687,0.959364222263265,0.152756955500318,-0.247159947427833,44.1155337895461,31.3773106144161,24.4891610975961,-0.920043009574599,-0.971035851554919,0.536982398159639,1.67772665694039,0.67095101831149,0.0515043544142478
"Tuna",109,"Event_104.csv","2024-06-09 18:15:00","2024-06-10 18:45:00",31,"2024-06-10 01:45:00",0.378198326508881,7.5,17,0.306122448979592,0.0404068896879717,1.71186139187595,0.508579099314533,0.156390055532556,2,18466.6910706501,0.441556751157484,1111.43206982078,0.265754342239628,24.5,99,900,0.182475915859489,0.941390849729055,0.14326867849289,1,0.15,0.95,"2024-05-21 11:30:00",462.75,19.28125,0.688796587500927,1213.13894757966,13292.9089142216,FALSE,2,0,0,0.385513911000635,0.422180333699687,0.959364222263265,0.152756955500318,-0.247159947427833,44.1155337895461,31.3773106144161,24.4891610975961,-0.920043009574599,-0.971035851554919,0.536982398159639,1.67772665694039,0.67095101831149,0.0515043544142478
"Tuna",110,"Event_106.csv","2024-06-14 12:00:00","2024-06-15 14:00:00",22,"2024-06-14 17:15:00",0.477953698311404,5.25,20.75,0.201923076923077,0.0382042786149919,1.93553861900489,0.579272200349128,0.270346841151894,1,19417.5481700435,0.464292679863763,1138.21816505488,0.272159161133557,26,105,900,-0.0730732880351029,0.916442336100556,-0.069363482477352,3,0.1,0.95,"2024-06-10 18:45:00",89.25,3.71875,0.378198326508881,1111.43206982078,18466.6910706501,FALSE,3,1,1,0.385513911000635,0.422180333699687,0.959364222263265,0.152756955500318,-0.247159947427833,44.1155337895461,31.3773106144161,24.4891610975961,-0.920043009574599,-0.971035851554919,0.536982398159639,1.67772665694039,0.67095101831149,0.0515043544142478
"Tuna",111,"Event_107.csv","2024-06-16 21:15:00","2024-06-17 18:00:00",16,"2024-06-17 01:00:00",0.237467029491307,3.75,17,0.180722891566265,0.0171828218866598,1.42581877328752,0.774003171649017,0.0437336156699696,1,12038.4780904922,0.287851854681575,399.838560745883,0.0956053335137216,20.75,84,900,0.00405083358103859,1,0.0062499661075048,2,0.1,0.95,"2024-06-15 14:00:00",31.25,1.30208333333333,0.477953698311404,1138.21816505488,19417.5481700435,FALSE,3,2,2,0.385513911000635,0.422180333699687,0.959364222263265,0.152756955500318,-0.247159947427833,44.1155337895461,31.3773106144161,24.4891610975961,-0.920043009574599,-0.971035851554919,0.536982398159639,1.67772665694039,0.67095101831149,0.0515043544142478
"Tuna",112,"Event_108.csv","2024-06-23 05:15:00","2024-06-23 20:30:00",28,"2024-06-23 12:00:00",0.336038846581055,6.75,8.5,0.442622950819672,0.0341978371320329,1.70432908715893,0.573675588018445,0.152733823283921,1,10984.7609715476,0.26265644171343,587.397801290741,0.140452593148762,15.25,62,900,0.10287408342003,0.908316194497301,0.0898150855651658,1,0.1,0.95,"2024-06-17 18:00:00",131.25,5.46875,0.237467029491307,399.838560745883,12038.4780904922,FALSE,3,3,1,0.385513911000635,0.422180333699687,0.959364222263265,0.152756955500318,-0.247159947427833,44.1155337895461,31.3773106144161,24.4891610975961,-0.920043009574599,-0.971035851554919,0.536982398159639,1.67772665694039,0.67095101831149,0.0515043544142478
"Tuna",113,"Event_109.csv","2024-07-01 19:00:00","2024-07-02 08:15:00",18,"2024-07-01 23:15:00",0.317694391151924,4.25,9,0.320754716981132,0.0452055833622921,2.05817297742931,0.61513428412154,0.195354746116241,1,8251.11129093207,0.197292188466472,440.698584323044,0.105375367134756,13.25,54,900,-0.039021771635899,0.930244706579469,-0.0337762436643566,3,0.1,0.95,"2024-06-23 20:30:00",190.5,7.9375,0.336038846581055,587.397801290741,10984.7609715476,FALSE,4,1,0,0.385513911000635,0.422180333699687,0.959364222263265,0.152756955500318,-0.247159947427833,44.1155337895461,31.3773106144161,24.4891610975961,-0.920043009574599,-0.971035851554919,0.536982398159639,1.67772665694039,0.67095101831149,0.0515043544142478
"Tuna",114,"Event_110.csv","2024-07-15 14:00:00","2024-07-16 14:15:00",41,"2024-07-16",1.10124708300296,10,14.25,0.412371134020619,0.069304877939202,3.77988523620369,0.371680001242085,0.36875994557133,1,25839.7211026904,0.617853152861447,2488.98845473771,0.59514162636814,24.25,98,900,0.0360216224914901,0.938711860316694,0.0360631039160098,2,0.1,0.95,"2024-07-02 08:15:00",317.75,13.2395833333333,0.317694391151924,440.698584323044,8251.11129093207,FALSE,4,1,0,0.385513911000635,0.422180333699687,0.959364222263265,0.152756955500318,-0.247159947427833,44.1155337895461,31.3773106144161,24.4891610975961,-0.920043009574599,-0.971035851554919,0.536982398159639,1.67772665694039,0.67095101831149,0.0515043544142478
"Tuna",115,"Event_111.csv","2024-07-19 11:30:00","2024-07-21 01:00:00",69,"2024-07-20 04:30:00",0.336452315939004,17,20.5,0.453333333333333,0.0224668556589161,1.96058273129402,0.670298681594955,0.142545729198565,1,24852.9385849932,0.594258212059849,1031.58140124411,0.246661261806552,37.5,151,900,0.0468400511209906,0.991710588821222,0.0384085836277621,2,0.15,0.9,"2024-07-16 14:15:00",69.25,2.88541666666667,1.10124708300296,2488.98845473771,25839.7211026904,FALSE,3,1,1,0.385513911000635,0.422180333699687,0.959364222263265,0.152756955500318,-0.247159947427833,44.1155337895461,31.3773106144161,24.4891610975961,-0.920043009574599,-0.971035851554919,0.536982398159639,1.67772665694039,0.67095101831149,0.0515043544142478
"Tuna",116,"Event_113.csv","2024-07-29 18:30:00","2024-07-31 03:00:00",33,"2024-07-30 02:30:00",0.199356967936636,8,24.5,0.246153846153846,0.0125359887981023,1.5364355345853,0.81113510723066,0.0721343923477092,2,15663.5111549275,0.374529961584793,431.434677467885,0.103160275866731,32.5,131,900,0.073053994888769,0.885732762119651,0.0599994839364988,2,0.15,0.95,"2024-07-21 01:00:00",209.5,8.72916666666667,0.336452315939004,1031.58140124411,24852.9385849932,FALSE,3,2,0,0.385513911000635,0.422180333699687,0.959364222263265,0.152756955500318,-0.247159947427833,44.1155337895461,31.3773106144161,24.4891610975961,-0.920043009574599,-0.971035851554919,0.536982398159639,1.67772665694039,0.67095101831149,0.0515043544142478
